Protocollo;Gruppo;DataOraIncidente;Localizzazione1;STRADA1;Localizzazione2;STRADA2;Strada02;Chilometrica;DaSpecificare;NaturaIncidente;particolaritastrade;TipoStrada;FondoStradale;Pavimentazione;Segnaletica;CondizioneAtmosferica;Traffico;Visibilita;Illuminazione;NUM_FERITI;NUM_RISERVATA;NUM_MORTI;NUM_ILLESI;Longitudine;Latitudine;Confermato;Progressivo;TipoVeicolo;StatoVeicolo;TipoPersona;Sesso;Tipolesione;Deceduto;DecedutoDopo;CinturaCascoUtilizzato;Airbag;
4207993;17;02/02/2019 04:00:00;Strada Urbana;LUNGOTEVERE TOR DI NONA;in corrispondenza;;del civico n.;5;;Veicolo in marcia contro veicoli in sosta;Rettilineo;Una carreggiata a senso unico di marcia;Bagnato (pioggia);Asfaltata;Verticale ed orizzontale;Pioggia in atto;Scarso;Sufficiente;Sufficiente;2;0;0;0;12.4704;41.9018;-1;1;Quadriciclo leggero;In marcia / fermata / arresto;Conducente;F;Rimandato;0;NON DECEDUTO;;
4207993;17;02/02/2019 04:00:00;Strada Urbana;LUNGOTEVERE TOR DI NONA;in corrispondenza;;del civico n.;5;;Veicolo in marcia contro veicoli in sosta;Rettilineo;Una carreggiata a senso unico di marcia;Bagnato (pioggia);Asfaltata;Verticale ed orizzontale;Pioggia in atto;Scarso;Sufficiente;Sufficiente;2;0;0;0;12.4704;41.9018;-1;1;Quadriciclo leggero;In marcia / fermata / arresto;Passeggero;M;Rimandato;0;NON DECEDUTO;;
4207993;17;02/02/2019 04:00:00;Strada Urbana;LUNGOTEVERE TOR DI NONA;in corrispondenza;;del civico n.;5;;Veicolo in marcia contro veicoli in sosta;Rettilineo;Una carreggiata a senso unico di marcia;Bagnato (pioggia);Asfaltata;Verticale ed orizzontale;Pioggia in atto;Scarso;Sufficiente;Sufficiente;2;0;0;0;12.4704;41.9018;-1;2;Autovettura privata;Sosta;;;;;;;
4207993;17;02/02/2019 04:00:00;Strada Urbana;LUNGOTEVERE TOR DI NONA;in corrispondenza;;del civico n.;5;;Veicolo in marcia contro veicoli in sosta;Rettilineo;Una carreggiata a senso unico di marcia;Bagnato (pioggia);Asfaltata;Verticale ed orizzontale;Pioggia in atto;Scarso;Sufficiente;Sufficiente;2;0;0;0;12.4704;41.9018;-1;3;Autovettura privata;Sosta;;;;;;;
4207997;4;02/02/2019 03:40:00;Strada Urbana;VIA S. GENNARO;in prossimità;;del civico n.;105;;Veicolo in marcia contro veicoli in sosta;Rettilineo;Una carreggiata a doppio senso;Bagnato (pioggia);Asfaltata;Assente;Pioggia in atto;Scarso;Sufficiente;Sufficiente;0;0;0;0;12.5153;41.9763;-1;1;Autovettura privata;Allontanatosi;;;;;;;
4207997;4;02/02/2019 03:40:00;Strada Urbana;VIA S. GENNARO;in prossimità;;del civico n.;105;;Veicolo in marcia contro veicoli in sosta;Rettilineo;Una carreggiata a doppio senso;Bagnato (pioggia);Asfaltata;Assente;Pioggia in atto;Scarso;Sufficiente;Sufficiente;0;0;0;0;12.5153;41.9763;-1;2;Autocarro inferiore 35 q.;Sosta;;;;;;;
4207997;4;02/02/2019 03:40:00;Strada Urbana;VIA S. GENNARO;in prossimità;;del civico n.;105;;Veicolo in marcia contro veicoli in sosta;Rettilineo;Una carreggiata a doppio senso;Bagnato (pioggia);Asfaltata;Assente;Pioggia in atto;Scarso;Sufficiente;Sufficiente;0;0;0;0;12.5153;41.9763;-1;3;Autovettura privata;Sosta;;;;;;;
4207997;4;02/02/2019 03:40:00;Strada Urbana;VIA S. GENNARO;in prossimità;;del civico n.;105;;Veicolo in marcia contro veicoli in sosta;Rettilineo;Una carreggiata a doppio senso;Bagnato (pioggia);Asfaltata;Assente;Pioggia in atto;Scarso;Sufficiente;Sufficiente;0;0;0;0;12.5153;41.9763;-1;4;Autovettura privata;Sosta;;;;;;;
4207997;4;02/02/2019 03:40:00;Strada Urbana;VIA S. GENNARO;in prossimità;;del civico n.;105;;Veicolo in marcia contro veicoli in sosta;Rettilineo;Una carreggiata a doppio senso;Bagnato (pioggia);Asfaltata;Assente;Pioggia in atto;Scarso;Sufficiente;Sufficiente;0;0;0;0;12.5153;41.9763;-1;5;Autovettura privata;Sosta;;;;;;;
4208074;1;02/02/2019 13:30:00;Strada Urbana;VIA CERNAIA;da specificare;;;;altezza parcometro B5;Veicolo in marcia contro ostacolo accidentale;Rettilineo;Una carreggiata a senso unico di marcia;Bagnato (pioggia);Asfaltata;Orizzontale;Pioggia in atto;Scarso;Buona;Ore Diurne;0;0;0;1;12.4986;41.9054;-1;1;Autovettura privata;In marcia / fermata / arresto;Conducente;F;Illeso;0;;Non accertato;Inesploso
4208085;1;02/02/2019 13:45:00;Strada Urbana;PIAZZA BORGHESE;all'intersezione con;LARGO DELLA FONTANELLA DI BORGHESE;LARGO DELLA FONTANELLA DI BORGHESE;;;Scontro frontale/laterale DX fra veicoli in marcia;Incrocio;Una carreggiata a doppio senso;Bagnato (pioggia);Acciotolata;Verticale;Pioggia in atto;Normale;Sufficiente;Ore Diurne;0;0;0;2;12.4758;41.9038;-1;1;Autovettura pubblica;In marcia / fermata / arresto;Conducente;M;Illeso;0;;Non accertato;Inesploso
4208085;1;02/02/2019 13:45:00;Strada Urbana;PIAZZA BORGHESE;all'intersezione con;LARGO DELLA FONTANELLA DI BORGHESE;LARGO DELLA FONTANELLA DI BORGHESE;;;Scontro frontale/laterale DX fra veicoli in marcia;Incrocio;Una carreggiata a doppio senso;Bagnato (pioggia);Acciotolata;Verticale;Pioggia in atto;Normale;Sufficiente;Ore Diurne;0;0;0;2;12.4758;41.9038;-1;2;Quadriciclo;In marcia / fermata / arresto;Conducente;F;Illeso;0;;Non accertato;Inesistente
4208096;1;02/02/2019 04:00:00;Strada Urbana;VIALE CARLO FELICE;in prossimità;;del civico n.;69;;Veicolo in marcia contro veicoli in sosta;Rettilineo;Più di due carreggiate;Bagnato (pioggia);Lastricata;Verticale ed orizzontale;Pioggia in atto;Scarso;Buona;Sufficiente;0;0;0;0;12.5118;41.8873;-1;1;Autovettura privata;Sosta;;;;;;;
4208096;1;02/02/2019 04:00:00;Strada Urbana;VIALE CARLO FELICE;in prossimità;;del civico n.;69;;Veicolo in marcia contro veicoli in sosta;Rettilineo;Più di due carreggiate;Bagnato (pioggia);Lastricata;Verticale ed orizzontale;Pioggia in atto;Scarso;Buona;Sufficiente;0;0;0;0;12.5118;41.8873;-1;2;Autovettura privata;Sosta;;;;;;;
4208096;1;02/02/2019 04:00:00;Strada Urbana;VIALE CARLO FELICE;in prossimità;;del civico n.;69;;Veicolo in marcia contro veicoli in sosta;Rettilineo;Più di due carreggiate;Bagnato (pioggia);Lastricata;Verticale ed orizzontale;Pioggia in atto;Scarso;Buona;Sufficiente;0;0;0;0;12.5118;41.8873;-1;3;Autovettura privata;Sosta;;;;;;;
4208096;1;02/02/2019 04:00:00;Strada Urbana;VIALE CARLO FELICE;in prossimità;;del civico n.;69;;Veicolo in marcia contro veicoli in sosta;Rettilineo;Più di due carreggiate;Bagnato (pioggia);Lastricata;Verticale ed orizzontale;Pioggia in atto;Scarso;Buona;Sufficiente;0;0;0;0;12.5118;41.8873;-1;4;Autovettura privata;Sosta;;;;;;;
4208096;1;02/02/2019 04:00:00;Strada Urbana;VIALE CARLO FELICE;in prossimità;;del civico n.;69;;Veicolo in marcia contro veicoli in sosta;Rettilineo;Più di due carreggiate;Bagnato (pioggia);Lastricata;Verticale ed orizzontale;Pioggia in atto;Scarso;Buona;Sufficiente;0;0;0;0;12.5118;41.8873;-1;5;Autovettura privata;Sosta;;;;;;;
4208096;1;02/02/2019 04:00:00;Strada Urbana;VIALE CARLO FELICE;in prossimità;;del civico n.;69;;Veicolo in marcia contro veicoli in sosta;Rettilineo;Più di due carreggiate;Bagnato (pioggia);Lastricata;Verticale ed orizzontale;Pioggia in atto;Scarso;Buona;Sufficiente;0;0;0;0;12.5118;41.8873;-1;6;Autovettura privata;Allontanatosi;;;;;;;
4208381;1;02/02/2019 20:25:00;Strada Urbana;VIA FLORIDA;in corrispondenza;;del civico n.;14;;Investimento di pedone;Rettilineo;Due carreggiate;Bagnato (pioggia);Asfaltata;Verticale ed orizzontale;Nuvoloso;Normale;Buona;Sufficiente;1;0;0;1;12.4773;41.8949;-1;;;;Pedone;M;Rimandato;0;NON DECEDUTO;;
4208381;1;02/02/2019 20:25:00;Strada Urbana;VIA FLORIDA;in corrispondenza;;del civico n.;14;;Investimento di pedone;Rettilineo;Due carreggiate;Bagnato (pioggia);Asfaltata;Verticale ed orizzontale;Nuvoloso;Normale;Buona;Sufficiente;1;0;0;1;12.4773;41.8949;-1;1;Vettura tranviaria;In marcia / fermata / arresto;Conducente;M;Illeso;0;;Esente;
4208615;12;02/02/2019 10:00:00;Strada Urbana;VIALE DELLA GRANDE MURAGLIA;all'intersezione con;VIA DEL PIANETA GIOVE;VIA DEL PIANETA GIOVE;;;Scontro laterale fra veicoli in marcia;Rotatoria;Una carreggiata a senso unico di marcia;Bagnato (pioggia);Asfaltata;Verticale ed orizzontale;Pioggia in atto;Normale;Buona;Ore Diurne;0;0;0;2;12.4463;41.8158;-1;1;Autobus urbano;In marcia / fermata / arresto;Conducente;M;Illeso;0;;Non accertato;Inesistente
4208615;12;02/02/2019 10:00:00;Strada Urbana;VIALE DELLA GRANDE MURAGLIA;all'intersezione con;VIA DEL PIANETA GIOVE;VIA DEL PIANETA GIOVE;;;Scontro laterale fra veicoli in marcia;Rotatoria;Una carreggiata a senso unico di marcia;Bagnato (pioggia);Asfaltata;Verticale ed orizzontale;Pioggia in atto;Normale;Buona;Ore Diurne;0;0;0;2;12.4463;41.8158;-1;2;Autovettura privata;In marcia / fermata / arresto;Conducente;M;Illeso;0;;Utilizzato;Inesploso
4208679;8;02/02/2019 06:00:00;Strada Urbana;VIA GASPARE DIZIANI;in prossimità;;del civico n.;19;;Veicolo in marcia contro veicolo in sosta;Rettilineo;Una carreggiata a doppio senso;Bagnato (pioggia);Asfaltata;Verticale;Pioggia in atto;Scarso;Buona;Sufficiente;0;0;0;1;12.6042;41.8635;-1;1;Autovettura privata;Sosta;;;;;;;
4208679;8;02/02/2019 06:00:00;Strada Urbana;VIA GASPARE DIZIANI;in prossimità;;del civico n.;19;;Veicolo in marcia contro veicolo in sosta;Rettilineo;Una carreggiata a doppio senso;Bagnato (pioggia);Asfaltata;Verticale;Pioggia in atto;Scarso;Buona;Sufficiente;0;0;0;1;12.6042;41.8635;-1;2;Autovettura privata;In marcia / fermata / arresto;Conducente;M;Illeso;0;;Non accertato;Inesploso
4208680;8;02/02/2019 09:50:00;Strada Urbana;VIA GESSOPALENA;in corrispondenza;;del civico n.;17;;Scontro frontale/laterale SX fra veicoli in marcia;Rettilineo;Una carreggiata a senso unico di marcia;Bagnato (pioggia);Asfaltata;Assente;Pioggia in atto;Scarso;Sufficiente;Ore Diurne;0;0;0;2;12.6878;41.8974;-1;1;Autovettura privata;In marcia / fermata / arresto;Conducente;M;Illeso;0;;Non accertato;Inesploso
4208680;8;02/02/2019 09:50:00;Strada Urbana;VIA GESSOPALENA;in corrispondenza;;del civico n.;17;;Scontro frontale/laterale SX fra veicoli in marcia;Rettilineo;Una carreggiata a senso unico di marcia;Bagnato (pioggia);Asfaltata;Assente;Pioggia in atto;Scarso;Sufficiente;Ore Diurne;0;0;0;2;12.6878;41.8974;-1;2;Autocarro inferiore 35 q.;In marcia / fermata / arresto;Conducente;M;Illeso;0;;Non accertato;Inesploso
4208681;8;02/02/2019 14:45:00;Strada Urbana;VIA BORGHESIANA;in prossimità;;del civico n.;142;;Tamponamento;Rettilineo;Una carreggiata a doppio senso;Bagnato (pioggia);Asfaltata;Assente;Pioggia in atto;Normale;Sufficiente;Ore Diurne;0;0;0;3;12.6688;41.8843;-1;1;Autovettura privata;In marcia / fermata / arresto;Conducente;F;Illeso;0;;;
4208681;8;02/02/2019 14:45:00;Strada Urbana;VIA BORGHESIANA;in prossimità;;del civico n.;142;;Tamponamento;Rettilineo;Una carreggiata a doppio senso;Bagnato (pioggia);Asfaltata;Assente;Pioggia in atto;Normale;Sufficiente;Ore Diurne;0;0;0;3;12.6688;41.8843;-1;1;Autovettura privata;In marcia / fermata / arresto;Passeggero;F;Illeso;0;;;
4208681;8;02/02/2019 14:45:00;Strada Urbana;VIA BORGHESIANA;in prossimità;;del civico n.;142;;Tamponamento;Rettilineo;Una carreggiata a doppio senso;Bagnato (pioggia);Asfaltata;Assente;Pioggia in atto;Normale;Sufficiente;Ore Diurne;0;0;0;3;12.6688;41.8843;-1;2;Autovettura privata;In marcia / fermata / arresto;Conducente;M;Illeso;0;;;
4208682;8;02/02/2019 17:20:00;Strada Urbana;VIA DELLA LITE;in prossimità;;del civico n.;180;;Veicolo in marcia contro veicolo in sosta;Rettilineo;Una carreggiata a doppio senso;Bagnato (pioggia);Asfaltata;Verticale ed orizzontale;Pioggia in atto;Normale;Buona;Sufficiente;0;0;0;0;12.7114;41.8581;-1;1;Autovettura privata;Sosta;;;;;;;
4208682;8;02/02/2019 17:20:00;Strada Urbana;VIA DELLA LITE;in prossimità;;del civico n.;180;;Veicolo in marcia contro veicolo in sosta;Rettilineo;Una carreggiata a doppio senso;Bagnato (pioggia);Asfaltata;Verticale ed orizzontale;Pioggia in atto;Normale;Buona;Sufficiente;0;0;0;0;12.7114;41.8581;-1;2;Autovettura privata;In marcia / fermata / arresto;;;;;;;
4208684;8;02/02/2019 18:25:00;Strada Urbana;VIA DI PASSOLOMBARDO;da specificare;;;;direz Tuscolana, prima del ponte A1;Veicolo in marcia contro ostacolo accidentale;Curva senza visuale libera;Una carreggiata a doppio senso;Bagnato (pioggia);Con buche;Assente;Pioggia in atto;Normale;Insufficiente;Inesistente;0;0;0;3;12.635;41.8359;-1;1;Autovettura privata;In marcia / fermata / arresto;Conducente;M;Illeso;0;;;
4208684;8;02/02/2019 18:25:00;Strada Urbana;VIA DI PASSOLOMBARDO;da specificare;;;;direz Tuscolana, prima del ponte A1;Veicolo in marcia contro ostacolo accidentale;Curva senza visuale libera;Una carreggiata a doppio senso;Bagnato (pioggia);Con buche;Assente;Pioggia in atto;Normale;Insufficiente;Inesistente;0;0;0;3;12.635;41.8359;-1;1;Autovettura privata;In marcia / fermata / arresto;Passeggero;F;Illeso;0;;;
4208684;8;02/02/2019 18:25:00;Strada Urbana;VIA DI PASSOLOMBARDO;da specificare;;;;direz Tuscolana, prima del ponte A1;Veicolo in marcia contro ostacolo accidentale;Curva senza visuale libera;Una carreggiata a doppio senso;Bagnato (pioggia);Con buche;Assente;Pioggia in atto;Normale;Insufficiente;Inesistente;0;0;0;3;12.635;41.8359;-1;1;Autovettura privata;In marcia / fermata / arresto;Passeggero;M;Illeso;0;;;
4208686;8;02/02/2019 18:30:00;;VIA PRENESTINA;in prossimità;;del civico n.;1112;;Veicolo in marcia contro ostacolo accidentale;;;;;;;;;;0;0;0;2;;;0;1;Autovettura privata;In marcia / fermata / arresto;Conducente;M;Illeso;0;;;
4208686;8;02/02/2019 18:30:00;;VIA PRENESTINA;in prossimità;;del civico n.;1112;;Veicolo in marcia contro ostacolo accidentale;;;;;;;;;;0;0;0;2;;;0;1;Autovettura privata;In marcia / fermata / arresto;Passeggero;F;Illeso;0;;;
4208688;8;02/02/2019 20:00:00;;VIA DI TOR BELLA MONACA;da specificare;;;;direz GRA, 100 m dopo via di Torrenova;Veicolo in marcia contro ostacolo accidentale;;;;;;;;;;0;0;0;1;;;0;1;Autovettura privata;In marcia / fermata / arresto;Conducente;F;Illeso;0;;;
4208690;8;02/02/2019 22:00:00;Provinciale;VIA NOMENTANA;da specificare;;;;corrispondenza Via Prato Lauro;Scontro frontale fra veicoli in marcia;Rettilineo;Una carreggiata a doppio senso;Bagnato (pioggia);Asfaltata;Verticale ed orizzontale;Pioggia in atto;Normale;Sufficiente;Sufficiente;4;0;0;0;12.6036;41.9684;-1;1;Autovettura privata;In marcia / fermata / arresto;Conducente;M;Rimandato;0;NON DECEDUTO;;
4208690;8;02/02/2019 22:00:00;Provinciale;VIA NOMENTANA;da specificare;;;;corrispondenza Via Prato Lauro;Scontro frontale fra veicoli in marcia;Rettilineo;Una carreggiata a doppio senso;Bagnato (pioggia);Asfaltata;Verticale ed orizzontale;Pioggia in atto;Normale;Sufficiente;Sufficiente;4;0;0;0;12.6036;41.9684;-1;2;Autovettura privata;In marcia / fermata / arresto;Conducente;M;Rimandato;0;NON DECEDUTO;;
4208690;8;02/02/2019 22:00:00;Provinciale;VIA NOMENTANA;da specificare;;;;corrispondenza Via Prato Lauro;Scontro frontale fra veicoli in marcia;Rettilineo;Una carreggiata a doppio senso;Bagnato (pioggia);Asfaltata;Verticale ed orizzontale;Pioggia in atto;Normale;Sufficiente;Sufficiente;4;0;0;0;12.6036;41.9684;-1;2;Autovettura privata;In marcia / fermata / arresto;Passeggero;F;Rimandato;0;NON DECEDUTO;;
4208690;8;02/02/2019 22:00:00;Provinciale;VIA NOMENTANA;da specificare;;;;corrispondenza Via Prato Lauro;Scontro frontale fra veicoli in marcia;Rettilineo;Una carreggiata a doppio senso;Bagnato (pioggia);Asfaltata;Verticale ed orizzontale;Pioggia in atto;Normale;Sufficiente;Sufficiente;4;0;0;0;12.6036;41.9684;-1;2;Autovettura privata;In marcia / fermata / arresto;Passeggero;F;Rimandato;0;NON DECEDUTO;;
4208694;13;01/02/2019 10:40:00;Strada Urbana;VIA SENOFANE;all'intersezione semaforizzata con;VIA PINDARO;VIA PINDARO;;;Investimento di pedone;Intersezione semaforizzata;Una carreggiata a doppio senso;Bagnato (pioggia);Asfaltata;Verticale ed orizzontale;Nuvoloso;Normale;Buona;Ore Diurne;1;0;0;1;12.3669;41.7569;-1;;;;Pedone;F;Rimandato;0;NON DECEDUTO;;
4208694;13;01/02/2019 10:40:00;Strada Urbana;VIA SENOFANE;all'intersezione semaforizzata con;VIA PINDARO;VIA PINDARO;;;Investimento di pedone;Intersezione semaforizzata;Una carreggiata a doppio senso;Bagnato (pioggia);Asfaltata;Verticale ed orizzontale;Nuvoloso;Normale;Buona;Ore Diurne;1;0;0;1;12.3669;41.7569;-1;1;Autovettura privata;In marcia / fermata / arresto;Conducente;F;Illeso;0;;Non accertato;Inesploso
4208712;10;01/02/2019 19:00:00;Strada Urbana;VIA APPIA NUOVA;in corrispondenza;;del civico n.;1580;;Tamponamento Multiplo;Rettilineo;Due carreggiate;Asciutto;Asfaltata;Verticale ed orizzontale;Sereno;Normale;Sufficiente;Sufficiente;0;0;0;3;12.5928;41.7916;-1;1;Autocarro inferiore 35 q.;In marcia / fermata / arresto;Conducente;M;Illeso;0;;Non accertato;Inesploso
4208712;10;01/02/2019 19:00:00;Strada Urbana;VIA APPIA NUOVA;in corrispondenza;;del civico n.;1580;;Tamponamento Multiplo;Rettilineo;Due carreggiate;Asciutto;Asfaltata;Verticale ed orizzontale;Sereno;Normale;Sufficiente;Sufficiente;0;0;0;3;12.5928;41.7916;-1;2;Autovettura privata;In marcia / fermata / arresto;Conducente;F;Illeso;0;;Non accertato;Inesploso
4208712;10;01/02/2019 19:00:00;Strada Urbana;VIA APPIA NUOVA;in corrispondenza;;del civico n.;1580;;Tamponamento Multiplo;Rettilineo;Due carreggiate;Asciutto;Asfaltata;Verticale ed orizzontale;Sereno;Normale;Sufficiente;Sufficiente;0;0;0;3;12.5928;41.7916;-1;3;Autovettura privata;In marcia / fermata / arresto;Conducente;F;Illeso;0;;Non accertato;Inesploso
4208718;8;01/02/2019 14:20:00;Strada Urbana;VIA PRENESTINA;all'intersezione con;VIA PEDICA DI TOR ANGELA;VIA PEDICA DI TOR ANGELA;;;Scontro frontale/laterale SX fra veicoli in marcia;Incrocio;Una carreggiata a doppio senso;Bagnato (pioggia);Asfaltata;Verticale ed orizzontale;Nuvoloso;Normale;Buona;Ore Diurne;0;0;0;3;12.6289;41.8925;-1;1;Autovettura privata;In marcia / fermata / arresto;Conducente;F;Illeso;0;;;
4208718;8;01/02/2019 14:20:00;Strada Urbana;VIA PRENESTINA;all'intersezione con;VIA PEDICA DI TOR ANGELA;VIA PEDICA DI TOR ANGELA;;;Scontro frontale/laterale SX fra veicoli in marcia;Incrocio;Una carreggiata a doppio senso;Bagnato (pioggia);Asfaltata;Verticale ed orizzontale;Nuvoloso;Normale;Buona;Ore Diurne;0;0;0;3;12.6289;41.8925;-1;2;Autocarro superiore 35 q.;In marcia / fermata / arresto;Conducente;M;Illeso;0;;;
4208718;8;01/02/2019 14:20:00;Strada Urbana;VIA PRENESTINA;all'intersezione con;VIA PEDICA DI TOR ANGELA;VIA PEDICA DI TOR ANGELA;;;Scontro frontale/laterale SX fra veicoli in marcia;Incrocio;Una carreggiata a doppio senso;Bagnato (pioggia);Asfaltata;Verticale ed orizzontale;Nuvoloso;Normale;Buona;Ore Diurne;0;0;0;3;12.6289;41.8925;-1;2;Autocarro superiore 35 q.;In marcia / fermata / arresto;Passeggero;M;Illeso;0;;;
4208720;13;02/02/2019 08:50:00;Comunale extraurbana;VIALE DEI ROMAGNOLI;da specificare;;;;altezza scavi archeologici di Ostia Antica;Veicolo in marcia contro ostacolo fisso;Curva senza visuale libera;Una carreggiata a senso unico di marcia;Bagnato (pioggia);Asfaltata;Orizzontale;Pioggia in atto;Normale;Buona;Ore Diurne;1;0;0;0;12.2895;41.7482;-1;1;Autovettura privata;In marcia / fermata / arresto;Conducente;M;Rimandato;0;NON DECEDUTO;Non accertato;Inesploso
4208726;8;02/02/2019 11:25:00;Statale;VIA CASILINA;all'intersezione con;VIA BORGHESIANA;VIA BORGHESIANA;;;Scontro frontale/laterale SX fra veicoli in marcia;Incrocio;Una carreggiata a doppio senso;Bagnato (pioggia);Asfaltata;Verticale ed orizzontale;Pioggia in atto;Normale;Buona;Ore Diurne;0;0;0;2;12.6199;41.8628;-1;1;Autovettura privata;In marcia / fermata / arresto;Conducente;M;Illeso;0;;Non accertato;Inesploso
4208726;8;02/02/2019 11:25:00;Statale;VIA CASILINA;all'intersezione con;VIA BORGHESIANA;VIA BORGHESIANA;;;Scontro frontale/laterale SX fra veicoli in marcia;Incrocio;Una carreggiata a doppio senso;Bagnato (pioggia);Asfaltata;Verticale ed orizzontale;Pioggia in atto;Normale;Buona;Ore Diurne;0;0;0;2;12.6199;41.8628;-1;2;Autovettura privata;In marcia / fermata / arresto;Conducente;M;Illeso;0;;Non accertato;Inesploso
4208728;10;02/02/2019 04:10:00;Strada Urbana;VIA TUSCOLANA;all'intersezione semaforizzata con;VIA DI TORRE SPACCATA;VIA DI TORRE SPACCATA;;;Scontro frontale/laterale DX fra veicoli in marcia;Incrocio;Due carreggiate;Bagnato (pioggia);Asfaltata;Verticale ed orizzontale;Pioggia in atto;Normale;Sufficiente;Sufficiente;1;0;0;3;12.5757;41.8486;-1;1;Autovettura privata;In marcia / fermata / arresto;Conducente;M;Rimandato;0;NON DECEDUTO;Non accertato;Inesploso
4208728;10;02/02/2019 04:10:00;Strada Urbana;VIA TUSCOLANA;all'intersezione semaforizzata con;VIA DI TORRE SPACCATA;VIA DI TORRE SPACCATA;;;Scontro frontale/laterale DX fra veicoli in marcia;Incrocio;Due carreggiate;Bagnato (pioggia);Asfaltata;Verticale ed orizzontale;Pioggia in atto;Normale;Sufficiente;Sufficiente;1;0;0;3;12.5757;41.8486;-1;2;Autovettura privata;In marcia / fermata / arresto;Conducente;M;Illeso;0;;Non accertato;Esploso
4208728;10;02/02/2019 04:10:00;Strada Urbana;VIA TUSCOLANA;all'intersezione semaforizzata con;VIA DI TORRE SPACCATA;VIA DI TORRE SPACCATA;;;Scontro frontale/laterale DX fra veicoli in marcia;Incrocio;Due carreggiate;Bagnato (pioggia);Asfaltata;Verticale ed orizzontale;Pioggia in atto;Normale;Sufficiente;Sufficiente;1;0;0;3;12.5757;41.8486;-1;2;Autovettura privata;In marcia / fermata / arresto;Passeggero;M;Illeso;0;;Non accertato;Esploso
4208728;10;02/02/2019 04:10:00;Strada Urbana;VIA TUSCOLANA;all'intersezione semaforizzata con;VIA DI TORRE SPACCATA;VIA DI TORRE SPACCATA;;;Scontro frontale/laterale DX fra veicoli in marcia;Incrocio;Due carreggiate;Bagnato (pioggia);Asfaltata;Verticale ed orizzontale;Pioggia in atto;Normale;Sufficiente;Sufficiente;1;0;0;3;12.5757;41.8486;-1;2;Autovettura privata;In marcia / fermata / arresto;Passeggero;F;Illeso;0;;Non accertato;Esploso
4208739;23;02/02/2019 17:10:00;Strada Urbana;VIA CRISTOFORO COLOMBO;in corrispondenza;;della chilometrica;20.9;;Veicolo in marcia contro ostacolo accidentale;Rettilineo;Più di due carreggiate;Bagnato (pioggia);Asfaltata;Verticale ed orizzontale;Pioggia in atto;Intenso;Sufficiente;Sufficiente;0;0;0;1;12.3855;41.7666;-1;1;Autovettura privata;In marcia / fermata / arresto;Conducente;M;Illeso;0;;Non accertato;Inesploso
4208745;10;02/02/2019 11:45:00;Strada Urbana;VIA TUSCOLANA;in prossimità;;del civico n.;1276;;Tamponamento Multiplo;Rettilineo;Due carreggiate;Bagnato (pioggia);Asfaltata;Verticale ed orizzontale;Pioggia in atto;Intenso;Buona;Ore Diurne;0;0;0;4;12.5631;41.8562;-1;1;Autovettura privata;In marcia / fermata / arresto;Conducente;M;Illeso;0;;Non accertato;
4208745;10;02/02/2019 11:45:00;Strada Urbana;VIA TUSCOLANA;in prossimità;;del civico n.;1276;;Tamponamento Multiplo;Rettilineo;Due carreggiate;Bagnato (pioggia);Asfaltata;Verticale ed orizzontale;Pioggia in atto;Intenso;Buona;Ore Diurne;0;0;0;4;12.5631;41.8562;-1;2;Autovettura privata;In marcia / fermata / arresto;Conducente;M;Illeso;0;;Non accertato;
4208745;10;02/02/2019 11:45:00;Strada Urbana;VIA TUSCOLANA;in prossimità;;del civico n.;1276;;Tamponamento Multiplo;Rettilineo;Due carreggiate;Bagnato (pioggia);Asfaltata;Verticale ed orizzontale;Pioggia in atto;Intenso;Buona;Ore Diurne;0;0;0;4;12.5631;41.8562;-1;2;Autovettura privata;In marcia / fermata / arresto;Passeggero;F;Illeso;0;;;Inesploso
4208745;10;02/02/2019 11:45:00;Strada Urbana;VIA TUSCOLANA;in prossimità;;del civico n.;1276;;Tamponamento Multiplo;Rettilineo;Due carreggiate;Bagnato (pioggia);Asfaltata;Verticale ed orizzontale;Pioggia in atto;Intenso;Buona;Ore Diurne;0;0;0;4;12.5631;41.8562;-1;3;Autovettura privata;In marcia / fermata / arresto;Conducente;M;Illeso;0;;;
4208758;10;02/02/2019 12:15:00;Strada Urbana;VIA CAMPO TENESE;da specificare;;;;f.c. 10;Scontro laterale fra veicoli in marcia;Rettilineo;Una carreggiata a doppio senso;Bagnato (pioggia);Asfaltata;Verticale ed orizzontale;Pioggia in atto;Scarso;Buona;Ore Diurne;0;0;0;1;12.6196;41.8154;-1;1;Autovettura privata;In marcia / fermata / arresto;Conducente;M;Illeso;0;;Non accertato;Inesploso
4208758;10;02/02/2019 12:15:00;Strada Urbana;VIA CAMPO TENESE;da specificare;;;;f.c. 10;Scontro laterale fra veicoli in marcia;Rettilineo;Una carreggiata a doppio senso;Bagnato (pioggia);Asfaltata;Verticale ed orizzontale;Pioggia in atto;Scarso;Buona;Ore Diurne;0;0;0;1;12.6196;41.8154;-1;2;Autovettura privata;Allontanatosi;;;;;;;
4208764;23;02/02/2019 16:10:00;Strada Urbana;VIA CRISTOFORO COLOMBO;in corrispondenza;;della chilometrica;21.13;;Scontro laterale fra veicoli in marcia;Rettilineo;Più di due carreggiate;Bagnato (pioggia);Asfaltata;Verticale ed orizzontale;Pioggia in atto;Scarso;Buona;Ore Diurne;0;0;0;3;12.4069;41.7834;-1;1;Autovettura privata;In marcia / fermata / arresto;Conducente;M;Illeso;0;;Non accertato;Inesploso