Protocollo;Gruppo;DataOraIncidente;Localizzazione1;STRADA1;Localizzazione2;STRADA2;Strada02;Chilometrica;DaSpecificare;NaturaIncidente;particolaritastrade;TipoStrada;FondoStradale;Pavimentazione;Segnaletica;CondizioneAtmosferica;Traffico;Visibilita;Illuminazione;NUM_FERITI;NUM_RISERVATA;NUM_MORTI;NUM_ILLESI;Longitudine;Latitudine;Confermato;Progressivo;TipoVeicolo;StatoVeicolo;TipoPersona;Sesso;Tipolesione;Deceduto;DecedutoDopo;CinturaCascoUtilizzato;Airbag;
4209694;10;03/02/2019 12:00:00;Strada Urbana;VIA QUINTO PUBLICIO;in prossimità;;del palo luce n.;17;;Veicolo in marcia contro ostacolo accidentale;Rettilineo;Due carreggiate;Bagnato (umidità in atto);Asfaltata;Orizzontale;Nuvoloso;Scarso;Buona;Ore Diurne;0;0;0;1;12.5745;41.856;-1;1;Autovettura privata;In marcia / fermata / arresto;Conducente;M;Illeso;0;;;
4209699;10;03/02/2019 14:20:00;Strada Urbana;VIA DI PASSOLOMBARDO;in prossimità;;del civico n.;105;;Veicolo in marcia contro ostacolo accidentale;Rettilineo;Una carreggiata a doppio senso;Bagnato (umidità in atto);Asfaltata;Verticale ed orizzontale;Nuvoloso;Normale;Buona;Ore Diurne;0;0;0;1;12.6388;41.8271;-1;1;Motociclo a solo;In marcia / fermata / arresto;Conducente;M;Illeso;0;;Non accertato;
4209704;10;03/02/2019 21:50:00;Strada Urbana;VIA TUSCOLANA;da specificare;;;;direz. Roma centro alt. ponte GRA;Veicolo in marcia contro ostacolo accidentale;Curva a visuale libera;Una carreggiata a senso unico di marcia;Asciutto;Asfaltata;Orizzontale;Sereno;Normale;Buona;Insufficiente;0;0;0;2;12.592;41.8397;-1;1;Autovettura privata;In marcia / fermata / arresto;Conducente;M;Illeso;0;;Non accertato;Inesploso
4209704;10;03/02/2019 21:50:00;Strada Urbana;VIA TUSCOLANA;da specificare;;;;direz. Roma centro alt. ponte GRA;Veicolo in marcia contro ostacolo accidentale;Curva a visuale libera;Una carreggiata a senso unico di marcia;Asciutto;Asfaltata;Orizzontale;Sereno;Normale;Buona;Insufficiente;0;0;0;2;12.592;41.8397;-1;1;Autovettura privata;In marcia / fermata / arresto;Passeggero;M;Illeso;0;;Non accertato;Inesploso
4209708;7;02/02/2019 19:40:00;Strada Urbana;VIALE PALMIRO TOGLIATTI;da specificare;;;;istituto giorgi;Veicolo in marcia contro veicolo in sosta;Rettilineo;Una carreggiata a doppio senso;Bagnato (pioggia);Asfaltata;Orizzontale;Pioggia in atto;Normale;Buona;Sufficiente;0;0;0;1;12.5743;41.8997;-1;1;Autovettura privata;Sosta;;;;;;;
4209708;7;02/02/2019 19:40:00;Strada Urbana;VIALE PALMIRO TOGLIATTI;da specificare;;;;istituto giorgi;Veicolo in marcia contro veicolo in sosta;Rettilineo;Una carreggiata a doppio senso;Bagnato (pioggia);Asfaltata;Orizzontale;Pioggia in atto;Normale;Buona;Sufficiente;0;0;0;1;12.5743;41.8997;-1;2;Autovettura privata;Sosta;;;;;;;
4209708;7;02/02/2019 19:40:00;Strada Urbana;VIALE PALMIRO TOGLIATTI;da specificare;;;;istituto giorgi;Veicolo in marcia contro veicolo in sosta;Rettilineo;Una carreggiata a doppio senso;Bagnato (pioggia);Asfaltata;Orizzontale;Pioggia in atto;Normale;Buona;Sufficiente;0;0;0;1;12.5743;41.8997;-1;3;Autovettura privata;In marcia / fermata / arresto;Conducente;F;Illeso;0;;Non accertato;Inesploso
4209720;10;04/02/2019 01:05:00;Strada Urbana;VIA TUSCOLANA;all'intersezione semaforizzata con;PIAZZA DI CINECITTA';PIAZZA DI CINECITTA';;;Scontro frontale/laterale DX fra veicoli in marcia;Intersezione semaforizzata;Due carreggiate;Bagnato (umidità in atto);Asfaltata;Verticale ed orizzontale;Nuvoloso;Scarso;Sufficiente;Sufficiente;1;1;0;1;12.5677;41.8538;-1;1;Autovettura privata;In marcia / fermata / arresto;Conducente;M;Illeso;0;;Non accertato;Esploso
4209720;10;04/02/2019 01:05:00;Strada Urbana;VIA TUSCOLANA;all'intersezione semaforizzata con;PIAZZA DI CINECITTA';PIAZZA DI CINECITTA';;;Scontro frontale/laterale DX fra veicoli in marcia;Intersezione semaforizzata;Due carreggiate;Bagnato (umidità in atto);Asfaltata;Verticale ed orizzontale;Nuvoloso;Scarso;Sufficiente;Sufficiente;1;1;0;1;12.5677;41.8538;-1;2;Autovettura privata;In marcia / fermata / arresto;Conducente;M;Prognosi riservata;0;NON DECEDUTO;Non accertato;Esploso
4209720;10;04/02/2019 01:05:00;Strada Urbana;VIA TUSCOLANA;all'intersezione semaforizzata con;PIAZZA DI CINECITTA';PIAZZA DI CINECITTA';;;Scontro frontale/laterale DX fra veicoli in marcia;Intersezione semaforizzata;Due carreggiate;Bagnato (umidità in atto);Asfaltata;Verticale ed orizzontale;Nuvoloso;Scarso;Sufficiente;Sufficiente;1;1;0;1;12.5677;41.8538;-1;2;Autovettura privata;In marcia / fermata / arresto;Passeggero;F;Ricoverato;0;NON DECEDUTO;Non accertato;Esploso
4209729;9;02/02/2019 06:10:00;Strada Urbana;VIA ETRURIA;in corrispondenza;;del civico n.;12;;Veicolo in marcia contro ostacolo accidentale;Rettilineo;Una carreggiata a doppio senso;Bagnato (pioggia);Asfaltata;Verticale ed orizzontale;Pioggia in atto;Scarso;Buona;Ore Diurne;0;0;0;1;12.5137;41.8789;-1;1;Autovettura privata;In marcia / fermata / arresto;Conducente;M;Illeso;0;;Non accertato;Inesploso
4209730;9;02/02/2019 17:40:00;Strada Urbana;PIAZZA CAMERINO;in corrispondenza;;del civico n.;13;;Investimento di pedone;Rettilineo;Una carreggiata a doppio senso;Bagnato (pioggia);Asfaltata;Orizzontale;Pioggia in atto;Normale;Sufficiente;Sufficiente;1;0;0;1;12.5192;41.8872;-1;;;;Pedone;M;Ricoverato;0;NON DECEDUTO;;
4209730;9;02/02/2019 17:40:00;Strada Urbana;PIAZZA CAMERINO;in corrispondenza;;del civico n.;13;;Investimento di pedone;Rettilineo;Una carreggiata a doppio senso;Bagnato (pioggia);Asfaltata;Orizzontale;Pioggia in atto;Normale;Sufficiente;Sufficiente;1;0;0;1;12.5192;41.8872;-1;1;Autovettura privata;In marcia / fermata / arresto;Conducente;M;Illeso;0;;;
4209736;19;02/02/2019 17:45:00;Strada Urbana;VIA DI SELVA NERA;in prossimità;;del civico n.;65;;Veicolo in marcia contro ostacolo fisso;Rettilineo;Una carreggiata a doppio senso;Bagnato (pioggia);Asfaltata;Assente;Pioggia in atto;Scarso;Sufficiente;Sufficiente;0;0;0;1;12.3617;41.9311;-1;1;Autovettura privata;In marcia / fermata / arresto;Conducente;M;Illeso;0;;Non accertato;Inesploso
4209737;7;01/02/2019 18:20:00;Strada Urbana;VIA TOR DE' SCHIAVI;all'intersezione con;VIA DEI GLICINI;VIA DEI GLICINI;;;Investimento di pedone;Incrocio;Una carreggiata a doppio senso;Asciutto;Asfaltata;Verticale ed orizzontale;Sereno;Normale;Sufficiente;Sufficiente;1;0;0;2;12.5628;41.8849;-1;;;;Pedone;M;Rimandato;0;NON DECEDUTO;;
4209737;7;01/02/2019 18:20:00;Strada Urbana;VIA TOR DE' SCHIAVI;all'intersezione con;VIA DEI GLICINI;VIA DEI GLICINI;;;Investimento di pedone;Incrocio;Una carreggiata a doppio senso;Asciutto;Asfaltata;Verticale ed orizzontale;Sereno;Normale;Sufficiente;Sufficiente;1;0;0;2;12.5628;41.8849;-1;1;Autovettura privata;In marcia / fermata / arresto;Conducente;M;Illeso;0;;Non utilizzato;Inesploso
4209737;7;01/02/2019 18:20:00;Strada Urbana;VIA TOR DE' SCHIAVI;all'intersezione con;VIA DEI GLICINI;VIA DEI GLICINI;;;Investimento di pedone;Incrocio;Una carreggiata a doppio senso;Asciutto;Asfaltata;Verticale ed orizzontale;Sereno;Normale;Sufficiente;Sufficiente;1;0;0;2;12.5628;41.8849;-1;1;Autovettura privata;In marcia / fermata / arresto;Passeggero;F;Illeso;0;;Non accertato;Inesploso
4209740;10;04/02/2019 06:30:00;Strada Urbana;VIA TUSCOLANA;in prossimità;;del civico n.;681;;Investimento di pedone;Rettilineo;Due carreggiate;Asciutto;Asfaltata;Verticale ed orizzontale;Sereno;Normale;Sufficiente;Sufficiente;1;0;0;1;12.5525;41.8623;-1;;;;Pedone;F;Rimandato;0;NON DECEDUTO;;
4209740;10;04/02/2019 06:30:00;Strada Urbana;VIA TUSCOLANA;in prossimità;;del civico n.;681;;Investimento di pedone;Rettilineo;Due carreggiate;Asciutto;Asfaltata;Verticale ed orizzontale;Sereno;Normale;Sufficiente;Sufficiente;1;0;0;1;12.5525;41.8623;-1;1;Autocarro inferiore 35 q.;In marcia / fermata / arresto;Conducente;M;Illeso;0;;Non accertato;Inesploso
4209750;19;02/02/2019 20:15:00;Strada Urbana;VIA TRIONFALE;all'intersezione con;VIA MACCHIA DELL'INSUGHERATA;VIA MACCHIA DELL'INSUGHERATA;;;Investimento di pedone;Incrocio;Una carreggiata a doppio senso;Bagnato (pioggia);Asfaltata;Verticale ed orizzontale;Pioggia in atto;Intenso;Buona;Sufficiente;1;0;0;2;12.4229;41.9409;-1;;;;Pedone;M;Rimandato;0;NON DECEDUTO;;
4209750;19;02/02/2019 20:15:00;Strada Urbana;VIA TRIONFALE;all'intersezione con;VIA MACCHIA DELL'INSUGHERATA;VIA MACCHIA DELL'INSUGHERATA;;;Investimento di pedone;Incrocio;Una carreggiata a doppio senso;Bagnato (pioggia);Asfaltata;Verticale ed orizzontale;Pioggia in atto;Intenso;Buona;Sufficiente;1;0;0;2;12.4229;41.9409;-1;1;Autovettura privata;In marcia / fermata / arresto;Conducente;F;Illeso;0;;;
4209750;19;02/02/2019 20:15:00;Strada Urbana;VIA TRIONFALE;all'intersezione con;VIA MACCHIA DELL'INSUGHERATA;VIA MACCHIA DELL'INSUGHERATA;;;Investimento di pedone;Incrocio;Una carreggiata a doppio senso;Bagnato (pioggia);Asfaltata;Verticale ed orizzontale;Pioggia in atto;Intenso;Buona;Sufficiente;1;0;0;2;12.4229;41.9409;-1;1;Autovettura privata;In marcia / fermata / arresto;Passeggero;M;Illeso;0;;;
4209753;7;01/02/2019 18:00:00;Strada Urbana;VIA DEGLI OLMI;all'intersezione con;VIALE ALESSANDRINO;VIALE ALESSANDRINO;;;Scontro frontale/laterale SX fra veicoli in marcia;Incrocio;Una carreggiata a senso unico di marcia;Asciutto;Asfaltata;Verticale ed orizzontale;Sereno;Normale;Sufficiente;Sufficiente;0;0;0;2;12.578;41.8792;-1;1;Autovettura privata;In marcia / fermata / arresto;Conducente;M;Illeso;0;;Non accertato;Inesploso
4209753;7;01/02/2019 18:00:00;Strada Urbana;VIA DEGLI OLMI;all'intersezione con;VIALE ALESSANDRINO;VIALE ALESSANDRINO;;;Scontro frontale/laterale SX fra veicoli in marcia;Incrocio;Una carreggiata a senso unico di marcia;Asciutto;Asfaltata;Verticale ed orizzontale;Sereno;Normale;Sufficiente;Sufficiente;0;0;0;2;12.578;41.8792;-1;2;Autovettura privata;In marcia / fermata / arresto;Conducente;M;Illeso;0;;Non accertato;Inesploso
4209754;11;04/02/2019 03:50:00;Strada Urbana;VIA DELLE CONCE;in corrispondenza;;del civico n.;7/9;;Veicolo in marcia contro veicolo in sosta;Rettilineo;Una carreggiata a doppio senso;Asciutto;Asfaltata;Verticale ed orizzontale;Sereno;Scarso;Sufficiente;Sufficiente;0;0;0;2;12.4782;41.8735;-1;1;Autovettura privata;In marcia / fermata / arresto;Conducente;F;Illeso;0;;;
4209754;11;04/02/2019 03:50:00;Strada Urbana;VIA DELLE CONCE;in corrispondenza;;del civico n.;7/9;;Veicolo in marcia contro veicolo in sosta;Rettilineo;Una carreggiata a doppio senso;Asciutto;Asfaltata;Verticale ed orizzontale;Sereno;Scarso;Sufficiente;Sufficiente;0;0;0;2;12.4782;41.8735;-1;1;Autovettura privata;In marcia / fermata / arresto;Passeggero;F;Illeso;0;;;
4209754;11;04/02/2019 03:50:00;Strada Urbana;VIA DELLE CONCE;in corrispondenza;;del civico n.;7/9;;Veicolo in marcia contro veicolo in sosta;Rettilineo;Una carreggiata a doppio senso;Asciutto;Asfaltata;Verticale ed orizzontale;Sereno;Scarso;Sufficiente;Sufficiente;0;0;0;2;12.4782;41.8735;-1;2;Autovettura privata;Sosta;;;;;;;
4209754;11;04/02/2019 03:50:00;Strada Urbana;VIA DELLE CONCE;in corrispondenza;;del civico n.;7/9;;Veicolo in marcia contro veicolo in sosta;Rettilineo;Una carreggiata a doppio senso;Asciutto;Asfaltata;Verticale ed orizzontale;Sereno;Scarso;Sufficiente;Sufficiente;0;0;0;2;12.4782;41.8735;-1;3;Autovettura privata;Sosta;;;;;;;
4209755;11;03/02/2019 02:30:00;Strada Urbana;VIA SILVESTRI;in corrispondenza;;del civico n.;195;;Veicolo in marcia contro veicoli in sosta;Rettilineo;Una carreggiata a doppio senso;Asciutto;Bitumata;Verticale ed orizzontale;Nuvoloso;Scarso;Buona;Sufficiente;0;0;0;1;12.4321;41.8773;-1;1;Autovettura privata;In marcia / fermata / arresto;Conducente;M;Illeso;0;;Non accertato;
4209755;11;03/02/2019 02:30:00;Strada Urbana;VIA SILVESTRI;in corrispondenza;;del civico n.;195;;Veicolo in marcia contro veicoli in sosta;Rettilineo;Una carreggiata a doppio senso;Asciutto;Bitumata;Verticale ed orizzontale;Nuvoloso;Scarso;Buona;Sufficiente;0;0;0;1;12.4321;41.8773;-1;2;Autovettura privata;Sosta;;;;;;;
4209755;11;03/02/2019 02:30:00;Strada Urbana;VIA SILVESTRI;in corrispondenza;;del civico n.;195;;Veicolo in marcia contro veicoli in sosta;Rettilineo;Una carreggiata a doppio senso;Asciutto;Bitumata;Verticale ed orizzontale;Nuvoloso;Scarso;Buona;Sufficiente;0;0;0;1;12.4321;41.8773;-1;3;Motociclo a solo;Sosta;;;;;;;
4209757;12;03/02/2019 19:20:00;Strada Urbana;VIA CRISTOFORO COLOMBO;da specificare;;;;lat. dir. Ostia alt. svincolo Pontina;Veicolo in marcia contro ostacolo accidentale;Rettilineo;Una carreggiata a senso unico di marcia;Bagnato (pioggia);Asfaltata;Verticale ed orizzontale;Nuvoloso;Normale;Sufficiente;Insufficiente;0;0;0;1;12.4121;41.786;0;1;Autovettura privata;In marcia / fermata / arresto;Conducente;M;Illeso;0;;;
4209758;7;03/02/2019 18:20:00;Strada Urbana;VIALE ALESSANDRINO;in prossimità;;del civico n.;695;;Scontro frontale/laterale SX fra veicoli in marcia;Rettilineo;Una carreggiata a doppio senso;Bagnato (pioggia);Asfaltata;Assente;Nuvoloso;Normale;Buona;Sufficiente;1;0;0;1;12.5766;41.8876;-1;1;Autovettura privata;In marcia / fermata / arresto;Conducente;M;Rimandato;0;NON DECEDUTO;;
4209758;7;03/02/2019 18:20:00;Strada Urbana;VIALE ALESSANDRINO;in prossimità;;del civico n.;695;;Scontro frontale/laterale SX fra veicoli in marcia;Rettilineo;Una carreggiata a doppio senso;Bagnato (pioggia);Asfaltata;Assente;Nuvoloso;Normale;Buona;Sufficiente;1;0;0;1;12.5766;41.8876;-1;2;Autovettura privata;In marcia / fermata / arresto;Conducente;M;Illeso;0;;;
4209765;1;02/02/2019 21:30:00;Strada Urbana;PIAZZA VITTORIO EMANUELE II;da specificare;;;;IN PROSSIMITA' DEL FRONTE CIVICO 113;Scontro laterale fra veicoli in marcia;Rettilineo;Una carreggiata a doppio senso;Bagnato (pioggia);Asfaltata;Verticale ed orizzontale;Nuvoloso;Normale;Buona;Sufficiente;1;0;0;1;12.5048;41.8951;-1;1;Ciclomotore;In marcia / fermata / arresto;Conducente;M;Rimandato;0;NON DECEDUTO;Non accertato;
4209765;1;02/02/2019 21:30:00;Strada Urbana;PIAZZA VITTORIO EMANUELE II;da specificare;;;;IN PROSSIMITA' DEL FRONTE CIVICO 113;Scontro laterale fra veicoli in marcia;Rettilineo;Una carreggiata a doppio senso;Bagnato (pioggia);Asfaltata;Verticale ed orizzontale;Nuvoloso;Normale;Buona;Sufficiente;1;0;0;1;12.5048;41.8951;-1;2;Autovettura privata;In marcia / fermata / arresto;Conducente;F;Illeso;0;;;
4209767;13;03/02/2019 11:07:00;Strada Urbana;VIALE DEI ROMAGNOLI;all'intersezione semaforizzata con;VIA CARLO CASINI;VIA CARLO CASINI;;;Tamponamento Multiplo;Incrocio;Una carreggiata a doppio senso;Bagnato (pioggia);Asfaltata;Verticale ed orizzontale;Nuvoloso;Normale;Buona;Ore Diurne;1;0;0;2;12.3224;41.7691;-1;1;Autovettura privata;In marcia / fermata / arresto;Conducente;M;Illeso;0;;Non accertato;Inesploso
4209767;13;03/02/2019 11:07:00;Strada Urbana;VIALE DEI ROMAGNOLI;all'intersezione semaforizzata con;VIA CARLO CASINI;VIA CARLO CASINI;;;Tamponamento Multiplo;Incrocio;Una carreggiata a doppio senso;Bagnato (pioggia);Asfaltata;Verticale ed orizzontale;Nuvoloso;Normale;Buona;Ore Diurne;1;0;0;2;12.3224;41.7691;-1;2;Autoarticolato;In marcia / fermata / arresto;Conducente;M;Illeso;0;;Non accertato;Inesploso
4209767;13;03/02/2019 11:07:00;Strada Urbana;VIALE DEI ROMAGNOLI;all'intersezione semaforizzata con;VIA CARLO CASINI;VIA CARLO CASINI;;;Tamponamento Multiplo;Incrocio;Una carreggiata a doppio senso;Bagnato (pioggia);Asfaltata;Verticale ed orizzontale;Nuvoloso;Normale;Buona;Ore Diurne;1;0;0;2;12.3224;41.7691;-1;3;Autovettura privata;In marcia / fermata / arresto;Conducente;F;Rimandato;0;NON DECEDUTO;;
4209774;20;01/02/2019 19:40:00;Provinciale;VIA TIBERINA;in prossimità;;del civico n.;571;;Veicolo in marcia contro ostacolo accidentale;Rettilineo;Una carreggiata a doppio senso;Bagnato (umidità in atto);Asfaltata;Assente;Nuvoloso;Normale;Insufficiente;Inesistente;0;0;0;1;12.5178;42.0455;-1;1;Autovettura privata;In marcia / fermata / arresto;Conducente;M;Illeso;0;;Non accertato;
4209777;19;02/02/2019 00:30:00;Strada Urbana;VIA DI SELVA CANDIDA;in corrispondenza;;del civico n.;239;;Veicolo in marcia contro ostacolo accidentale;Rettilineo;Una carreggiata a doppio senso;Bagnato (pioggia);Con buche;Assente;Pioggia in atto;Scarso;Buona;Sufficiente;0;0;0;1;12.3766;41.9324;-1;1;Autovettura privata;In marcia / fermata / arresto;Conducente;M;Illeso;0;;Non accertato;Inesploso
4209781;20;01/02/2019 23:30:00;Statale entro l'abitato;VIA CASSIA;in corrispondenza;;del civico n.;1334;;Scontro frontale fra veicoli in marcia;Rettilineo;Una carreggiata a doppio senso;Bagnato (pioggia);Asfaltata;Verticale ed orizzontale;Pioggia in atto;Normale;Sufficiente;Sufficiente;0;0;0;4;12.4041;41.9863;-1;1;Autovettura privata;In marcia / fermata / arresto;Conducente;M;Illeso;0;;Non accertato;
4209781;20;01/02/2019 23:30:00;Statale entro l'abitato;VIA CASSIA;in corrispondenza;;del civico n.;1334;;Scontro frontale fra veicoli in marcia;Rettilineo;Una carreggiata a doppio senso;Bagnato (pioggia);Asfaltata;Verticale ed orizzontale;Pioggia in atto;Normale;Sufficiente;Sufficiente;0;0;0;4;12.4041;41.9863;-1;1;Autovettura privata;In marcia / fermata / arresto;Passeggero;M;Illeso;0;;Non accertato;
4209781;20;01/02/2019 23:30:00;Statale entro l'abitato;VIA CASSIA;in corrispondenza;;del civico n.;1334;;Scontro frontale fra veicoli in marcia;Rettilineo;Una carreggiata a doppio senso;Bagnato (pioggia);Asfaltata;Verticale ed orizzontale;Pioggia in atto;Normale;Sufficiente;Sufficiente;0;0;0;4;12.4041;41.9863;-1;1;Autovettura privata;In marcia / fermata / arresto;Passeggero;M;Illeso;0;;Non accertato;
4209781;20;01/02/2019 23:30:00;Statale entro l'abitato;VIA CASSIA;in corrispondenza;;del civico n.;1334;;Scontro frontale fra veicoli in marcia;Rettilineo;Una carreggiata a doppio senso;Bagnato (pioggia);Asfaltata;Verticale ed orizzontale;Pioggia in atto;Normale;Sufficiente;Sufficiente;0;0;0;4;12.4041;41.9863;-1;2;Autovettura privata;In marcia / fermata / arresto;Conducente;M;Illeso;0;;;
4209785;7;01/02/2019 13:10:00;Strada Urbana;VIA FEDERICO DELPINO;in corrispondenza;;del civico n.;18;;Veicolo in marcia contro veicolo arresto;Rettilineo;Due carreggiate;Asciutto;Asfaltata;Orizzontale;Sereno;Normale;Buona;Ore Diurne;0;0;0;2;12.5621;41.8909;-1;1;Autovettura privata;In marcia / fermata / arresto;Conducente;M;Illeso;0;;Non accertato;Inesploso
4209785;7;01/02/2019 13:10:00;Strada Urbana;VIA FEDERICO DELPINO;in corrispondenza;;del civico n.;18;;Veicolo in marcia contro veicolo arresto;Rettilineo;Due carreggiate;Asciutto;Asfaltata;Orizzontale;Sereno;Normale;Buona;Ore Diurne;0;0;0;2;12.5621;41.8909;-1;2;Autovettura privata;In marcia / fermata / arresto;Conducente;M;Illeso;0;;Non accertato;Inesploso
4209787;19;03/02/2019 21:10:00;Strada Urbana;VIA DI SELVA CANDIDA;in prossimità;;del civico n.;479;;Tamponamento;Rettilineo;Una carreggiata a doppio senso;Bagnato (pioggia);Asfaltata;Assente;Nuvoloso;Scarso;Sufficiente;Sufficiente;1;0;0;1;12.3801;41.9425;-1;1;Autovettura privata;In marcia / fermata / arresto;Conducente;F;Rimandato;0;NON DECEDUTO;;
4209787;19;03/02/2019 21:10:00;Strada Urbana;VIA DI SELVA CANDIDA;in prossimità;;del civico n.;479;;Tamponamento;Rettilineo;Una carreggiata a doppio senso;Bagnato (pioggia);Asfaltata;Assente;Nuvoloso;Scarso;Sufficiente;Sufficiente;1;0;0;1;12.3801;41.9425;-1;2;Autovettura privata;In marcia / fermata / arresto;Conducente;M;Illeso;0;;;
4209790;11;02/02/2019 15:30:00;Strada Urbana;VIALE GUGLIELMO MASSAIA;all'intersezione con;VIA S. LORENZO DA BRINDISI;VIA S. LORENZO DA BRINDISI;;;Scontro frontale/laterale DX fra veicoli in marcia;Intersezione non regolata/non segnalata;Una carreggiata a doppio senso;Bagnato (pioggia);Asfaltata;Verticale ed orizzontale;Pioggia in atto;Normale;Sufficiente;Ore Diurne;0;0;0;2;12.4933;41.862;-1;1;Autovettura privata;In marcia / fermata / arresto;Conducente;F;Illeso;0;;Non accertato;
4209790;11;02/02/2019 15:30:00;Strada Urbana;VIALE GUGLIELMO MASSAIA;all'intersezione con;VIA S. LORENZO DA BRINDISI;VIA S. LORENZO DA BRINDISI;;;Scontro frontale/laterale DX fra veicoli in marcia;Intersezione non regolata/non segnalata;Una carreggiata a doppio senso;Bagnato (pioggia);Asfaltata;Verticale ed orizzontale;Pioggia in atto;Normale;Sufficiente;Ore Diurne;0;0;0;2;12.4933;41.862;-1;2;Velocipede;In marcia / fermata / arresto;Conducente;M;Illeso;0;;Esente;
4209791;11;02/02/2019 18:35:00;Strada Urbana;LARGO BENEDETTO BOMPIANI;all'intersezione con;VIA DELLE SETTE CHIESE;VIA DELLE SETTE CHIESE;;;Scontro laterale fra veicoli in marcia;Incrocio;Una carreggiata a doppio senso;Bagnato (pioggia);Asfaltata;Verticale;Pioggia in atto;Normale;Sufficiente;Sufficiente;0;0;0;5;12.5019;41.8594;-1;1;Autovettura privata;In marcia / fermata / arresto;Conducente;M;Illeso;0;;Non accertato;
4209791;11;02/02/2019 18:35:00;Strada Urbana;LARGO BENEDETTO BOMPIANI;all'intersezione con;VIA DELLE SETTE CHIESE;VIA DELLE SETTE CHIESE;;;Scontro laterale fra veicoli in marcia;Incrocio;Una carreggiata a doppio senso;Bagnato (pioggia);Asfaltata;Verticale;Pioggia in atto;Normale;Sufficiente;Sufficiente;0;0;0;5;12.5019;41.8594;-1;1;Autovettura privata;In marcia / fermata / arresto;Passeggero;F;Illeso;0;;Non accertato;
4209791;11;02/02/2019 18:35:00;Strada Urbana;LARGO BENEDETTO BOMPIANI;all'intersezione con;VIA DELLE SETTE CHIESE;VIA DELLE SETTE CHIESE;;;Scontro laterale fra veicoli in marcia;Incrocio;Una carreggiata a doppio senso;Bagnato (pioggia);Asfaltata;Verticale;Pioggia in atto;Normale;Sufficiente;Sufficiente;0;0;0;5;12.5019;41.8594;-1;2;Autovettura privata;In marcia / fermata / arresto;Conducente;M;Illeso;0;;Non accertato;
4209791;11;02/02/2019 18:35:00;Strada Urbana;LARGO BENEDETTO BOMPIANI;all'intersezione con;VIA DELLE SETTE CHIESE;VIA DELLE SETTE CHIESE;;;Scontro laterale fra veicoli in marcia;Incrocio;Una carreggiata a doppio senso;Bagnato (pioggia);Asfaltata;Verticale;Pioggia in atto;Normale;Sufficiente;Sufficiente;0;0;0;5;12.5019;41.8594;-1;2;Autovettura privata;In marcia / fermata / arresto;Passeggero;M;Illeso;0;;Non accertato;Inesploso
4209791;11;02/02/2019 18:35:00;Strada Urbana;LARGO BENEDETTO BOMPIANI;all'intersezione con;VIA DELLE SETTE CHIESE;VIA DELLE SETTE CHIESE;;;Scontro laterale fra veicoli in marcia;Incrocio;Una carreggiata a doppio senso;Bagnato (pioggia);Asfaltata;Verticale;Pioggia in atto;Normale;Sufficiente;Sufficiente;0;0;0;5;12.5019;41.8594;-1;2;Autovettura privata;In marcia / fermata / arresto;Passeggero;F;Illeso;0;;Non accertato;
4209794;12;03/02/2019 19:21:00;Strada Urbana;VIA CRISTOFORO COLOMBO;da specificare;;;;lat. dir. Ostia alt. svincolo Pontina;Veicolo in marcia contro ostacolo accidentale;Rettilineo;Una carreggiata a senso unico di marcia;Bagnato (pioggia);Asfaltata;Verticale ed orizzontale;Nuvoloso;Scarso;Sufficiente;Insufficiente;0;0;0;1;12.4121;41.786;-1;1;Autovettura privata;In marcia / fermata / arresto;Conducente;M;Illeso;0;;;
4209795;19;03/02/2019 19:40:00;Strada Urbana;VIA DEL QUARTACCIO;da specificare;;;;pross. via Andersen;Veicolo in marcia contro ostacolo accidentale;Rettilineo;Una carreggiata a doppio senso;Bagnato (pioggia);Con buche;Assente;Nuvoloso;Scarso;Insufficiente;Sufficiente;0;0;0;1;12.3955;41.919;-1;1;Autovettura privata;In marcia / fermata / arresto;Conducente;M;Illeso;0;;;
4209799;7;01/02/2019 12:50:00;Strada Urbana;VIA EMILIO LONGONI;da specificare;;;;rotatoria via prenestina;Scontro laterale fra veicoli in marcia;Rotatoria;Una carreggiata a senso unico di marcia;Bagnato (pioggia);Asfaltata;Orizzontale;Nuvoloso;Normale;Buona;Ore Diurne;0;0;0;2;12.6047;41.8936;-1;1;Autocarro inferiore 35 q.;In marcia / fermata / arresto;Conducente;M;Illeso;0;;Non accertato;Inesploso
4209799;7;01/02/2019 12:50:00;Strada Urbana;VIA EMILIO LONGONI;da specificare;;;;rotatoria via prenestina;Scontro laterale fra veicoli in marcia;Rotatoria;Una carreggiata a senso unico di marcia;Bagnato (pioggia);Asfaltata;Orizzontale;Nuvoloso;Normale;Buona;Ore Diurne;0;0;0;2;12.6047;41.8936;-1;2;Autovettura privata;In marcia / fermata / arresto;Conducente;M;Illeso;0;;Non accertato;Inesploso
4209810;8;03/02/2019 12:00:00;;VIA MODOLO;all'intersezione con;VIA BITTI;VIA BITTI;;;Scontro frontale/laterale SX fra veicoli in marcia;;;;;;;;;;1;0;0;1;12.6848;41.8882;0;1;Autovettura privata;In marcia / fermata / arresto;Conducente;M;Rifiuta cure immediate;0;NON DECEDUTO;;