Protocollo;Gruppo;DataOraIncidente;Localizzazione1;STRADA1;Localizzazione2;STRADA2;Strada02;Chilometrica;DaSpecificare;NaturaIncidente;particolaritastrade;TipoStrada;FondoStradale;Pavimentazione;Segnaletica;CondizioneAtmosferica;Traffico;Visibilita;Illuminazione;NUM_FERITI;NUM_RISERVATA;NUM_MORTI;NUM_ILLESI;Longitudine;Latitudine;Confermato;Progressivo;TipoVeicolo;StatoVeicolo;TipoPersona;Sesso;Tipolesione;Deceduto;DecedutoDopo;CinturaCascoUtilizzato;Airbag;
4210326;13;02/02/2019 23:50:00;Comunale extraurbana;VIA OSTIENSE;da specificare;;;;circa 50 m prima di via di Malafede dir. Ostia;Veicolo in marcia contro ostacolo accidentale;Rettilineo;Una carreggiata a doppio senso;Bagnato (pioggia);Asfaltata;Verticale ed orizzontale;Pioggia in atto;Scarso;Sufficiente;Insufficiente;0;0;0;2;12.3912;41.7934;-1;1;Autovettura privata;In marcia / fermata / arresto;Passeggero;F;Illeso;0;;;
4210348;18;01/02/2019 21:00:00;Strada Urbana;VIA AURELIA;all'intersezione con;VIA PASQUALE FIORE;VIA PASQUALE FIORE;;;Scontro frontale/laterale SX fra veicoli in marcia;Intersezione stradale segnalata;Una carreggiata a doppio senso;Bagnato (pioggia);Asfaltata;Verticale ed orizzontale;Pioggia in atto;Normale;Sufficiente;Sufficiente;1;0;0;1;12.4305;41.8981;-1;1;Autovettura privata;In marcia / fermata / arresto;Conducente;M;Illeso;0;;;
4210348;18;01/02/2019 21:00:00;Strada Urbana;VIA AURELIA;all'intersezione con;VIA PASQUALE FIORE;VIA PASQUALE FIORE;;;Scontro frontale/laterale SX fra veicoli in marcia;Intersezione stradale segnalata;Una carreggiata a doppio senso;Bagnato (pioggia);Asfaltata;Verticale ed orizzontale;Pioggia in atto;Normale;Sufficiente;Sufficiente;1;0;0;1;12.4305;41.8981;-1;2;Motociclo a solo;In marcia / fermata / arresto;Conducente;M;Rifiuta cure immediate;0;NON DECEDUTO;;
4210350;13;02/02/2019 23:55:00;Comunale extraurbana;VIA OSTIENSE;da specificare;;;;circa 50 m prima di via di Malafede dir. Ostia;Veicolo in marcia contro ostacolo accidentale;Rettilineo;Una carreggiata a doppio senso;Bagnato (pioggia);Asfaltata;Verticale ed orizzontale;Pioggia in atto;Scarso;Sufficiente;Insufficiente;0;0;0;1;12.3912;41.7934;-1;1;Autovettura privata;In marcia / fermata / arresto;Conducente;M;Illeso;0;;Non accertato;Inesploso
4210370;13;02/02/2019 23:59:00;Comunale extraurbana;VIA OSTIENSE;da specificare;;;;circa 50 m prima di via di Malafede dir. Ostia;Veicolo in marcia contro ostacolo accidentale;Rettilineo;Una carreggiata a doppio senso;Bagnato (pioggia);Asfaltata;Verticale ed orizzontale;Pioggia in atto;Scarso;Sufficiente;Insufficiente;0;0;0;1;12.3912;41.7934;-1;1;Autovettura privata;In marcia / fermata / arresto;Conducente;M;Illeso;0;;Non accertato;Inesploso
4210381;12;01/02/2019 12:40:00;Strada Urbana;VIA ENRICO BOMPIANI;da specificare;;;;all'altezza del civico 34;Scontro frontale/laterale SX fra veicoli in marcia;Rettilineo;Una carreggiata a doppio senso;Bagnato (umidità in atto);Asfaltata;Verticale ed orizzontale;Sereno;Scarso;Buona;Ore Diurne;1;0;0;1;12.4929;41.7904;-1;1;Autocarro superiore 35 q.;In marcia / fermata / arresto;Conducente;M;Illeso;0;;;
4210381;12;01/02/2019 12:40:00;Strada Urbana;VIA ENRICO BOMPIANI;da specificare;;;;all'altezza del civico 34;Scontro frontale/laterale SX fra veicoli in marcia;Rettilineo;Una carreggiata a doppio senso;Bagnato (umidità in atto);Asfaltata;Verticale ed orizzontale;Sereno;Scarso;Buona;Ore Diurne;1;0;0;1;12.4929;41.7904;-1;2;Autovettura privata;In marcia / fermata / arresto;Conducente;M;Rimandato;0;NON DECEDUTO;Utilizzato;Esploso
4210384;1;01/02/2019 00:10:00;Strada Urbana;VIA DRUSO;da specificare;;;;snc;Scontro laterale fra veicoli in marcia;Rettilineo;Una carreggiata a senso unico di marcia;Asciutto;Asfaltata;Assente;Sereno;Intenso;Buona;Ore Diurne;0;0;0;1;12.4972;41.8812;-1;1;Autovettura privata;In marcia / fermata / arresto;Conducente;M;Illeso;0;;;
4210384;1;01/02/2019 00:10:00;Strada Urbana;VIA DRUSO;da specificare;;;;snc;Scontro laterale fra veicoli in marcia;Rettilineo;Una carreggiata a senso unico di marcia;Asciutto;Asfaltata;Assente;Sereno;Intenso;Buona;Ore Diurne;0;0;0;1;12.4972;41.8812;-1;2;Autovettura privata;In marcia / fermata / arresto;;;;;;;
4210400;1;03/02/2019 13:40:00;Strada Urbana;PIAZZALE NUMA POMPILIO;all'intersezione con;VIALE DELLE TERME DI CARACALLA;VIALE DELLE TERME DI CARACALLA;;;Scontro laterale fra veicoli in marcia;Incrocio;Una carreggiata a doppio senso;Bagnato (pioggia);Asfaltata;Orizzontale;Nuvoloso;Scarso;Buona;Ore Diurne;1;0;0;2;12.4957;41.8796;-1;1;Autovettura privata;In marcia / fermata / arresto;Conducente;M;Illeso;0;;Non accertato;Inesploso
4210400;1;03/02/2019 13:40:00;Strada Urbana;PIAZZALE NUMA POMPILIO;all'intersezione con;VIALE DELLE TERME DI CARACALLA;VIALE DELLE TERME DI CARACALLA;;;Scontro laterale fra veicoli in marcia;Incrocio;Una carreggiata a doppio senso;Bagnato (pioggia);Asfaltata;Orizzontale;Nuvoloso;Scarso;Buona;Ore Diurne;1;0;0;2;12.4957;41.8796;-1;2;Autovettura privata;In marcia / fermata / arresto;Conducente;M;Illeso;0;;Non accertato;Inesploso
4210400;1;03/02/2019 13:40:00;Strada Urbana;PIAZZALE NUMA POMPILIO;all'intersezione con;VIALE DELLE TERME DI CARACALLA;VIALE DELLE TERME DI CARACALLA;;;Scontro laterale fra veicoli in marcia;Incrocio;Una carreggiata a doppio senso;Bagnato (pioggia);Asfaltata;Orizzontale;Nuvoloso;Scarso;Buona;Ore Diurne;1;0;0;2;12.4957;41.8796;-1;2;Autovettura privata;In marcia / fermata / arresto;Passeggero;F;Rifiuta cure immediate;0;NON DECEDUTO;Non accertato;Inesploso
4210449;18;01/02/2019 21:00:00;Strada Urbana;VIA CASELLE TORINESE;in corrispondenza;;del civico n.;35;;Veicolo in marcia contro veicolo in sosta;Pendenza;Una carreggiata a senso unico di marcia;Bagnato (pioggia);Asfaltata;Orizzontale;Pioggia in atto;Scarso;Sufficiente;Sufficiente;0;0;0;1;12.3772;41.9215;-1;1;Autovettura privata;In marcia / fermata / arresto;Conducente;F;Illeso;0;;;
4210449;18;01/02/2019 21:00:00;Strada Urbana;VIA CASELLE TORINESE;in corrispondenza;;del civico n.;35;;Veicolo in marcia contro veicolo in sosta;Pendenza;Una carreggiata a senso unico di marcia;Bagnato (pioggia);Asfaltata;Orizzontale;Pioggia in atto;Scarso;Sufficiente;Sufficiente;0;0;0;1;12.3772;41.9215;-1;2;Autovettura privata;Sosta;;;;;;;
4210473;1;03/02/2019 00:20:00;Strada Urbana;CORSO VITTORIO EMANUELE II;in prossimità;;del civico n.;110;;Veicolo in marcia contro ostacolo fisso;Rettilineo;Una carreggiata a doppio senso;Bagnato (pioggia);Asfaltata;Verticale ed orizzontale;Pioggia in atto;Scarso;Sufficiente;Sufficiente;0;0;0;1;12.4756;41.8963;0;1;Autovettura pubblica;In marcia / fermata / arresto;Conducente;M;Illeso;0;;Non accertato;Inesploso
4210475;2;04/02/2019 00:20:00;Strada Urbana;VIA CASSIA;da specificare;;;;circa 200 mt. dopo VIA CAPPELLETTA D. GIUSTINIANA;Veicolo in marcia contro ostacolo accidentale;Rettilineo;Una carreggiata a doppio senso;Bagnato (umidità in atto);Asfaltata;Verticale ed orizzontale;Nuvoloso;Scarso;Sufficiente;Sufficiente;1;0;0;0;12.4021;41.9871;-1;1;Motociclo a solo;In marcia / fermata / arresto;Conducente;M;Ricoverato;0;NON DECEDUTO;;
4210487;6;04/02/2019 10:40:00;Strada Urbana;PIAZZA ROBERTO MALATESTA;da specificare;;;;ALTEZZA F.C. 36;Scontro frontale/laterale DX fra veicoli in marcia;Rettilineo;Più di due carreggiate;Asciutto;Asfaltata;Verticale ed orizzontale;Sereno;Normale;Buona;Ore Diurne;0;0;0;2;12.5397;41.8878;-1;1;Autocarro inferiore 35 q.;In marcia / fermata / arresto;Conducente;M;Illeso;0;;Non accertato;Inesploso
4210487;6;04/02/2019 10:40:00;Strada Urbana;PIAZZA ROBERTO MALATESTA;da specificare;;;;ALTEZZA F.C. 36;Scontro frontale/laterale DX fra veicoli in marcia;Rettilineo;Più di due carreggiate;Asciutto;Asfaltata;Verticale ed orizzontale;Sereno;Normale;Buona;Ore Diurne;0;0;0;2;12.5397;41.8878;-1;2;Autovettura privata;In marcia / fermata / arresto;Conducente;F;Illeso;0;;Non accertato;Inesploso
4210575;17;03/02/2019 18:30:00;Strada Urbana;VIA VIRGILIO;in prossimità;;del civico n.;44;;Scontro laterale fra veicoli in marcia;Rettilineo;Una carreggiata a senso unico di marcia;Asciutto;Asfaltata;Verticale ed orizzontale;Nuvoloso;Normale;Buona;Sufficiente;0;0;0;4;12.466;41.9058;-1;1;Autovettura privata;In marcia / fermata / arresto;Conducente;M;Illeso;0;;;
4210575;17;03/02/2019 18:30:00;Strada Urbana;VIA VIRGILIO;in prossimità;;del civico n.;44;;Scontro laterale fra veicoli in marcia;Rettilineo;Una carreggiata a senso unico di marcia;Asciutto;Asfaltata;Verticale ed orizzontale;Nuvoloso;Normale;Buona;Sufficiente;0;0;0;4;12.466;41.9058;-1;1;Autovettura privata;In marcia / fermata / arresto;Passeggero;F;Illeso;0;;;
4210575;17;03/02/2019 18:30:00;Strada Urbana;VIA VIRGILIO;in prossimità;;del civico n.;44;;Scontro laterale fra veicoli in marcia;Rettilineo;Una carreggiata a senso unico di marcia;Asciutto;Asfaltata;Verticale ed orizzontale;Nuvoloso;Normale;Buona;Sufficiente;0;0;0;4;12.466;41.9058;-1;2;Autovettura di polizia;In marcia / fermata / arresto;Conducente;M;Illeso;0;;;
4210575;17;03/02/2019 18:30:00;Strada Urbana;VIA VIRGILIO;in prossimità;;del civico n.;44;;Scontro laterale fra veicoli in marcia;Rettilineo;Una carreggiata a senso unico di marcia;Asciutto;Asfaltata;Verticale ed orizzontale;Nuvoloso;Normale;Buona;Sufficiente;0;0;0;4;12.466;41.9058;-1;2;Autovettura di polizia;In marcia / fermata / arresto;Passeggero;M;Illeso;0;;;
4210594;18;01/02/2019 23:00:00;Strada Urbana;VIA DI BOCCEA;in prossimità;;del civico n.;587;;Veicolo in marcia contro ostacolo accidentale;Rettilineo;Una carreggiata a doppio senso;Bagnato (pioggia);Con buche;Verticale ed orizzontale;Pioggia in atto;Scarso;Sufficiente;Sufficiente;0;0;0;1;12.378;41.9182;-1;1;Autovettura privata;In marcia / fermata / arresto;Conducente;M;Illeso;0;;;
4210619;1;03/02/2019 09:30:00;Strada Urbana;PIAZZA DI PORTA PORTESE;da specificare;;;;prossimità PONTE SUBLICIO;Veicolo in marcia contro ostacolo accidentale;Rettilineo;Una carreggiata a doppio senso;Bagnato (pioggia);Acciotolata;Verticale;Nuvoloso;Normale;Buona;Ore Diurne;1;0;0;0;12.4741;41.8841;0;1;Ciclomotore;In marcia / fermata / arresto;Conducente;M;Rimandato;0;NON DECEDUTO;Non accertato;
4210631;16;02/02/2019 12:45:00;Strada Urbana;VIALE DEI QUATTRO VENTI;all'intersezione con;VIA FRANCESCO CORNARO;VIA FRANCESCO CORNARO;;;Veicolo in marcia contro veicolo in sosta;Incrocio;Una carreggiata a doppio senso;Bagnato (pioggia);Asfaltata;Verticale ed orizzontale;Pioggia in atto;Normale;Sufficiente;Ore Diurne;0;0;0;1;12.4585;41.8799;-1;1;Autovettura privata;In marcia / fermata / arresto;Conducente;M;Illeso;0;;Non accertato;Inesploso
4210631;16;02/02/2019 12:45:00;Strada Urbana;VIALE DEI QUATTRO VENTI;all'intersezione con;VIA FRANCESCO CORNARO;VIA FRANCESCO CORNARO;;;Veicolo in marcia contro veicolo in sosta;Incrocio;Una carreggiata a doppio senso;Bagnato (pioggia);Asfaltata;Verticale ed orizzontale;Pioggia in atto;Normale;Sufficiente;Ore Diurne;0;0;0;1;12.4585;41.8799;-1;2;Autovettura privata;Sosta;;;;;;;
4210635;12;04/02/2019 13:40:00;Strada Urbana;VIA BRUNO DE FINETTI;in prossimità;;del civico n.;222;;Scontro laterale fra veicoli in marcia;Rettilineo;Una carreggiata a senso unico di marcia;Asciutto;Asfaltata;Verticale;Sereno;Normale;Buona;Ore Diurne;2;0;0;1;12.4864;41.7926;-1;1;Autovettura privata;In marcia / fermata / arresto;Conducente;F;Rimandato;0;NON DECEDUTO;Non accertato;Inesploso
4210635;12;04/02/2019 13:40:00;Strada Urbana;VIA BRUNO DE FINETTI;in prossimità;;del civico n.;222;;Scontro laterale fra veicoli in marcia;Rettilineo;Una carreggiata a senso unico di marcia;Asciutto;Asfaltata;Verticale;Sereno;Normale;Buona;Ore Diurne;2;0;0;1;12.4864;41.7926;-1;1;Autovettura privata;In marcia / fermata / arresto;Passeggero;F;Rimandato;0;NON DECEDUTO;Non accertato;Inesploso
4210635;12;04/02/2019 13:40:00;Strada Urbana;VIA BRUNO DE FINETTI;in prossimità;;del civico n.;222;;Scontro laterale fra veicoli in marcia;Rettilineo;Una carreggiata a senso unico di marcia;Asciutto;Asfaltata;Verticale;Sereno;Normale;Buona;Ore Diurne;2;0;0;1;12.4864;41.7926;-1;2;Autovettura privata;In marcia / fermata / arresto;Conducente;M;Illeso;0;;Non accertato;Inesploso
4210641;16;03/02/2019 17:00:00;Strada Urbana;VIA VINCENZO USSANI;in corrispondenza;;del civico n.;42;;Veicolo in marcia contro ostacolo accidentale;Rettilineo;Una carreggiata a doppio senso;Bagnato (umidità in atto);Asfaltata;Assente;Nuvoloso;Normale;Buona;Sufficiente;0;0;0;2;12.4417;41.8609;-1;1;Autovettura privata;In marcia / fermata / arresto;Conducente;M;Illeso;0;;Non accertato;
4210641;16;03/02/2019 17:00:00;Strada Urbana;VIA VINCENZO USSANI;in corrispondenza;;del civico n.;42;;Veicolo in marcia contro ostacolo accidentale;Rettilineo;Una carreggiata a doppio senso;Bagnato (umidità in atto);Asfaltata;Assente;Nuvoloso;Normale;Buona;Sufficiente;0;0;0;2;12.4417;41.8609;-1;1;Autovettura privata;In marcia / fermata / arresto;Passeggero;F;Illeso;0;;Non accertato;
4210662;18;02/02/2019 02:00:00;Strada Urbana;VIA GIOVANNI DOMENICO PARACCIANI;in corrispondenza;;del civico n.;2;;Investimento di pedone;Rettilineo;Una carreggiata a senso unico di marcia;Bagnato (pioggia);Asfaltata;Verticale ed orizzontale;Pioggia in atto;Scarso;Sufficiente;Sufficiente;1;0;0;1;12.4249;41.9046;-1;;;;Pedone;M;Rimandato;0;NON DECEDUTO;;
4210662;18;02/02/2019 02:00:00;Strada Urbana;VIA GIOVANNI DOMENICO PARACCIANI;in corrispondenza;;del civico n.;2;;Investimento di pedone;Rettilineo;Una carreggiata a senso unico di marcia;Bagnato (pioggia);Asfaltata;Verticale ed orizzontale;Pioggia in atto;Scarso;Sufficiente;Sufficiente;1;0;0;1;12.4249;41.9046;-1;1;Autovettura privata;In marcia / fermata / arresto;Conducente;M;Illeso;0;;Non accertato;
4210678;16;03/02/2019 19:00:00;Strada Urbana;VIA DI BRAVETTA;da specificare;;;;fronte civico 712;Veicolo in marcia contro veicoli in sosta;Rettilineo;Una carreggiata a doppio senso;Bagnato (umidità in atto);Asfaltata;Orizzontale;Nuvoloso;Normale;Buona;Sufficiente;0;0;0;1;12.4257;41.8762;-1;1;Autovettura privata;In marcia / fermata / arresto;Conducente;M;Illeso;0;;Non accertato;
4210678;16;03/02/2019 19:00:00;Strada Urbana;VIA DI BRAVETTA;da specificare;;;;fronte civico 712;Veicolo in marcia contro veicoli in sosta;Rettilineo;Una carreggiata a doppio senso;Bagnato (umidità in atto);Asfaltata;Orizzontale;Nuvoloso;Normale;Buona;Sufficiente;0;0;0;1;12.4257;41.8762;-1;2;Autovettura privata;Sosta;;;;;;;
4210678;16;03/02/2019 19:00:00;Strada Urbana;VIA DI BRAVETTA;da specificare;;;;fronte civico 712;Veicolo in marcia contro veicoli in sosta;Rettilineo;Una carreggiata a doppio senso;Bagnato (umidità in atto);Asfaltata;Orizzontale;Nuvoloso;Normale;Buona;Sufficiente;0;0;0;1;12.4257;41.8762;-1;3;Autovettura privata;Sosta;;;;;;;
4210680;17;03/02/2019 23:50:00;Strada Urbana;VIA FABIO MASSIMO;all'intersezione con;VIA GERMANICO;VIA GERMANICO;;;Scontro frontale/laterale DX fra veicoli in marcia;Incrocio;Una carreggiata a senso unico di marcia;Asciutto;Asfaltata;Verticale ed orizzontale;Sereno;Scarso;Sufficiente;Sufficiente;0;0;0;3;12.4622;41.9088;-1;1;Autovettura privata;In marcia / fermata / arresto;Conducente;M;Illeso;0;;;
4210680;17;03/02/2019 23:50:00;Strada Urbana;VIA FABIO MASSIMO;all'intersezione con;VIA GERMANICO;VIA GERMANICO;;;Scontro frontale/laterale DX fra veicoli in marcia;Incrocio;Una carreggiata a senso unico di marcia;Asciutto;Asfaltata;Verticale ed orizzontale;Sereno;Scarso;Sufficiente;Sufficiente;0;0;0;3;12.4622;41.9088;-1;1;Autovettura privata;In marcia / fermata / arresto;Passeggero;F;Illeso;0;;;
4210680;17;03/02/2019 23:50:00;Strada Urbana;VIA FABIO MASSIMO;all'intersezione con;VIA GERMANICO;VIA GERMANICO;;;Scontro frontale/laterale DX fra veicoli in marcia;Incrocio;Una carreggiata a senso unico di marcia;Asciutto;Asfaltata;Verticale ed orizzontale;Sereno;Scarso;Sufficiente;Sufficiente;0;0;0;3;12.4622;41.9088;-1;2;Autovettura privata;In marcia / fermata / arresto;Conducente;F;Illeso;0;;;
4210689;18;02/02/2019 14:30:00;Strada Urbana;VIA CANTOIRA;in corrispondenza;;del civico n.;75;;Veicolo in marcia contro veicolo fermo;Rettilineo;Una carreggiata a doppio senso;Bagnato (pioggia);Asfaltata;Assente;Nuvoloso;Scarso;Buona;Ore Diurne;0;0;0;2;12.3852;41.9266;-1;1;Autovettura privata;In marcia / fermata / arresto;Conducente;M;Illeso;0;;;
4210689;18;02/02/2019 14:30:00;Strada Urbana;VIA CANTOIRA;in corrispondenza;;del civico n.;75;;Veicolo in marcia contro veicolo fermo;Rettilineo;Una carreggiata a doppio senso;Bagnato (pioggia);Asfaltata;Assente;Nuvoloso;Scarso;Buona;Ore Diurne;0;0;0;2;12.3852;41.9266;-1;2;Autovettura privata;In marcia / fermata / arresto;Conducente;M;Illeso;0;;;
4210690;16;02/02/2019 18:35:00;Strada Urbana;VIA GIANO PARRASIO;in prossimità;;del civico n.;35;;Ribaltamento senza urto contro ostacolo fisso;Rettilineo;Una carreggiata a senso unico di marcia;Bagnato (pioggia);Asfaltata;Verticale ed orizzontale;Pioggia in atto;Scarso;Buona;Sufficiente;0;0;0;1;12.4641;41.8759;-1;1;Autovettura privata;In marcia / fermata / arresto;Conducente;M;Illeso;0;;Non accertato;
4210698;16;02/02/2019 18:45:00;Strada Urbana;VIA ROMANO GUERRA;in prossimità;;del civico n.;66;;Veicolo in marcia contro ostacolo accidentale;Rettilineo;Una carreggiata a doppio senso;Bagnato (pioggia);Con buche;Assente;Pioggia in atto;Normale;Insufficiente;Insufficiente;0;0;0;2;12.352;41.8814;-1;1;Autovettura privata;In marcia / fermata / arresto;Conducente;M;Illeso;0;;Non accertato;Inesploso
4210698;16;02/02/2019 18:45:00;Strada Urbana;VIA ROMANO GUERRA;in prossimità;;del civico n.;66;;Veicolo in marcia contro ostacolo accidentale;Rettilineo;Una carreggiata a doppio senso;Bagnato (pioggia);Con buche;Assente;Pioggia in atto;Normale;Insufficiente;Insufficiente;0;0;0;2;12.352;41.8814;-1;1;Autovettura privata;In marcia / fermata / arresto;Passeggero;F;Illeso;0;;Non accertato;Inesploso
4210705;16;02/02/2019 20:10:00;Strada Urbana;VIA PAOLO ORANO;in corrispondenza;;del civico n.;fc 25;;Veicolo in marcia contro ostacolo fisso;Rettilineo;Una carreggiata a doppio senso;Bagnato (umidità in atto);Asfaltata;Assente;Pioggia in atto;Scarso;Sufficiente;Sufficiente;0;0;0;1;12.3611;41.8836;-1;1;Autovettura privata;In marcia / fermata / arresto;Conducente;M;Illeso;0;;Non accertato;Inesploso
4210727;17;04/02/2019 00:50:00;Strada Urbana;VIA S. TOMMASO D'AQUINO;all'intersezione con;VIA MARSILIO FICINO;VIA MARSILIO FICINO;;;Veicolo in marcia contro veicoli in sosta;Incrocio;Una carreggiata a senso unico di marcia;Asciutto;Asfaltata;Verticale ed orizzontale;Sereno;Scarso;Buona;Sufficiente;0;0;0;4;12.4489;41.9123;-1;1;Autocarro inferiore 35 q.;In marcia / fermata / arresto;Conducente;F;Illeso;0;;;
4210727;17;04/02/2019 00:50:00;Strada Urbana;VIA S. TOMMASO D'AQUINO;all'intersezione con;VIA MARSILIO FICINO;VIA MARSILIO FICINO;;;Veicolo in marcia contro veicoli in sosta;Incrocio;Una carreggiata a senso unico di marcia;Asciutto;Asfaltata;Verticale ed orizzontale;Sereno;Scarso;Buona;Sufficiente;0;0;0;4;12.4489;41.9123;-1;1;Autocarro inferiore 35 q.;In marcia / fermata / arresto;Passeggero;F;Illeso;0;;;
4210727;17;04/02/2019 00:50:00;Strada Urbana;VIA S. TOMMASO D'AQUINO;all'intersezione con;VIA MARSILIO FICINO;VIA MARSILIO FICINO;;;Veicolo in marcia contro veicoli in sosta;Incrocio;Una carreggiata a senso unico di marcia;Asciutto;Asfaltata;Verticale ed orizzontale;Sereno;Scarso;Buona;Sufficiente;0;0;0;4;12.4489;41.9123;-1;2;Autovettura privata;In marcia / fermata / arresto;Conducente;M;Illeso;0;;;
4210727;17;04/02/2019 00:50:00;Strada Urbana;VIA S. TOMMASO D'AQUINO;all'intersezione con;VIA MARSILIO FICINO;VIA MARSILIO FICINO;;;Veicolo in marcia contro veicoli in sosta;Incrocio;Una carreggiata a senso unico di marcia;Asciutto;Asfaltata;Verticale ed orizzontale;Sereno;Scarso;Buona;Sufficiente;0;0;0;4;12.4489;41.9123;-1;2;Autovettura privata;In marcia / fermata / arresto;Passeggero;F;Illeso;0;;;
4210727;17;04/02/2019 00:50:00;Strada Urbana;VIA S. TOMMASO D'AQUINO;all'intersezione con;VIA MARSILIO FICINO;VIA MARSILIO FICINO;;;Veicolo in marcia contro veicoli in sosta;Incrocio;Una carreggiata a senso unico di marcia;Asciutto;Asfaltata;Verticale ed orizzontale;Sereno;Scarso;Buona;Sufficiente;0;0;0;4;12.4489;41.9123;-1;3;Autovettura privata;Sosta;;;;;;;
4210727;17;04/02/2019 00:50:00;Strada Urbana;VIA S. TOMMASO D'AQUINO;all'intersezione con;VIA MARSILIO FICINO;VIA MARSILIO FICINO;;;Veicolo in marcia contro veicoli in sosta;Incrocio;Una carreggiata a senso unico di marcia;Asciutto;Asfaltata;Verticale ed orizzontale;Sereno;Scarso;Buona;Sufficiente;0;0;0;4;12.4489;41.9123;-1;4;Autovettura privata;Sosta;;;;;;;
4210740;16;01/02/2019 13:50:00;Strada Urbana;VIA DEGLI ALDOBRANDESCHI;in corrispondenza;;del civico n.;300;;Veicolo in marcia contro veicolo fermo;Rettilineo;Una carreggiata a senso unico di marcia;Bagnato (umidità in atto);Asfaltata;Verticale ed orizzontale;Nuvoloso;Scarso;Buona;Ore Diurne;0;0;0;2;12.393;41.8749;-1;1;Autovettura privata;In marcia / fermata / arresto;Conducente;M;Illeso;0;;Non accertato;Inesploso
4210740;16;01/02/2019 13:50:00;Strada Urbana;VIA DEGLI ALDOBRANDESCHI;in corrispondenza;;del civico n.;300;;Veicolo in marcia contro veicolo fermo;Rettilineo;Una carreggiata a senso unico di marcia;Bagnato (umidità in atto);Asfaltata;Verticale ed orizzontale;Nuvoloso;Scarso;Buona;Ore Diurne;0;0;0;2;12.393;41.8749;-1;2;Autovettura privata;In marcia / fermata / arresto;Conducente;F;Illeso;0;;Non accertato;Inesploso
4210758;3;01/02/2019 19:10:00;Strada Urbana;VIALE IPPOCRATE;in prossimità;;del civico n.;94;;Scontro laterale fra veicoli in marcia;Rettilineo;Una carreggiata a senso unico di marcia;Bagnato (pioggia);Asfaltata;Verticale ed orizzontale;Nuvoloso;Normale;Sufficiente;Sufficiente;0;0;0;3;12.5185;41.9079;-1;1;Autovettura privata;In marcia / fermata / arresto;Conducente;M;Illeso;0;;Non accertato;
4210758;3;01/02/2019 19:10:00;Strada Urbana;VIALE IPPOCRATE;in prossimità;;del civico n.;94;;Scontro laterale fra veicoli in marcia;Rettilineo;Una carreggiata a senso unico di marcia;Bagnato (pioggia);Asfaltata;Verticale ed orizzontale;Nuvoloso;Normale;Sufficiente;Sufficiente;0;0;0;3;12.5185;41.9079;-1;2;Autovettura privata;In marcia / fermata / arresto;Conducente;M;Illeso;0;;Non accertato;
4210758;3;01/02/2019 19:10:00;Strada Urbana;VIALE IPPOCRATE;in prossimità;;del civico n.;94;;Scontro laterale fra veicoli in marcia;Rettilineo;Una carreggiata a senso unico di marcia;Bagnato (pioggia);Asfaltata;Verticale ed orizzontale;Nuvoloso;Normale;Sufficiente;Sufficiente;0;0;0;3;12.5185;41.9079;-1;2;Autovettura privata;In marcia / fermata / arresto;Passeggero;F;Illeso;0;;;Inesploso
4210761;18;02/02/2019 18:00:00;Strada Urbana;VIA DI BOCCEA;in prossimità;;del civico n.;453;;Investimento di pedone;Rettilineo;Una carreggiata a doppio senso;Bagnato (pioggia);Asfaltata;Verticale ed orizzontale;Pioggia in atto;Normale;Sufficiente;Sufficiente;1;0;0;1;12.3938;41.9107;-1;;;;Pedone;M;Rimandato;0;NON DECEDUTO;;
4210761;18;02/02/2019 18:00:00;Strada Urbana;VIA DI BOCCEA;in prossimità;;del civico n.;453;;Investimento di pedone;Rettilineo;Una carreggiata a doppio senso;Bagnato (pioggia);Asfaltata;Verticale ed orizzontale;Pioggia in atto;Normale;Sufficiente;Sufficiente;1;0;0;1;12.3938;41.9107;-1;1;Autovettura privata;In marcia / fermata / arresto;Conducente;M;Illeso;0;;Non accertato;Inesploso
4210763;3;02/02/2019 00:15:00;Strada Urbana;VIA MONTICHIARI;in prossimità;;del civico n.;11;;Veicolo in marcia contro veicoli in sosta;Pendenza;Una carreggiata a senso unico di marcia;Bagnato (pioggia);Asfaltata;Assente;Pioggia in atto;Scarso;Sufficiente;Sufficiente;0;0;0;2;12.4824;41.9909;-1;1;Autovettura privata;In marcia / fermata / arresto;Conducente;M;Illeso;0;;;
4210763;3;02/02/2019 00:15:00;Strada Urbana;VIA MONTICHIARI;in prossimità;;del civico n.;11;;Veicolo in marcia contro veicoli in sosta;Pendenza;Una carreggiata a senso unico di marcia;Bagnato (pioggia);Asfaltata;Assente;Pioggia in atto;Scarso;Sufficiente;Sufficiente;0;0;0;2;12.4824;41.9909;-1;1;Autovettura privata;In marcia / fermata / arresto;Passeggero;M;Illeso;0;;;