Protocollo;Gruppo;DataOraIncidente;Localizzazione1;STRADA1;Localizzazione2;STRADA2;Strada02;Chilometrica;DaSpecificare;NaturaIncidente;particolaritastrade;TipoStrada;FondoStradale;Pavimentazione;Segnaletica;CondizioneAtmosferica;Traffico;Visibilita;Illuminazione;NUM_FERITI;NUM_RISERVATA;NUM_MORTI;NUM_ILLESI;Longitudine;Latitudine;Confermato;Progressivo;TipoVeicolo;StatoVeicolo;TipoPersona;Sesso;Tipolesione;Deceduto;DecedutoDopo;CinturaCascoUtilizzato;Airbag;
4211570;15;03/02/2019 11:30:00;Strada Urbana;VIA BORGHESANO LUCCHESE;all'intersezione con;VIA DEI PRATI DEI PAPA;VIA DEI PRATI DEI PAPA;;;Scontro frontale/laterale SX fra veicoli in marcia;Intersezione non regolata/non segnalata;Una carreggiata a doppio senso;Asciutto;Asfaltata;Assente;Nuvoloso;Normale;Buona;Ore Diurne;0;0;0;3;12.4674;41.8671;-1;1;Autovettura privata;In marcia / fermata / arresto;Conducente;M;Illeso;0;;;Inesploso
4211570;15;03/02/2019 11:30:00;Strada Urbana;VIA BORGHESANO LUCCHESE;all'intersezione con;VIA DEI PRATI DEI PAPA;VIA DEI PRATI DEI PAPA;;;Scontro frontale/laterale SX fra veicoli in marcia;Intersezione non regolata/non segnalata;Una carreggiata a doppio senso;Asciutto;Asfaltata;Assente;Nuvoloso;Normale;Buona;Ore Diurne;0;0;0;3;12.4674;41.8671;-1;2;Autovettura privata;In marcia / fermata / arresto;Conducente;M;Illeso;0;;;
4211570;15;03/02/2019 11:30:00;Strada Urbana;VIA BORGHESANO LUCCHESE;all'intersezione con;VIA DEI PRATI DEI PAPA;VIA DEI PRATI DEI PAPA;;;Scontro frontale/laterale SX fra veicoli in marcia;Intersezione non regolata/non segnalata;Una carreggiata a doppio senso;Asciutto;Asfaltata;Assente;Nuvoloso;Normale;Buona;Ore Diurne;0;0;0;3;12.4674;41.8671;-1;2;Autovettura privata;In marcia / fermata / arresto;Passeggero;F;Illeso;0;;;Inesploso
4211586;11;04/02/2019 18:25:00;Strada Urbana;VIA DELL'ALMONE;in corrispondenza;;del civico n.;11;;Investimento di pedone;Rettilineo;Una carreggiata a doppio senso;Asciutto;Asfaltata;Verticale ed orizzontale;Sereno;Normale;Sufficiente;Sufficiente;1;0;0;1;12.5338;41.8603;-1;;;;Pedone;M;Rimandato;0;NON DECEDUTO;;
4211586;11;04/02/2019 18:25:00;Strada Urbana;VIA DELL'ALMONE;in corrispondenza;;del civico n.;11;;Investimento di pedone;Rettilineo;Una carreggiata a doppio senso;Asciutto;Asfaltata;Verticale ed orizzontale;Sereno;Normale;Sufficiente;Sufficiente;1;0;0;1;12.5338;41.8603;-1;1;Autovettura privata;In marcia / fermata / arresto;Conducente;M;Illeso;0;;;
4211593;20;04/02/2019 09:40:00;Strada Urbana;VIA ANGUILLARESE;all'intersezione con;VIA ANTONIO FURLAN;VIA ANTONIO FURLAN;;;Scontro frontale/laterale SX fra veicoli in marcia;Incrocio;Una carreggiata a doppio senso;Bagnato (pioggia);Asfaltata;Verticale ed orizzontale;Sereno;Normale;Buona;Ore Diurne;0;0;0;3;12.2922;42.0626;-1;1;Autovettura privata;In marcia / fermata / arresto;Conducente;F;Illeso;0;;Non accertato;
4211593;20;04/02/2019 09:40:00;Strada Urbana;VIA ANGUILLARESE;all'intersezione con;VIA ANTONIO FURLAN;VIA ANTONIO FURLAN;;;Scontro frontale/laterale SX fra veicoli in marcia;Incrocio;Una carreggiata a doppio senso;Bagnato (pioggia);Asfaltata;Verticale ed orizzontale;Sereno;Normale;Buona;Ore Diurne;0;0;0;3;12.2922;42.0626;-1;2;Autovettura privata;In marcia / fermata / arresto;Conducente;F;Illeso;0;;Non accertato;
4211593;20;04/02/2019 09:40:00;Strada Urbana;VIA ANGUILLARESE;all'intersezione con;VIA ANTONIO FURLAN;VIA ANTONIO FURLAN;;;Scontro frontale/laterale SX fra veicoli in marcia;Incrocio;Una carreggiata a doppio senso;Bagnato (pioggia);Asfaltata;Verticale ed orizzontale;Sereno;Normale;Buona;Ore Diurne;0;0;0;3;12.2922;42.0626;-1;2;Autovettura privata;In marcia / fermata / arresto;Passeggero;M;Illeso;0;;Non accertato;
4211607;15;03/02/2019 21:30:00;Strada Urbana;VIA ENRICO FERMI;da specificare;;;;fronte Via Guido Castelnuovo;Veicolo in marcia contro veicoli in sosta;Rettilineo;Due carreggiate;Bagnato (umidità in atto);Asfaltata;Assente;Sereno;Scarso;Sufficiente;Sufficiente;0;0;0;1;12.4725;41.8648;-1;1;Autovettura privata;Sosta;;;;;;;
4211607;15;03/02/2019 21:30:00;Strada Urbana;VIA ENRICO FERMI;da specificare;;;;fronte Via Guido Castelnuovo;Veicolo in marcia contro veicoli in sosta;Rettilineo;Due carreggiate;Bagnato (umidità in atto);Asfaltata;Assente;Sereno;Scarso;Sufficiente;Sufficiente;0;0;0;1;12.4725;41.8648;-1;2;Autovettura privata;Sosta;;;;;;;
4211607;15;03/02/2019 21:30:00;Strada Urbana;VIA ENRICO FERMI;da specificare;;;;fronte Via Guido Castelnuovo;Veicolo in marcia contro veicoli in sosta;Rettilineo;Due carreggiate;Bagnato (umidità in atto);Asfaltata;Assente;Sereno;Scarso;Sufficiente;Sufficiente;0;0;0;1;12.4725;41.8648;-1;3;Autoveicolo trasp.promisc.;In marcia / fermata / arresto;Conducente;M;Illeso;0;;Utilizzato;Inesploso
4211611;8;04/02/2019 07:50:00;Strada Urbana;VIA DI LUNGHEZZINA;in prossimità;;del civico n.;402;;Veicolo in marcia contro ostacolo accidentale;Rettilineo;Una carreggiata a doppio senso;Bagnato (pioggia);Con buche;Verticale ed orizzontale;Sereno;Normale;Buona;Ore Diurne;0;0;0;1;12.7272;41.9112;0;1;Autovettura privata;In marcia / fermata / arresto;Conducente;M;Illeso;0;;Non accertato;Inesploso
4211614;8;04/02/2019 10:50:00;Strada Urbana;VIA DI TOR BELLA MONACA;da specificare;;;;RAMPA USCITA GRA DIREZ. CASILINA;Veicolo in marcia contro ostacolo accidentale;Rettilineo;Una carreggiata a senso unico di marcia;Bagnato (pioggia);Con buche;Assente;Nebbia;Intenso;Buona;Ore Diurne;0;0;0;1;12.6282;41.8763;-1;1;Autovettura privata;In marcia / fermata / arresto;Conducente;F;Illeso;0;;;
4211622;8;04/02/2019 19:40:00;;VIA DI TOR BELLA MONACA;da specificare;;;;CORRISPONDENZA CAVALCAVIA TORRENOVA DIR. GRA;Veicolo in marcia contro ostacolo accidentale;;;;;;;;;;0;0;0;2;;;0;1;Autovettura privata;In marcia / fermata / arresto;Conducente;M;Illeso;0;;;
4211622;8;04/02/2019 19:40:00;;VIA DI TOR BELLA MONACA;da specificare;;;;CORRISPONDENZA CAVALCAVIA TORRENOVA DIR. GRA;Veicolo in marcia contro ostacolo accidentale;;;;;;;;;;0;0;0;2;;;0;1;Autovettura privata;In marcia / fermata / arresto;Passeggero;F;Illeso;0;;;
4211623;13;04/02/2019 09:45:00;Strada Urbana;VIALE DEI ROMAGNOLI;da specificare;;;;in pross. di via Guido Calza;Tamponamento Multiplo;Rettilineo;Una carreggiata a doppio senso;Asciutto;Asfaltata;Verticale ed orizzontale;Sereno;Normale;Buona;Ore Diurne;1;0;0;5;12.3224;41.7691;-1;1;Autobus di linea;In marcia / fermata / arresto;Conducente;M;Illeso;0;;Non accertato;Inesploso
4211623;13;04/02/2019 09:45:00;Strada Urbana;VIALE DEI ROMAGNOLI;da specificare;;;;in pross. di via Guido Calza;Tamponamento Multiplo;Rettilineo;Una carreggiata a doppio senso;Asciutto;Asfaltata;Verticale ed orizzontale;Sereno;Normale;Buona;Ore Diurne;1;0;0;5;12.3224;41.7691;-1;1;Autobus di linea;In marcia / fermata / arresto;Passeggero;F;Rimandato;0;NON DECEDUTO;Non accertato;Inesploso
4211623;13;04/02/2019 09:45:00;Strada Urbana;VIALE DEI ROMAGNOLI;da specificare;;;;in pross. di via Guido Calza;Tamponamento Multiplo;Rettilineo;Una carreggiata a doppio senso;Asciutto;Asfaltata;Verticale ed orizzontale;Sereno;Normale;Buona;Ore Diurne;1;0;0;5;12.3224;41.7691;-1;2;Autovettura privata;In marcia / fermata / arresto;Conducente;M;Illeso;0;;Non accertato;Inesploso
4211623;13;04/02/2019 09:45:00;Strada Urbana;VIALE DEI ROMAGNOLI;da specificare;;;;in pross. di via Guido Calza;Tamponamento Multiplo;Rettilineo;Una carreggiata a doppio senso;Asciutto;Asfaltata;Verticale ed orizzontale;Sereno;Normale;Buona;Ore Diurne;1;0;0;5;12.3224;41.7691;-1;3;Autovettura privata;In marcia / fermata / arresto;Conducente;M;Illeso;0;;Non accertato;Inesploso
4211623;13;04/02/2019 09:45:00;Strada Urbana;VIALE DEI ROMAGNOLI;da specificare;;;;in pross. di via Guido Calza;Tamponamento Multiplo;Rettilineo;Una carreggiata a doppio senso;Asciutto;Asfaltata;Verticale ed orizzontale;Sereno;Normale;Buona;Ore Diurne;1;0;0;5;12.3224;41.7691;-1;3;Autovettura privata;In marcia / fermata / arresto;Passeggero;F;Illeso;0;;Non accertato;Inesploso
4211623;13;04/02/2019 09:45:00;Strada Urbana;VIALE DEI ROMAGNOLI;da specificare;;;;in pross. di via Guido Calza;Tamponamento Multiplo;Rettilineo;Una carreggiata a doppio senso;Asciutto;Asfaltata;Verticale ed orizzontale;Sereno;Normale;Buona;Ore Diurne;1;0;0;5;12.3224;41.7691;-1;4;Autoarticolato;In marcia / fermata / arresto;Conducente;M;Illeso;0;;Non accertato;Inesploso
4211627;20;04/02/2019 08:15:00;Strada Urbana;VIA CASSIA;in corrispondenza;;del civico n.;1920;;Veicolo in marcia contro ostacolo accidentale;Rettilineo;Una carreggiata a doppio senso;Asciutto;Strada pavimentata dissestata;Verticale ed orizzontale;Sereno;Normale;Buona;Ore Diurne;0;0;0;1;12.3771;42.0259;-1;1;Autovettura privata;In marcia / fermata / arresto;Conducente;F;Illeso;0;;;
4211631;4;04/02/2019 14:35:00;Provinciale entro l'abitato;VIA NOMENTANA;in corrispondenza;;del civico n.;578;;Tamponamento;Curva a visuale libera;Una carreggiata a doppio senso;Asciutto;Asfaltata;Orizzontale;Sereno;Normale;Buona;Ore Diurne;1;0;0;2;12.5395;41.9369;-1;1;Autovettura privata;In marcia / fermata / arresto;Conducente;M;Illeso;0;;Non accertato;
4211631;4;04/02/2019 14:35:00;Provinciale entro l'abitato;VIA NOMENTANA;in corrispondenza;;del civico n.;578;;Tamponamento;Curva a visuale libera;Una carreggiata a doppio senso;Asciutto;Asfaltata;Orizzontale;Sereno;Normale;Buona;Ore Diurne;1;0;0;2;12.5395;41.9369;-1;1;Autovettura privata;In marcia / fermata / arresto;Passeggero;M;Illeso;0;;Non accertato;
4211631;4;04/02/2019 14:35:00;Provinciale entro l'abitato;VIA NOMENTANA;in corrispondenza;;del civico n.;578;;Tamponamento;Curva a visuale libera;Una carreggiata a doppio senso;Asciutto;Asfaltata;Orizzontale;Sereno;Normale;Buona;Ore Diurne;1;0;0;2;12.5395;41.9369;-1;2;Motociclo a solo;In marcia / fermata / arresto;Conducente;M;Rimandato;0;NON DECEDUTO;Non accertato;
4211634;15;04/02/2019 08:22:00;Strada Urbana;LUNGOTEVERE VITTORIO GASSMAN;all'intersezione con;VIA GUIDO COSTANZI;VIA GUIDO COSTANZI;;;Veicolo in marcia contro ostacolo accidentale;Intersezione non regolata/non segnalata;Una carreggiata a doppio senso;Asciutto;Asfaltata;Verticale ed orizzontale;Sereno;Intenso;Buona;Ore Diurne;0;0;0;2;12.4725;41.8692;-1;1;Autovettura privata;In marcia / fermata / arresto;Conducente;M;Illeso;0;;Utilizzato;Inesploso
4211634;15;04/02/2019 08:22:00;Strada Urbana;LUNGOTEVERE VITTORIO GASSMAN;all'intersezione con;VIA GUIDO COSTANZI;VIA GUIDO COSTANZI;;;Veicolo in marcia contro ostacolo accidentale;Intersezione non regolata/non segnalata;Una carreggiata a doppio senso;Asciutto;Asfaltata;Verticale ed orizzontale;Sereno;Intenso;Buona;Ore Diurne;0;0;0;2;12.4725;41.8692;-1;1;Autovettura privata;In marcia / fermata / arresto;Passeggero;M;Illeso;0;;Utilizzato;Inesploso
4211636;13;04/02/2019 07:50:00;Strada Urbana;VIA BEDONIA;all'intersezione con;VIA POGGIO RENATICO;VIA POGGIO RENATICO;;;Scontro frontale/laterale DX fra veicoli in marcia;Incrocio;Una carreggiata a doppio senso;Bagnato (umidità in atto);Asfaltata;Assente;Sereno;Scarso;Insufficiente;Ore Diurne;0;0;0;5;12.3778;41.7806;-1;1;Autovettura privata;In marcia / fermata / arresto;Conducente;F;Illeso;0;;;
4211636;13;04/02/2019 07:50:00;Strada Urbana;VIA BEDONIA;all'intersezione con;VIA POGGIO RENATICO;VIA POGGIO RENATICO;;;Scontro frontale/laterale DX fra veicoli in marcia;Incrocio;Una carreggiata a doppio senso;Bagnato (umidità in atto);Asfaltata;Assente;Sereno;Scarso;Insufficiente;Ore Diurne;0;0;0;5;12.3778;41.7806;-1;1;Autovettura privata;In marcia / fermata / arresto;Passeggero;M;Illeso;0;;;
4211636;13;04/02/2019 07:50:00;Strada Urbana;VIA BEDONIA;all'intersezione con;VIA POGGIO RENATICO;VIA POGGIO RENATICO;;;Scontro frontale/laterale DX fra veicoli in marcia;Incrocio;Una carreggiata a doppio senso;Bagnato (umidità in atto);Asfaltata;Assente;Sereno;Scarso;Insufficiente;Ore Diurne;0;0;0;5;12.3778;41.7806;-1;1;Autovettura privata;In marcia / fermata / arresto;Passeggero;M;Illeso;0;;;
4211636;13;04/02/2019 07:50:00;Strada Urbana;VIA BEDONIA;all'intersezione con;VIA POGGIO RENATICO;VIA POGGIO RENATICO;;;Scontro frontale/laterale DX fra veicoli in marcia;Incrocio;Una carreggiata a doppio senso;Bagnato (umidità in atto);Asfaltata;Assente;Sereno;Scarso;Insufficiente;Ore Diurne;0;0;0;5;12.3778;41.7806;-1;1;Autovettura privata;In marcia / fermata / arresto;Passeggero;M;Illeso;0;;;
4211636;13;04/02/2019 07:50:00;Strada Urbana;VIA BEDONIA;all'intersezione con;VIA POGGIO RENATICO;VIA POGGIO RENATICO;;;Scontro frontale/laterale DX fra veicoli in marcia;Incrocio;Una carreggiata a doppio senso;Bagnato (umidità in atto);Asfaltata;Assente;Sereno;Scarso;Insufficiente;Ore Diurne;0;0;0;5;12.3778;41.7806;-1;2;Autovettura privata;In marcia / fermata / arresto;Conducente;M;Illeso;0;;;
4211641;20;04/02/2019 12:00:00;Strada Urbana;VIA FLAMINIA;da specificare;;;;prossimità svicolo Via Quarto Peperino;Veicolo in marcia contro ostacolo accidentale;Rettilineo;Due carreggiate;Asciutto;Asfaltata;Orizzontale;Sereno;Normale;Buona;Ore Diurne;0;0;0;1;12.4718;41.9419;-1;1;Motociclo con passeggero;In marcia / fermata / arresto;Conducente;M;Illeso;0;;Non accertato;
4211644;15;04/02/2019 13:00:00;Strada Urbana;LARGO GIUSEPPE PETRELLI;da specificare;;;;in corrispondenza del capolinea bus 711;Veicolo in marcia contro veicoli in sosta;Rettilineo;Una carreggiata a doppio senso;Asciutto;Asfaltata;Verticale ed orizzontale;Sereno;Intenso;Buona;Ore Diurne;0;0;0;1;12.4475;41.847;-1;1;Autovettura privata;In marcia / fermata / arresto;Conducente;M;Illeso;0;;;Inesploso
4211644;15;04/02/2019 13:00:00;Strada Urbana;LARGO GIUSEPPE PETRELLI;da specificare;;;;in corrispondenza del capolinea bus 711;Veicolo in marcia contro veicoli in sosta;Rettilineo;Una carreggiata a doppio senso;Asciutto;Asfaltata;Verticale ed orizzontale;Sereno;Intenso;Buona;Ore Diurne;0;0;0;1;12.4475;41.847;-1;2;Autovettura privata;Sosta;;;;;;;
4211649;20;04/02/2019 17:00:00;Regionale entro l'abitato;VIA FLAMINIA;in corrispondenza;;del civico n.;1113;;Scontro laterale fra veicoli in marcia;Rettilineo;Due carreggiate;Asciutto;Asfaltata;Verticale ed orizzontale;Sereno;Intenso;Buona;Ore Diurne;0;0;0;2;12.493;41.9841;-1;1;Autobus urbano;In marcia / fermata / arresto;Conducente;F;Illeso;0;;Non accertato;Inesploso
4211649;20;04/02/2019 17:00:00;Regionale entro l'abitato;VIA FLAMINIA;in corrispondenza;;del civico n.;1113;;Scontro laterale fra veicoli in marcia;Rettilineo;Due carreggiate;Asciutto;Asfaltata;Verticale ed orizzontale;Sereno;Intenso;Buona;Ore Diurne;0;0;0;2;12.493;41.9841;-1;2;Autovettura privata;In marcia / fermata / arresto;Conducente;M;Illeso;0;;Non accertato;Inesploso
4211653;20;04/02/2019 17:00:00;Regionale entro l'abitato;VIA CASSIA;all'intersezione con;VIA DELL'ISOLA FARNESE;VIA DELL'ISOLA FARNESE;;;Veicolo in marcia contro ostacolo accidentale;Incrocio;Una carreggiata a doppio senso;Asciutto;Strada pavimentata dissestata;Verticale ed orizzontale;Sereno;Normale;Sufficiente;Ore Diurne;0;0;0;1;12.3779;42.013;-1;1;Quadriciclo leggero;In marcia / fermata / arresto;Conducente;M;Illeso;0;;Non accertato;Inesistente
4211664;1;04/02/2019 17:20:00;Strada Urbana;SALITA DEL GRILLO;in corrispondenza;;del civico n.;10;;Veicolo in marcia contro ostacolo accidentale;Rettilineo;Una carreggiata a senso unico di marcia;Asciutto;Asfaltata;Verticale ed orizzontale;Sereno;Normale;Buona;Sufficiente;0;0;0;1;12.487;41.8956;-1;1;Motociclo di polizia;In marcia / fermata / arresto;Conducente;M;Illeso;0;;Utilizzato;
4211671;13;04/02/2019 07:05:00;Strada Urbana;VIA DEL FOSSO DI DRAGONCELLO;all'intersezione con;VIA DEI PESCATORI;VIA DEI PESCATORI;;;Scontro frontale/laterale SX fra veicoli in marcia;Intersezione non regolata/non segnalata;Una carreggiata a doppio senso;Bagnato (umidità in atto);Asfaltata;Verticale ed orizzontale;Sereno;Normale;Buona;Ore Diurne;0;0;0;2;12.3299;41.7577;-1;1;Autovettura privata;In marcia / fermata / arresto;Conducente;M;Illeso;0;;;
4211671;13;04/02/2019 07:05:00;Strada Urbana;VIA DEL FOSSO DI DRAGONCELLO;all'intersezione con;VIA DEI PESCATORI;VIA DEI PESCATORI;;;Scontro frontale/laterale SX fra veicoli in marcia;Intersezione non regolata/non segnalata;Una carreggiata a doppio senso;Bagnato (umidità in atto);Asfaltata;Verticale ed orizzontale;Sereno;Normale;Buona;Ore Diurne;0;0;0;2;12.3299;41.7577;-1;2;Autovettura privata;In marcia / fermata / arresto;Conducente;M;Illeso;0;;;
4211675;15;04/02/2019 14:25:00;Strada Urbana;VIADOTTO DELLA MAGLIANA;da specificare;;;;poco prima della rampaxVia della Magliana dir. FC;Veicolo in marcia contro ostacolo accidentale;Rettilineo;Due carreggiate;Asciutto;Con buche;Verticale ed orizzontale;Sereno;Normale;Buona;Ore Diurne;0;0;0;1;12.4631;41.8417;-1;1;Autovettura privata;In marcia / fermata / arresto;Conducente;M;Illeso;0;;Utilizzato;Inesploso
4211679;20;04/02/2019 16:00:00;Strada Urbana;LUNGOTEVERE MARESCIALLO DIAZ;in prossimità;;del palo luce n.;14;;Tamponamento;Rettilineo;Due carreggiate;Asciutto;Asfaltata;Verticale ed orizzontale;Sereno;Normale;Buona;Ore Diurne;1;0;0;2;12.462;41.9339;-1;1;Autovettura privata;In marcia / fermata / arresto;Conducente;M;Illeso;0;;Non accertato;Inesploso
4211679;20;04/02/2019 16:00:00;Strada Urbana;LUNGOTEVERE MARESCIALLO DIAZ;in prossimità;;del palo luce n.;14;;Tamponamento;Rettilineo;Due carreggiate;Asciutto;Asfaltata;Verticale ed orizzontale;Sereno;Normale;Buona;Ore Diurne;1;0;0;2;12.462;41.9339;-1;1;Autovettura privata;In marcia / fermata / arresto;Passeggero;M;Illeso;0;;Non accertato;Inesploso
4211679;20;04/02/2019 16:00:00;Strada Urbana;LUNGOTEVERE MARESCIALLO DIAZ;in prossimità;;del palo luce n.;14;;Tamponamento;Rettilineo;Due carreggiate;Asciutto;Asfaltata;Verticale ed orizzontale;Sereno;Normale;Buona;Ore Diurne;1;0;0;2;12.462;41.9339;-1;2;Motociclo a solo;In marcia / fermata / arresto;Conducente;M;Rimandato;0;NON DECEDUTO;Non accertato;
4211680;3;04/02/2019 11:00:00;Strada Urbana;tang. Est;da specificare;;;;altezza A24  dir.ne Salaria rampa di immissione ;Scontro laterale fra veicoli in marcia;Curva senza visuale libera;Una carreggiata a senso unico di marcia;Asciutto;Asfaltata;Verticale ed orizzontale;Sereno;Normale;Buona;Ore Diurne;0;0;0;2;12.5282;41.9181;-1;1;Autovettura privata;In marcia / fermata / arresto;Conducente;M;Illeso;0;;;
4211680;3;04/02/2019 11:00:00;Strada Urbana;tang. Est;da specificare;;;;altezza A24  dir.ne Salaria rampa di immissione ;Scontro laterale fra veicoli in marcia;Curva senza visuale libera;Una carreggiata a senso unico di marcia;Asciutto;Asfaltata;Verticale ed orizzontale;Sereno;Normale;Buona;Ore Diurne;0;0;0;2;12.5282;41.9181;-1;2;Autovettura privata;In marcia / fermata / arresto;Conducente;M;Illeso;0;;;
4211695;1;04/02/2019 23:35:00;Strada Urbana;VIA DI CAPO LE CASE;in prossimità;;del civico n.;14;;Veicolo in marcia contro veicoli in sosta;Rettilineo;Una carreggiata a senso unico di marcia;Asciutto;Acciotolata;Verticale ed orizzontale;Sereno;Scarso;Sufficiente;Sufficiente;0;0;0;0;12.4849;41.9039;-1;1;Autovettura privata;In marcia / fermata / arresto;;;;;;;
4211695;1;04/02/2019 23:35:00;Strada Urbana;VIA DI CAPO LE CASE;in prossimità;;del civico n.;14;;Veicolo in marcia contro veicoli in sosta;Rettilineo;Una carreggiata a senso unico di marcia;Asciutto;Acciotolata;Verticale ed orizzontale;Sereno;Scarso;Sufficiente;Sufficiente;0;0;0;0;12.4849;41.9039;-1;2;Motociclo a solo;Sosta;;;;;;;
4211695;1;04/02/2019 23:35:00;Strada Urbana;VIA DI CAPO LE CASE;in prossimità;;del civico n.;14;;Veicolo in marcia contro veicoli in sosta;Rettilineo;Una carreggiata a senso unico di marcia;Asciutto;Acciotolata;Verticale ed orizzontale;Sereno;Scarso;Sufficiente;Sufficiente;0;0;0;0;12.4849;41.9039;-1;3;Motociclo a solo;Sosta;;;;;;;
4211695;1;04/02/2019 23:35:00;Strada Urbana;VIA DI CAPO LE CASE;in prossimità;;del civico n.;14;;Veicolo in marcia contro veicoli in sosta;Rettilineo;Una carreggiata a senso unico di marcia;Asciutto;Acciotolata;Verticale ed orizzontale;Sereno;Scarso;Sufficiente;Sufficiente;0;0;0;0;12.4849;41.9039;-1;4;Motociclo a solo;Sosta;;;;;;;
4211695;1;04/02/2019 23:35:00;Strada Urbana;VIA DI CAPO LE CASE;in prossimità;;del civico n.;14;;Veicolo in marcia contro veicoli in sosta;Rettilineo;Una carreggiata a senso unico di marcia;Asciutto;Acciotolata;Verticale ed orizzontale;Sereno;Scarso;Sufficiente;Sufficiente;0;0;0;0;12.4849;41.9039;-1;5;Motociclo a solo;Sosta;;;;;;;
4211702;20;04/02/2019 06:10:00;Strada Urbana;VIA DEL FORO ITALICO;da specificare;;;;rampa di immiss. dir. Salaria inr. V. Tor di Quint;Veicolo in marcia contro ostacolo accidentale;Rettilineo;Una carreggiata a senso unico di marcia;Bagnato (brina);Asfaltata;Verticale ed orizzontale;Sereno;Normale;Buona;Insufficiente;0;0;0;2;12.4818;41.9402;-1;1;Autovettura privata;In marcia / fermata / arresto;Conducente;M;Illeso;0;;;
4211702;20;04/02/2019 06:10:00;Strada Urbana;VIA DEL FORO ITALICO;da specificare;;;;rampa di immiss. dir. Salaria inr. V. Tor di Quint;Veicolo in marcia contro ostacolo accidentale;Rettilineo;Una carreggiata a senso unico di marcia;Bagnato (brina);Asfaltata;Verticale ed orizzontale;Sereno;Normale;Buona;Insufficiente;0;0;0;2;12.4818;41.9402;-1;1;Autovettura privata;In marcia / fermata / arresto;Passeggero;F;Illeso;0;;;
4211703;15;04/02/2019 11:55:00;Strada Urbana;PIAZZA DELLA RADIO;da specificare;;;;prox fronte civico 5 (dir. Viale G.Marconi);Tamponamento;Rettilineo;Due carreggiate;Asciutto;Asfaltata;Verticale ed orizzontale;Sereno;Normale;Buona;Ore Diurne;0;0;0;5;12.4669;41.87;-1;1;Autovettura privata;In marcia / fermata / arresto;Conducente;M;Illeso;0;;;
4211703;15;04/02/2019 11:55:00;Strada Urbana;PIAZZA DELLA RADIO;da specificare;;;;prox fronte civico 5 (dir. Viale G.Marconi);Tamponamento;Rettilineo;Due carreggiate;Asciutto;Asfaltata;Verticale ed orizzontale;Sereno;Normale;Buona;Ore Diurne;0;0;0;5;12.4669;41.87;-1;1;Autovettura privata;In marcia / fermata / arresto;Passeggero;F;Illeso;0;;Non accertato;Inesploso
4211703;15;04/02/2019 11:55:00;Strada Urbana;PIAZZA DELLA RADIO;da specificare;;;;prox fronte civico 5 (dir. Viale G.Marconi);Tamponamento;Rettilineo;Due carreggiate;Asciutto;Asfaltata;Verticale ed orizzontale;Sereno;Normale;Buona;Ore Diurne;0;0;0;5;12.4669;41.87;-1;2;Autovettura privata;In marcia / fermata / arresto;Conducente;M;Illeso;0;;Non accertato;Inesploso
4211703;15;04/02/2019 11:55:00;Strada Urbana;PIAZZA DELLA RADIO;da specificare;;;;prox fronte civico 5 (dir. Viale G.Marconi);Tamponamento;Rettilineo;Due carreggiate;Asciutto;Asfaltata;Verticale ed orizzontale;Sereno;Normale;Buona;Ore Diurne;0;0;0;5;12.4669;41.87;-1;2;Autovettura privata;In marcia / fermata / arresto;Passeggero;M;Illeso;0;;;
4211703;15;04/02/2019 11:55:00;Strada Urbana;PIAZZA DELLA RADIO;da specificare;;;;prox fronte civico 5 (dir. Viale G.Marconi);Tamponamento;Rettilineo;Due carreggiate;Asciutto;Asfaltata;Verticale ed orizzontale;Sereno;Normale;Buona;Ore Diurne;0;0;0;5;12.4669;41.87;-1;2;Autovettura privata;In marcia / fermata / arresto;Passeggero;F;Illeso;0;;;
4211717;18;03/02/2019 20:30:00;Strada Urbana;VIA DI TORREVECCHIA;in corrispondenza;;del civico n.;1021;;Veicolo in marcia contro ostacolo accidentale;Rettilineo;Una carreggiata a doppio senso;Bagnato (pioggia);Con buche;Verticale ed orizzontale;Nuvoloso;Scarso;Buona;Sufficiente;1;0;0;0;12.4055;41.9132;-1;1;Motociclo a solo;In marcia / fermata / arresto;Conducente;M;Rimandato;0;NON DECEDUTO;;
4211719;15;04/02/2019 17:00:00;Strada Urbana;VIA DELLA MURATELLA;all'intersezione con;VIALE DI PESCINA GAGLIARDA;VIALE DI PESCINA GAGLIARDA;;;Scontro laterale fra veicoli in marcia;Incrocio;Una carreggiata a doppio senso;Asciutto;Asfaltata;Verticale ed orizzontale;Sereno;Normale;Buona;Ore Diurne;0;0;0;6;12.2585;41.8576;-1;1;Autovettura privata;In marcia / fermata / arresto;Conducente;F;Illeso;0;;Non utilizzato;Inesploso
4211719;15;04/02/2019 17:00:00;Strada Urbana;VIA DELLA MURATELLA;all'intersezione con;VIALE DI PESCINA GAGLIARDA;VIALE DI PESCINA GAGLIARDA;;;Scontro laterale fra veicoli in marcia;Incrocio;Una carreggiata a doppio senso;Asciutto;Asfaltata;Verticale ed orizzontale;Sereno;Normale;Buona;Ore Diurne;0;0;0;6;12.2585;41.8576;-1;1;Autovettura privata;In marcia / fermata / arresto;Passeggero;F;Illeso;0;;Non accertato;
4211719;15;04/02/2019 17:00:00;Strada Urbana;VIA DELLA MURATELLA;all'intersezione con;VIALE DI PESCINA GAGLIARDA;VIALE DI PESCINA GAGLIARDA;;;Scontro laterale fra veicoli in marcia;Incrocio;Una carreggiata a doppio senso;Asciutto;Asfaltata;Verticale ed orizzontale;Sereno;Normale;Buona;Ore Diurne;0;0;0;6;12.2585;41.8576;-1;1;Autovettura privata;In marcia / fermata / arresto;Passeggero;F;Illeso;0;;Non accertato;Inesploso