Protocollo;Gruppo;DataOraIncidente;Localizzazione1;STRADA1;Localizzazione2;STRADA2;Strada02;Chilometrica;DaSpecificare;NaturaIncidente;particolaritastrade;TipoStrada;FondoStradale;Pavimentazione;Segnaletica;CondizioneAtmosferica;Traffico;Visibilita;Illuminazione;NUM_FERITI;NUM_RISERVATA;NUM_MORTI;NUM_ILLESI;Longitudine;Latitudine;Confermato;Progressivo;TipoVeicolo;StatoVeicolo;TipoPersona;Sesso;Tipolesione;Deceduto;DecedutoDopo;CinturaCascoUtilizzato;Airbag;
4213336;19;05/02/2019 14:45:00;Strada Urbana;VIA DELLA BALDUINA;da specificare;;;;fronte civ. 175;Veicolo in marcia contro ostacolo accidentale;Rettilineo;Una carreggiata a doppio senso;Asciutto;Asfaltata;Verticale;Sereno;Normale;Buona;Ore Diurne;0;0;0;1;12.4404;41.9207;-1;1;Autobus di linea;In marcia / fermata / arresto;Conducente;M;Illeso;0;;Non accertato;Inesploso
4213337;5;05/02/2019 21:15:00;Strada Urbana;VIA TIBURTINA;in prossimità;;del civico n.;601;;Scontro frontale/laterale DX fra veicoli in marcia;Rettilineo;Due carreggiate;Asciutto;Asfaltata;Verticale ed orizzontale;Nuvoloso;Normale;Buona;Sufficiente;0;0;0;2;12.5449;41.9089;-1;1;Autovettura privata;In marcia / fermata / arresto;Conducente;M;Illeso;0;;Non accertato;Esploso
4213337;5;05/02/2019 21:15:00;Strada Urbana;VIA TIBURTINA;in prossimità;;del civico n.;601;;Scontro frontale/laterale DX fra veicoli in marcia;Rettilineo;Due carreggiate;Asciutto;Asfaltata;Verticale ed orizzontale;Nuvoloso;Normale;Buona;Sufficiente;0;0;0;2;12.5449;41.9089;-1;2;Autovettura privata;Sosta;;;;;;;
4213337;5;05/02/2019 21:15:00;Strada Urbana;VIA TIBURTINA;in prossimità;;del civico n.;601;;Scontro frontale/laterale DX fra veicoli in marcia;Rettilineo;Due carreggiate;Asciutto;Asfaltata;Verticale ed orizzontale;Nuvoloso;Normale;Buona;Sufficiente;0;0;0;2;12.5449;41.9089;-1;3;Autovettura privata;In marcia / fermata / arresto;Conducente;M;Illeso;0;;Non accertato;Inesploso
4213338;8;05/02/2019 08:20:00;Strada Urbana;VIA DI TOR BELLA MONACA;in prossimità;;del civico n.;349;;Veicolo in marcia contro ostacolo accidentale;Rettilineo;Due carreggiate;Asciutto;Asfaltata;Orizzontale;Sereno;Normale;Buona;Ore Diurne;0;0;0;1;12.6273;41.8772;-1;1;Motociclo a solo;In marcia / fermata / arresto;Conducente;M;Illeso;0;;Non accertato;
4213341;8;05/02/2019 19:20:00;Strada Urbana;VIA SELLIA;all'intersezione con;VIA DI ROCCA CENCIA;VIA DI ROCCA CENCIA;;;Scontro frontale/laterale DX fra veicoli in marcia;Intersezione stradale segnalata;Una carreggiata a doppio senso;Asciutto;Asfaltata;Verticale ed orizzontale;Sereno;Normale;Sufficiente;Sufficiente;1;0;0;1;12.6904;41.8708;-1;1;Autovettura privata;In marcia / fermata / arresto;Conducente;M;Illeso;0;;Non accertato;
4213341;8;05/02/2019 19:20:00;Strada Urbana;VIA SELLIA;all'intersezione con;VIA DI ROCCA CENCIA;VIA DI ROCCA CENCIA;;;Scontro frontale/laterale DX fra veicoli in marcia;Intersezione stradale segnalata;Una carreggiata a doppio senso;Asciutto;Asfaltata;Verticale ed orizzontale;Sereno;Normale;Sufficiente;Sufficiente;1;0;0;1;12.6904;41.8708;-1;2;Velocipede;In marcia / fermata / arresto;Conducente;M;Rifiuta cure immediate;0;NON DECEDUTO;Esente;
4213350;19;05/02/2019 18:50:00;Strada Urbana;VIA DELLA BALDUINA;all'intersezione con;VIA UGO DE CAROLIS;VIA UGO DE CAROLIS;;;Scontro laterale fra veicoli in marcia;Incrocio;Una carreggiata a doppio senso;Asciutto;Asfaltata;Assente;Sereno;Normale;Buona;Sufficiente;1;0;0;1;12.4382;41.9216;-1;1;Autovettura privata;In marcia / fermata / arresto;Conducente;F;Illeso;0;;Non accertato;Inesploso
4213350;19;05/02/2019 18:50:00;Strada Urbana;VIA DELLA BALDUINA;all'intersezione con;VIA UGO DE CAROLIS;VIA UGO DE CAROLIS;;;Scontro laterale fra veicoli in marcia;Incrocio;Una carreggiata a doppio senso;Asciutto;Asfaltata;Assente;Sereno;Normale;Buona;Sufficiente;1;0;0;1;12.4382;41.9216;-1;2;Motociclo a solo;In marcia / fermata / arresto;Conducente;M;Rimandato;0;NON DECEDUTO;Non accertato;
4213354;11;05/02/2019 19:20:00;Strada Urbana;VIA ARDEATINA;da specificare;;;;prossimità via di Fioranello;Veicolo in marcia contro ostacolo accidentale;Rettilineo;Una carreggiata a doppio senso;Asciutto;Asfaltata;Verticale ed orizzontale;Sereno;Normale;Buona;Sufficiente;0;0;0;1;12.5348;41.7959;-1;1;Motociclo a solo;In marcia / fermata / arresto;Conducente;M;Illeso;0;;Non accertato;
4213367;4;05/02/2019 10:35:00;Strada Urbana;PIAZZALE JONIO;da specificare;;;;fronte civico n. 42;Scontro laterale fra veicoli in marcia;Rotatoria;Due carreggiate;Asciutto;Asfaltata;Verticale ed orizzontale;Sereno;Normale;Buona;Ore Diurne;0;0;0;2;12.5262;41.9457;-1;1;Autovettura privata;In marcia / fermata / arresto;Conducente;M;Illeso;0;;Non accertato;Inesploso
4213367;4;05/02/2019 10:35:00;Strada Urbana;PIAZZALE JONIO;da specificare;;;;fronte civico n. 42;Scontro laterale fra veicoli in marcia;Rotatoria;Due carreggiate;Asciutto;Asfaltata;Verticale ed orizzontale;Sereno;Normale;Buona;Ore Diurne;0;0;0;2;12.5262;41.9457;-1;2;Autovettura privata;In marcia / fermata / arresto;Conducente;M;Illeso;0;;Non accertato;Inesploso
4213370;15;05/02/2019 23:50:00;Strada Urbana;VIA PORTUENSE;in corrispondenza;;del civico n.;856;;Scontro laterale fra veicoli in marcia;Curva a visuale libera;Una carreggiata a doppio senso;Asciutto;Asfaltata;Orizzontale;Sereno;Scarso;Sufficiente;Sufficiente;1;0;0;2;12.4187;41.8479;-1;1;Autovettura privata;In marcia / fermata / arresto;Conducente;F;Rimandato;0;NON DECEDUTO;Non accertato;Inesploso
4213370;15;05/02/2019 23:50:00;Strada Urbana;VIA PORTUENSE;in corrispondenza;;del civico n.;856;;Scontro laterale fra veicoli in marcia;Curva a visuale libera;Una carreggiata a doppio senso;Asciutto;Asfaltata;Orizzontale;Sereno;Scarso;Sufficiente;Sufficiente;1;0;0;2;12.4187;41.8479;-1;2;Autovettura privata;In marcia / fermata / arresto;Conducente;F;Illeso;0;;Non accertato;Inesploso
4213370;15;05/02/2019 23:50:00;Strada Urbana;VIA PORTUENSE;in corrispondenza;;del civico n.;856;;Scontro laterale fra veicoli in marcia;Curva a visuale libera;Una carreggiata a doppio senso;Asciutto;Asfaltata;Orizzontale;Sereno;Scarso;Sufficiente;Sufficiente;1;0;0;2;12.4187;41.8479;-1;2;Autovettura privata;In marcia / fermata / arresto;Passeggero;F;Illeso;0;;Non accertato;Inesploso
4213371;11;05/02/2019 14:45:00;Strada Urbana;VIA DI VIGNA MURATA;in prossimità;;del civico n.;9;;Investimento di pedone;Curva a visuale libera;Una carreggiata a senso unico di marcia;Asciutto;Asfaltata;Verticale ed orizzontale;Sereno;Normale;Buona;Ore Diurne;1;0;0;1;12.4808;41.8275;-1;;;;Pedone;M;Rimandato;0;NON DECEDUTO;;
4213371;11;05/02/2019 14:45:00;Strada Urbana;VIA DI VIGNA MURATA;in prossimità;;del civico n.;9;;Investimento di pedone;Curva a visuale libera;Una carreggiata a senso unico di marcia;Asciutto;Asfaltata;Verticale ed orizzontale;Sereno;Normale;Buona;Ore Diurne;1;0;0;1;12.4808;41.8275;-1;1;Autovettura privata;In marcia / fermata / arresto;Conducente;M;Illeso;0;;Non accertato;
4213401;20;05/02/2019 22:00:00;Strada Urbana;VIA CASSIA;all'intersezione con;VIA GIACOMO ANDREASSI;VIA GIACOMO ANDREASSI;;;Veicolo in marcia contro ostacolo accidentale;Incrocio;Una carreggiata a doppio senso;Asciutto;Con buche;Verticale ed orizzontale;Sereno;Scarso;Buona;Sufficiente;0;0;0;1;12.3885;41.9978;-1;1;Autovettura privata;In marcia / fermata / arresto;Conducente;M;Illeso;0;;;
4213402;20;05/02/2019 16:45:00;Strada Urbana;VIA CASSIA;in prossimità;;del civico n.;395;;Veicolo in marcia contro ostacolo accidentale;Rettilineo;Una carreggiata a doppio senso;Asciutto;Asfaltata;Orizzontale;Sereno;Normale;Buona;Ore Diurne;0;0;0;1;12.4559;41.9535;-1;1;Motociclo con passeggero;In marcia / fermata / arresto;Conducente;M;Illeso;0;;Non accertato;
4213406;7;06/02/2019 09:45:00;Strada Urbana;VIA MARCELLO BOGLIONE;all'intersezione con;VIA GIOVANNI CAPRANESI;VIA GIOVANNI CAPRANESI;;;Veicolo in marcia contro veicolo in sosta;Incrocio;Una carreggiata a doppio senso;Asciutto;Asfaltata;Verticale ed orizzontale;Sereno;Normale;Buona;Ore Diurne;0;0;0;1;12.6111;41.9008;-1;1;Autovettura privata;In marcia / fermata / arresto;Conducente;M;Illeso;0;;Non accertato;Inesploso
4213406;7;06/02/2019 09:45:00;Strada Urbana;VIA MARCELLO BOGLIONE;all'intersezione con;VIA GIOVANNI CAPRANESI;VIA GIOVANNI CAPRANESI;;;Veicolo in marcia contro veicolo in sosta;Incrocio;Una carreggiata a doppio senso;Asciutto;Asfaltata;Verticale ed orizzontale;Sereno;Normale;Buona;Ore Diurne;0;0;0;1;12.6111;41.9008;-1;2;Autovettura privata;Sosta;;;;;;;
4213414;17;05/02/2019 18:30:00;Strada Urbana;VIALE DELLE MEDAGLIE D'ORO;in prossimità;;del civico n.;36;;Scontro laterale fra veicoli in marcia;Rettilineo;Una carreggiata a doppio senso;Asciutto;Asfaltata;Verticale ed orizzontale;Sereno;Normale;Buona;Sufficiente;0;0;0;4;12.4471;41.9104;-1;1;Autovettura privata;In marcia / fermata / arresto;Conducente;M;Illeso;0;;;
4213414;17;05/02/2019 18:30:00;Strada Urbana;VIALE DELLE MEDAGLIE D'ORO;in prossimità;;del civico n.;36;;Scontro laterale fra veicoli in marcia;Rettilineo;Una carreggiata a doppio senso;Asciutto;Asfaltata;Verticale ed orizzontale;Sereno;Normale;Buona;Sufficiente;0;0;0;4;12.4471;41.9104;-1;2;Motociclo a solo;In marcia / fermata / arresto;Conducente;M;Illeso;0;;;
4213414;17;05/02/2019 18:30:00;Strada Urbana;VIALE DELLE MEDAGLIE D'ORO;in prossimità;;del civico n.;36;;Scontro laterale fra veicoli in marcia;Rettilineo;Una carreggiata a doppio senso;Asciutto;Asfaltata;Verticale ed orizzontale;Sereno;Normale;Buona;Sufficiente;0;0;0;4;12.4471;41.9104;-1;2;Motociclo a solo;In marcia / fermata / arresto;Passeggero;M;Illeso;0;;;
4213414;17;05/02/2019 18:30:00;Strada Urbana;VIALE DELLE MEDAGLIE D'ORO;in prossimità;;del civico n.;36;;Scontro laterale fra veicoli in marcia;Rettilineo;Una carreggiata a doppio senso;Asciutto;Asfaltata;Verticale ed orizzontale;Sereno;Normale;Buona;Sufficiente;0;0;0;4;12.4471;41.9104;-1;3;Autovettura privata;In marcia / fermata / arresto;Conducente;F;Illeso;0;;;
4213426;15;06/02/2019 10:00:00;Strada Urbana;VIA DELLA MAGLIANA;da specificare;;;;fronte civico 138;Veicolo in marcia contro ostacolo fisso;Rettilineo;Una carreggiata a doppio senso;Asciutto;Asfaltata;Orizzontale;Sereno;Scarso;Buona;Ore Diurne;2;0;0;0;12.4692;41.8635;-1;;;;Pedone;M;Rimandato;0;NON DECEDUTO;;
4213426;15;06/02/2019 10:00:00;Strada Urbana;VIA DELLA MAGLIANA;da specificare;;;;fronte civico 138;Veicolo in marcia contro ostacolo fisso;Rettilineo;Una carreggiata a doppio senso;Asciutto;Asfaltata;Orizzontale;Sereno;Scarso;Buona;Ore Diurne;2;0;0;0;12.4692;41.8635;-1;1;Autovettura privata;In marcia / fermata / arresto;Conducente;M;Rifiuta cure immediate;0;NON DECEDUTO;Non utilizzato;
4213426;15;06/02/2019 10:00:00;Strada Urbana;VIA DELLA MAGLIANA;da specificare;;;;fronte civico 138;Veicolo in marcia contro ostacolo fisso;Rettilineo;Una carreggiata a doppio senso;Asciutto;Asfaltata;Orizzontale;Sereno;Scarso;Buona;Ore Diurne;2;0;0;0;12.4692;41.8635;-1;2;Autovettura privata;Sosta;;;;;;;
4213433;20;05/02/2019 17:10:00;Strada Urbana;VIA DEI COLLI DELLA FARNESINA;in corrispondenza;;del civico n.;56;;Scontro frontale/laterale SX fra veicoli in marcia;Curva a visuale libera;Una carreggiata a doppio senso;Asciutto;Asfaltata;Verticale ed orizzontale;Sereno;Normale;Buona;Ore Diurne;0;0;0;3;12.4599;41.9399;-1;1;Autovettura privata;In marcia / fermata / arresto;Conducente;M;Illeso;0;;Non accertato;
4213433;20;05/02/2019 17:10:00;Strada Urbana;VIA DEI COLLI DELLA FARNESINA;in corrispondenza;;del civico n.;56;;Scontro frontale/laterale SX fra veicoli in marcia;Curva a visuale libera;Una carreggiata a doppio senso;Asciutto;Asfaltata;Verticale ed orizzontale;Sereno;Normale;Buona;Ore Diurne;0;0;0;3;12.4599;41.9399;-1;1;Autovettura privata;In marcia / fermata / arresto;Passeggero;M;Illeso;0;;Non accertato;
4213433;20;05/02/2019 17:10:00;Strada Urbana;VIA DEI COLLI DELLA FARNESINA;in corrispondenza;;del civico n.;56;;Scontro frontale/laterale SX fra veicoli in marcia;Curva a visuale libera;Una carreggiata a doppio senso;Asciutto;Asfaltata;Verticale ed orizzontale;Sereno;Normale;Buona;Ore Diurne;0;0;0;3;12.4599;41.9399;-1;2;Autovettura privata;In marcia / fermata / arresto;Conducente;M;Illeso;0;;Non accertato;
4213436;10;05/02/2019 19:20:00;Strada Urbana;VIA SATRICO;in corrispondenza;;del civico n.;7;;Scontro frontale/laterale SX fra veicoli in marcia;Rettilineo;Una carreggiata a doppio senso;Asciutto;Asfaltata;Verticale ed orizzontale;Sereno;Normale;Sufficiente;Sufficiente;1;0;0;2;12.5059;41.8779;-1;1;Autovettura privata;In marcia / fermata / arresto;Conducente;M;Illeso;0;;Non accertato;Inesploso
4213436;10;05/02/2019 19:20:00;Strada Urbana;VIA SATRICO;in corrispondenza;;del civico n.;7;;Scontro frontale/laterale SX fra veicoli in marcia;Rettilineo;Una carreggiata a doppio senso;Asciutto;Asfaltata;Verticale ed orizzontale;Sereno;Normale;Sufficiente;Sufficiente;1;0;0;2;12.5059;41.8779;-1;1;Autovettura privata;In marcia / fermata / arresto;Passeggero;M;Illeso;0;;Non accertato;Inesploso
4213436;10;05/02/2019 19:20:00;Strada Urbana;VIA SATRICO;in corrispondenza;;del civico n.;7;;Scontro frontale/laterale SX fra veicoli in marcia;Rettilineo;Una carreggiata a doppio senso;Asciutto;Asfaltata;Verticale ed orizzontale;Sereno;Normale;Sufficiente;Sufficiente;1;0;0;2;12.5059;41.8779;-1;2;Motociclo a solo;In marcia / fermata / arresto;Conducente;M;Rimandato;0;NON DECEDUTO;Non accertato;
4213443;7;06/02/2019 02:30:00;Strada Urbana;VIA PRENESTINA;da specificare;;;;altezza palo luce 373;Veicolo in marcia contro ostacolo fisso;Rettilineo;Una carreggiata a doppio senso;Asciutto;Asfaltata;Orizzontale;Sereno;Scarso;Insufficiente;Insufficiente;1;0;0;0;12.6152;41.8933;-1;1;Autovettura privata;In marcia / fermata / arresto;Conducente;M;Rimandato;0;NON DECEDUTO;Non accertato;Inesploso
4213447;10;05/02/2019 18:00:00;Strada Urbana;VIA DEL QUADRARO;da specificare;;;;alt. via Paestum;Veicolo in marcia contro ostacolo accidentale;Curva a visuale libera;Una carreggiata a doppio senso;Asciutto;Asfaltata;Verticale ed orizzontale;Sereno;Normale;Sufficiente;Sufficiente;0;0;0;1;12.5529;41.8557;-1;1;Autovettura privata;In marcia / fermata / arresto;Conducente;F;Illeso;0;;Non accertato;Inesploso
4213450;20;06/02/2019 07:45:00;Strada Urbana;VIA FLAMINIA;da specificare;;;;Dir. Roma Centro alt. via V. Cartoni;Scontro laterale fra veicoli in marcia;Rettilineo;Due carreggiate;Asciutto;Asfaltata;Orizzontale;Sereno;Intenso;Buona;Ore Diurne;0;0;0;2;12.494;41.9853;-1;1;Autovettura privata;In marcia / fermata / arresto;Conducente;F;Illeso;0;;Non accertato;Inesploso
4213450;20;06/02/2019 07:45:00;Strada Urbana;VIA FLAMINIA;da specificare;;;;Dir. Roma Centro alt. via V. Cartoni;Scontro laterale fra veicoli in marcia;Rettilineo;Due carreggiate;Asciutto;Asfaltata;Orizzontale;Sereno;Intenso;Buona;Ore Diurne;0;0;0;2;12.494;41.9853;-1;2;Autoarticolato;In marcia / fermata / arresto;Conducente;M;Illeso;0;;Non accertato;Inesploso
4213453;10;05/02/2019 18:20:00;Strada Urbana;VIA DEL QUADRARO;da specificare;;;;alt. via Paerstum;Veicolo in marcia contro ostacolo accidentale;Curva a visuale libera;Una carreggiata a doppio senso;Asciutto;Asfaltata;Verticale ed orizzontale;Sereno;Normale;Sufficiente;Sufficiente;0;0;0;2;12.5529;41.8557;-1;1;Autovettura privata;In marcia / fermata / arresto;Conducente;M;Illeso;0;;Non accertato;Inesploso
4213453;10;05/02/2019 18:20:00;Strada Urbana;VIA DEL QUADRARO;da specificare;;;;alt. via Paerstum;Veicolo in marcia contro ostacolo accidentale;Curva a visuale libera;Una carreggiata a doppio senso;Asciutto;Asfaltata;Verticale ed orizzontale;Sereno;Normale;Sufficiente;Sufficiente;0;0;0;2;12.5529;41.8557;-1;1;Autovettura privata;In marcia / fermata / arresto;Passeggero;M;Illeso;0;;Non accertato;Inesploso
4213455;7;05/02/2019 22:40:00;Strada Urbana;VIA PRENESTINA;in corrispondenza;;del civico n.;246;;Investimento di pedone;Rettilineo;Due carreggiate;Asciutto;Asfaltata;Verticale ed orizzontale;Sereno;Normale;Buona;Sufficiente;1;0;0;1;12.5422;41.8925;-1;;;;Pedone;F;Ricoverato;0;NON DECEDUTO;;
4213455;7;05/02/2019 22:40:00;Strada Urbana;VIA PRENESTINA;in corrispondenza;;del civico n.;246;;Investimento di pedone;Rettilineo;Due carreggiate;Asciutto;Asfaltata;Verticale ed orizzontale;Sereno;Normale;Buona;Sufficiente;1;0;0;1;12.5422;41.8925;-1;1;Autovettura privata;In marcia / fermata / arresto;Conducente;M;Illeso;0;;Non accertato;Inesploso
4213466;13;05/02/2019 13:50:00;Strada Urbana;VIA AGOSTINO CHIGI;da specificare;;;;pros.. via Bazzini;Veicolo in marcia contro ostacolo accidentale;Rettilineo;Una carreggiata a doppio senso;Asciutto;Asfaltata;Verticale ed orizzontale;Sereno;Normale;Buona;Ore Diurne;0;0;0;2;12.3142;41.7635;-1;1;Autovettura privata;In marcia / fermata / arresto;Conducente;M;Illeso;0;;Non accertato;Inesploso
4213466;13;05/02/2019 13:50:00;Strada Urbana;VIA AGOSTINO CHIGI;da specificare;;;;pros.. via Bazzini;Veicolo in marcia contro ostacolo accidentale;Rettilineo;Una carreggiata a doppio senso;Asciutto;Asfaltata;Verticale ed orizzontale;Sereno;Normale;Buona;Ore Diurne;0;0;0;2;12.3142;41.7635;-1;1;Autovettura privata;In marcia / fermata / arresto;Passeggero;F;Illeso;0;;Non accertato;Inesploso
4213479;20;05/02/2019 21:50:00;Strada Urbana;VIA CASSIA;all'intersezione con;VIA GIACOMO ANDREASSI;VIA GIACOMO ANDREASSI;;;Veicolo in marcia contro ostacolo accidentale;Incrocio;Una carreggiata a doppio senso;Asciutto;Con buche;Verticale ed orizzontale;Sereno;Scarso;Buona;Sufficiente;0;0;0;1;12.3886;41.9978;-1;1;Autovettura privata;In marcia / fermata / arresto;Conducente;M;Illeso;0;;;
4213499;13;05/02/2019 08:00:00;Statale entro l'abitato;VIA DEL MARE;in prossimità;;della chilometrica;17.4;;Scontro laterale fra veicoli in marcia;Rettilineo;Una carreggiata a doppio senso;Asciutto;Asfaltata;Verticale ed orizzontale;Sereno;Normale;Buona;Ore Diurne;0;0;0;2;12.4632;41.8403;-1;1;Autovettura privata;In marcia / fermata / arresto;Conducente;M;Illeso;0;;;
4213499;13;05/02/2019 08:00:00;Statale entro l'abitato;VIA DEL MARE;in prossimità;;della chilometrica;17.4;;Scontro laterale fra veicoli in marcia;Rettilineo;Una carreggiata a doppio senso;Asciutto;Asfaltata;Verticale ed orizzontale;Sereno;Normale;Buona;Ore Diurne;0;0;0;2;12.4632;41.8403;-1;2;Autovettura privata;In marcia / fermata / arresto;Conducente;F;Illeso;0;;;
4213502;4;05/02/2019 12:50:00;Strada Urbana;VIA MONTE CERVIALTO;all'intersezione semaforizzata con;VIA DELLE ISOLE CURZOLANE;VIA DELLE ISOLE CURZOLANE;;;Scontro frontale/laterale SX fra veicoli in marcia;Intersezione semaforizzata;Due carreggiate;Asciutto;Asfaltata;Verticale ed orizzontale;Sereno;Normale;Buona;Ore Diurne;3;0;0;0;12.5268;41.9504;-1;1;Autovettura privata;In marcia / fermata / arresto;Conducente;M;Rifiuta cure immediate;0;NON DECEDUTO;Non accertato;
4213502;4;05/02/2019 12:50:00;Strada Urbana;VIA MONTE CERVIALTO;all'intersezione semaforizzata con;VIA DELLE ISOLE CURZOLANE;VIA DELLE ISOLE CURZOLANE;;;Scontro frontale/laterale SX fra veicoli in marcia;Intersezione semaforizzata;Due carreggiate;Asciutto;Asfaltata;Verticale ed orizzontale;Sereno;Normale;Buona;Ore Diurne;3;0;0;0;12.5268;41.9504;-1;1;Autovettura privata;In marcia / fermata / arresto;Passeggero;F;Rifiuta cure immediate;0;NON DECEDUTO;Non accertato;
4213502;4;05/02/2019 12:50:00;Strada Urbana;VIA MONTE CERVIALTO;all'intersezione semaforizzata con;VIA DELLE ISOLE CURZOLANE;VIA DELLE ISOLE CURZOLANE;;;Scontro frontale/laterale SX fra veicoli in marcia;Intersezione semaforizzata;Due carreggiate;Asciutto;Asfaltata;Verticale ed orizzontale;Sereno;Normale;Buona;Ore Diurne;3;0;0;0;12.5268;41.9504;-1;2;Autovettura privata;In marcia / fermata / arresto;Conducente;M;Rifiuta cure immediate;0;NON DECEDUTO;Non accertato;
4213506;10;06/02/2019 08:10:00;Strada Urbana;VIA DI VERMICINO;all'intersezione con;VIA CASALE ANTONIONI;VIA CASALE ANTONIONI;;;Scontro laterale fra veicoli in marcia;Intersezione stradale segnalata;Una carreggiata a doppio senso;Asciutto;Asfaltata;Verticale ed orizzontale;Sereno;Normale;Buona;Ore Diurne;1;0;0;1;12.6447;41.8245;-1;1;Autovettura privata;In marcia / fermata / arresto;Conducente;M;Illeso;0;;Non accertato;Inesploso
4213506;10;06/02/2019 08:10:00;Strada Urbana;VIA DI VERMICINO;all'intersezione con;VIA CASALE ANTONIONI;VIA CASALE ANTONIONI;;;Scontro laterale fra veicoli in marcia;Intersezione stradale segnalata;Una carreggiata a doppio senso;Asciutto;Asfaltata;Verticale ed orizzontale;Sereno;Normale;Buona;Ore Diurne;1;0;0;1;12.6447;41.8245;-1;2;Motociclo a solo;In marcia / fermata / arresto;Conducente;M;Rimandato;0;NON DECEDUTO;Non accertato;
4213509;20;05/02/2019 11:00:00;Strada Urbana;VIA FLAMINIA;in corrispondenza;;del civico n.;1179;;Veicolo in marcia contro ostacolo accidentale;Rettilineo;Una carreggiata a doppio senso;Asciutto;Asfaltata;Verticale ed orizzontale;Sereno;Normale;Buona;Ore Diurne;0;0;0;2;12.4941;41.988;-1;1;Autovettura privata;In marcia / fermata / arresto;Conducente;F;Illeso;0;;Non accertato;
4213509;20;05/02/2019 11:00:00;Strada Urbana;VIA FLAMINIA;in corrispondenza;;del civico n.;1179;;Veicolo in marcia contro ostacolo accidentale;Rettilineo;Una carreggiata a doppio senso;Asciutto;Asfaltata;Verticale ed orizzontale;Sereno;Normale;Buona;Ore Diurne;0;0;0;2;12.4941;41.988;-1;1;Autovettura privata;In marcia / fermata / arresto;Passeggero;F;Illeso;0;;Non accertato;
4213535;20;05/02/2019 10:50:00;Regionale entro l'abitato;VIA FLAMINIA;in corrispondenza;;del civico n.;861;;Tamponamento;Curva a visuale libera;Due carreggiate;Asciutto;Asfaltata;Orizzontale;Sereno;Normale;Buona;Ore Diurne;1;0;0;2;12.483;41.9513;-1;1;Autocarro inferiore 35 q.;In marcia / fermata / arresto;Conducente;M;Illeso;0;;Non accertato;
4213535;20;05/02/2019 10:50:00;Regionale entro l'abitato;VIA FLAMINIA;in corrispondenza;;del civico n.;861;;Tamponamento;Curva a visuale libera;Due carreggiate;Asciutto;Asfaltata;Orizzontale;Sereno;Normale;Buona;Ore Diurne;1;0;0;2;12.483;41.9513;-1;1;Autocarro inferiore 35 q.;In marcia / fermata / arresto;Passeggero;M;Illeso;0;;Non accertato;
4213535;20;05/02/2019 10:50:00;Regionale entro l'abitato;VIA FLAMINIA;in corrispondenza;;del civico n.;861;;Tamponamento;Curva a visuale libera;Due carreggiate;Asciutto;Asfaltata;Orizzontale;Sereno;Normale;Buona;Ore Diurne;1;0;0;2;12.483;41.9513;-1;2;Motociclo a solo;In marcia / fermata / arresto;Conducente;M;Rifiuta cure immediate;0;NON DECEDUTO;Non accertato;
4213538;18;06/02/2019 08:00:00;Strada Urbana;VIA SILVESTRO II;in prossimità;;del civico n.;18;;Veicolo in marcia contro veicolo in sosta;Rettilineo;Una carreggiata a senso unico di marcia;Asciutto;Asfaltata;Temporanea di cantiere;Sereno;Normale;Sufficiente;Ore Diurne;0;0;0;2;12.4231;41.9059;-1;1;Autovettura privata;In marcia / fermata / arresto;Conducente;F;Illeso;0;;Non accertato;Inesploso
4213538;18;06/02/2019 08:00:00;Strada Urbana;VIA SILVESTRO II;in prossimità;;del civico n.;18;;Veicolo in marcia contro veicolo in sosta;Rettilineo;Una carreggiata a senso unico di marcia;Asciutto;Asfaltata;Temporanea di cantiere;Sereno;Normale;Sufficiente;Ore Diurne;0;0;0;2;12.4231;41.9059;-1;1;Autovettura privata;In marcia / fermata / arresto;Passeggero;M;Illeso;0;;Non accertato;Inesploso
4213538;18;06/02/2019 08:00:00;Strada Urbana;VIA SILVESTRO II;in prossimità;;del civico n.;18;;Veicolo in marcia contro veicolo in sosta;Rettilineo;Una carreggiata a senso unico di marcia;Asciutto;Asfaltata;Temporanea di cantiere;Sereno;Normale;Sufficiente;Ore Diurne;0;0;0;2;12.4231;41.9059;-1;2;Autocarro superiore 35 q.;Sosta;;;;;;;
4213542;4;05/02/2019 13:15:00;Strada Urbana;VIA VALPOLICELLA;in corrispondenza;;del civico n.;3;;Scontro laterale fra veicoli in marcia;Rettilineo;Una carreggiata a senso unico di marcia;Asciutto;Asfaltata;Verticale;Sereno;Normale;Buona;Ore Diurne;0;0;0;2;12.5258;41.9333;-1;1;Autovettura privata;In marcia / fermata / arresto;Conducente;F;Illeso;0;;;
4213542;4;05/02/2019 13:15:00;Strada Urbana;VIA VALPOLICELLA;in corrispondenza;;del civico n.;3;;Scontro laterale fra veicoli in marcia;Rettilineo;Una carreggiata a senso unico di marcia;Asciutto;Asfaltata;Verticale;Sereno;Normale;Buona;Ore Diurne;0;0;0;2;12.5258;41.9333;-1;2;Motociclo con passeggero;In marcia / fermata / arresto;Conducente;M;Illeso;0;;;
4213557;18;04/02/2019 19:10:00;Strada Urbana;VIA DI BOCCEA;in corrispondenza;;del civico n.;472;;Scontro frontale/laterale SX fra veicoli in marcia;Rettilineo;Due carreggiate;Asciutto;Asfaltata;Verticale ed orizzontale;Sereno;Normale;Buona;Ore Diurne;0;0;0;2;12.4013;41.9099;-1;1;Autovettura privata;In marcia / fermata / arresto;Conducente;M;Illeso;0;;;