Protocollo;Gruppo;DataOraIncidente;Localizzazione1;STRADA1;Localizzazione2;STRADA2;Strada02;Chilometrica;DaSpecificare;NaturaIncidente;particolaritastrade;TipoStrada;FondoStradale;Pavimentazione;Segnaletica;CondizioneAtmosferica;Traffico;Visibilita;Illuminazione;NUM_FERITI;NUM_RISERVATA;NUM_MORTI;NUM_ILLESI;Longitudine;Latitudine;Confermato;Progressivo;TipoVeicolo;StatoVeicolo;TipoPersona;Sesso;Tipolesione;Deceduto;DecedutoDopo;CinturaCascoUtilizzato;Airbag;
4213557;18;04/02/2019 19:10:00;Strada Urbana;VIA DI BOCCEA;in corrispondenza;;del civico n.;472;;Scontro frontale/laterale SX fra veicoli in marcia;Rettilineo;Due carreggiate;Asciutto;Asfaltata;Verticale ed orizzontale;Sereno;Normale;Buona;Ore Diurne;0;0;0;2;12.4013;41.9099;-1;2;Autovettura privata;In marcia / fermata / arresto;Conducente;M;Illeso;0;;;
4213575;13;05/02/2019 09:35:00;Strada Urbana;PIAZZA GIOVANNI BATTISTA BOTTERO;in prossimità;;del civico n.;26;;Veicolo in marcia contro veicolo in sosta;Rettilineo;Una carreggiata a doppio senso;Asciutto;Asfaltata;Orizzontale;Sereno;Normale;Buona;Ore Diurne;0;0;0;1;12.2966;41.7273;-1;1;Autovettura privata;In marcia / fermata / arresto;Conducente;M;Illeso;0;;Non accertato;Inesploso
4213575;13;05/02/2019 09:35:00;Strada Urbana;PIAZZA GIOVANNI BATTISTA BOTTERO;in prossimità;;del civico n.;26;;Veicolo in marcia contro veicolo in sosta;Rettilineo;Una carreggiata a doppio senso;Asciutto;Asfaltata;Orizzontale;Sereno;Normale;Buona;Ore Diurne;0;0;0;1;12.2966;41.7273;-1;2;Autovettura privata;Sosta;;;;;;;
4213594;4;05/02/2019 19:10:00;Strada Urbana;VIA EMILIO DE MARCHI;all'intersezione con;VIA LUIGI BERTELLI;VIA LUIGI BERTELLI;;;Scontro frontale/laterale SX fra veicoli in marcia;Intersezione stradale segnalata;Una carreggiata a senso unico di marcia;Asciutto;Asfaltata;Verticale;Sereno;Normale;Buona;Sufficiente;0;0;0;2;12.5425;41.9389;-1;1;Autovettura privata;In marcia / fermata / arresto;Conducente;F;Illeso;0;;;
4213594;4;05/02/2019 19:10:00;Strada Urbana;VIA EMILIO DE MARCHI;all'intersezione con;VIA LUIGI BERTELLI;VIA LUIGI BERTELLI;;;Scontro frontale/laterale SX fra veicoli in marcia;Intersezione stradale segnalata;Una carreggiata a senso unico di marcia;Asciutto;Asfaltata;Verticale;Sereno;Normale;Buona;Sufficiente;0;0;0;2;12.5425;41.9389;-1;2;Autovettura privata;In marcia / fermata / arresto;Conducente;M;Illeso;0;;;
4213596;2;05/02/2019 17:45:00;Strada Urbana;CIRCONVALLAZIONE SALARIA;da specificare;;;;ca 200 mt. dopo via A. Catalani dir. S. Giovanni;Veicolo in marcia contro ostacolo accidentale;Curva a visuale libera;Due carreggiate;Asciutto;Asfaltata;Verticale ed orizzontale;Sereno;Normale;Sufficiente;Sufficiente;0;0;0;1;12.5207;41.9347;-1;1;Motociclo a solo;In marcia / fermata / arresto;Conducente;M;Illeso;0;;Non accertato;
4213599;2;05/02/2019 14:40:00;Strada Urbana;VIA MARIA ADELAIDE;all'intersezione con;VIA LUISA DI SAVOIA;VIA LUISA DI SAVOIA;;;Scontro laterale fra veicoli in marcia;Incrocio;Una carreggiata a senso unico di marcia;Asciutto;Asfaltata;Verticale ed orizzontale;Sereno;Normale;Sufficiente;Ore Diurne;0;0;0;4;12.4743;41.9102;-1;1;Autovettura privata;In marcia / fermata / arresto;Conducente;M;Illeso;0;;Non accertato;Inesploso
4213599;2;05/02/2019 14:40:00;Strada Urbana;VIA MARIA ADELAIDE;all'intersezione con;VIA LUISA DI SAVOIA;VIA LUISA DI SAVOIA;;;Scontro laterale fra veicoli in marcia;Incrocio;Una carreggiata a senso unico di marcia;Asciutto;Asfaltata;Verticale ed orizzontale;Sereno;Normale;Sufficiente;Ore Diurne;0;0;0;4;12.4743;41.9102;-1;1;Autovettura privata;In marcia / fermata / arresto;Passeggero;F;Illeso;0;;Non accertato;Inesploso
4213599;2;05/02/2019 14:40:00;Strada Urbana;VIA MARIA ADELAIDE;all'intersezione con;VIA LUISA DI SAVOIA;VIA LUISA DI SAVOIA;;;Scontro laterale fra veicoli in marcia;Incrocio;Una carreggiata a senso unico di marcia;Asciutto;Asfaltata;Verticale ed orizzontale;Sereno;Normale;Sufficiente;Ore Diurne;0;0;0;4;12.4743;41.9102;-1;2;Autobus turistico;In marcia / fermata / arresto;Conducente;M;Illeso;0;;Non accertato;Inesploso
4213599;2;05/02/2019 14:40:00;Strada Urbana;VIA MARIA ADELAIDE;all'intersezione con;VIA LUISA DI SAVOIA;VIA LUISA DI SAVOIA;;;Scontro laterale fra veicoli in marcia;Incrocio;Una carreggiata a senso unico di marcia;Asciutto;Asfaltata;Verticale ed orizzontale;Sereno;Normale;Sufficiente;Ore Diurne;0;0;0;4;12.4743;41.9102;-1;2;Autobus turistico;In marcia / fermata / arresto;Passeggero;M;Illeso;0;;Non accertato;Inesploso
4213603;2;05/02/2019 12:30:00;Strada Urbana;VIALE SOMALIA;all'intersezione con;VIA FARA SABINA;VIA FARA SABINA;;;Infortunio per sola frenata improvvisa;Incrocio;Una carreggiata a doppio senso;Asciutto;Asfaltata;Verticale ed orizzontale;Sereno;Normale;Buona;Ore Diurne;1;0;0;1;12.5151;41.936;-1;1;Motociclo a solo;In marcia / fermata / arresto;Conducente;M;Rimandato;0;NON DECEDUTO;;
4213603;2;05/02/2019 12:30:00;Strada Urbana;VIALE SOMALIA;all'intersezione con;VIA FARA SABINA;VIA FARA SABINA;;;Infortunio per sola frenata improvvisa;Incrocio;Una carreggiata a doppio senso;Asciutto;Asfaltata;Verticale ed orizzontale;Sereno;Normale;Buona;Ore Diurne;1;0;0;1;12.5151;41.936;-1;2;Autocarro inferiore 35 q.;In marcia / fermata / arresto;Conducente;M;Illeso;0;;;
4213615;18;05/02/2019 12:35:00;Strada Urbana;CIRCONVALLAZIONE CORNELIA;in prossimità;;del civico n.;299;;Veicolo in marcia contro veicolo arresto;Curva a visuale libera;Due carreggiate;Asciutto;Asfaltata;Verticale;Sereno;Normale;Buona;Ore Diurne;0;0;0;3;12.4246;41.9051;-1;1;Autovettura privata;In marcia / fermata / arresto;Conducente;M;Illeso;0;;Non accertato;Inesploso
4213615;18;05/02/2019 12:35:00;Strada Urbana;CIRCONVALLAZIONE CORNELIA;in prossimità;;del civico n.;299;;Veicolo in marcia contro veicolo arresto;Curva a visuale libera;Due carreggiate;Asciutto;Asfaltata;Verticale;Sereno;Normale;Buona;Ore Diurne;0;0;0;3;12.4246;41.9051;-1;1;Autovettura privata;In marcia / fermata / arresto;Passeggero;F;Illeso;0;;Non accertato;Inesploso
4213615;18;05/02/2019 12:35:00;Strada Urbana;CIRCONVALLAZIONE CORNELIA;in prossimità;;del civico n.;299;;Veicolo in marcia contro veicolo arresto;Curva a visuale libera;Due carreggiate;Asciutto;Asfaltata;Verticale;Sereno;Normale;Buona;Ore Diurne;0;0;0;3;12.4246;41.9051;-1;2;Motociclo a solo;In marcia / fermata / arresto;Conducente;M;Illeso;0;;Non accertato;
4213644;6;06/02/2019 08:30:00;Provinciale entro l'abitato;VIA PRENESTINA;da specificare;;;;civ. 60 dir. P.ta Maggiore;Scontro laterale fra veicoli in marcia;Rettilineo;Più di due carreggiate;Asciutto;Asfaltata;Orizzontale;Sereno;Intenso;Buona;Ore Diurne;2;0;0;2;12.5223;41.8913;-1;1;Autovettura privata;In marcia / fermata / arresto;Conducente;M;Illeso;0;;Non accertato;Inesploso
4213644;6;06/02/2019 08:30:00;Provinciale entro l'abitato;VIA PRENESTINA;da specificare;;;;civ. 60 dir. P.ta Maggiore;Scontro laterale fra veicoli in marcia;Rettilineo;Più di due carreggiate;Asciutto;Asfaltata;Orizzontale;Sereno;Intenso;Buona;Ore Diurne;2;0;0;2;12.5223;41.8913;-1;2;Motociclo con passeggero;In marcia / fermata / arresto;Conducente;M;Rimandato;0;NON DECEDUTO;Utilizzato;
4213644;6;06/02/2019 08:30:00;Provinciale entro l'abitato;VIA PRENESTINA;da specificare;;;;civ. 60 dir. P.ta Maggiore;Scontro laterale fra veicoli in marcia;Rettilineo;Più di due carreggiate;Asciutto;Asfaltata;Orizzontale;Sereno;Intenso;Buona;Ore Diurne;2;0;0;2;12.5223;41.8913;-1;2;Motociclo con passeggero;In marcia / fermata / arresto;Passeggero;F;Rimandato;0;NON DECEDUTO;;
4213644;6;06/02/2019 08:30:00;Provinciale entro l'abitato;VIA PRENESTINA;da specificare;;;;civ. 60 dir. P.ta Maggiore;Scontro laterale fra veicoli in marcia;Rettilineo;Più di due carreggiate;Asciutto;Asfaltata;Orizzontale;Sereno;Intenso;Buona;Ore Diurne;2;0;0;2;12.5223;41.8913;-1;3;Autovettura privata;In marcia / fermata / arresto;Conducente;M;Illeso;0;;Non accertato;Inesploso
4213657;10;05/02/2019 22:00:00;Strada Urbana;VIA ORAZIO PULVILLO;da specificare;;;;altezza benzinaio;Veicolo in marcia contro veicoli in sosta;Rettilineo;Due carreggiate;Asciutto;Asfaltata;Verticale ed orizzontale;Sereno;Normale;Buona;Sufficiente;0;0;0;2;12.5685;41.8544;-1;1;Autocarro inferiore 35 q.;In marcia / fermata / arresto;Conducente;M;Illeso;0;;Non accertato;Inesploso
4213657;10;05/02/2019 22:00:00;Strada Urbana;VIA ORAZIO PULVILLO;da specificare;;;;altezza benzinaio;Veicolo in marcia contro veicoli in sosta;Rettilineo;Due carreggiate;Asciutto;Asfaltata;Verticale ed orizzontale;Sereno;Normale;Buona;Sufficiente;0;0;0;2;12.5685;41.8544;-1;1;Autocarro inferiore 35 q.;In marcia / fermata / arresto;Passeggero;M;Illeso;0;;Non accertato;Inesploso
4213657;10;05/02/2019 22:00:00;Strada Urbana;VIA ORAZIO PULVILLO;da specificare;;;;altezza benzinaio;Veicolo in marcia contro veicoli in sosta;Rettilineo;Due carreggiate;Asciutto;Asfaltata;Verticale ed orizzontale;Sereno;Normale;Buona;Sufficiente;0;0;0;2;12.5685;41.8544;-1;2;Autovettura privata;Sosta;;;;;;;
4213657;10;05/02/2019 22:00:00;Strada Urbana;VIA ORAZIO PULVILLO;da specificare;;;;altezza benzinaio;Veicolo in marcia contro veicoli in sosta;Rettilineo;Due carreggiate;Asciutto;Asfaltata;Verticale ed orizzontale;Sereno;Normale;Buona;Sufficiente;0;0;0;2;12.5685;41.8544;-1;3;Autovettura privata;Sosta;;;;;;;
4213657;10;05/02/2019 22:00:00;Strada Urbana;VIA ORAZIO PULVILLO;da specificare;;;;altezza benzinaio;Veicolo in marcia contro veicoli in sosta;Rettilineo;Due carreggiate;Asciutto;Asfaltata;Verticale ed orizzontale;Sereno;Normale;Buona;Sufficiente;0;0;0;2;12.5685;41.8544;-1;4;Autovettura privata;Sosta;;;;;;;
4213665;13;05/02/2019 11:20:00;Strada Urbana;VIA DI PRATO CORNELIO;all'intersezione con;VIA LUIGI COCHETTI;VIA LUIGI COCHETTI;;;Veicolo in marcia contro ostacolo accidentale;Incrocio;Una carreggiata a doppio senso;Asciutto;Con buche;Assente;Sereno;Normale;Buona;Ore Diurne;0;0;0;1;12.3626;41.7738;-1;1;Autovettura privata;In marcia / fermata / arresto;Conducente;F;Illeso;0;;Non accertato;Inesploso
4213677;18;05/02/2019 15:30:00;Strada Urbana;VIA GREGORIO XI;da specificare;;;;ROTATORIA IN CORRISPONDENZA VIA DI VAL CANNUTA;Veicolo in marcia contro ostacolo accidentale;Rotatoria;Una carreggiata a senso unico di marcia;Asciutto;Asfaltata;Verticale ed orizzontale;Sereno;Scarso;Buona;Ore Diurne;0;0;0;1;12.4019;41.8911;-1;1;Autovettura privata;In marcia / fermata / arresto;Conducente;F;Illeso;0;;;
4213693;16;02/02/2019 21:40:00;Strada Urbana;VICOLO DEL CASALE LUMBROSO;in prossimità;;del civico n.;85;;Veicolo in marcia contro ostacolo accidentale;Rettilineo;Una carreggiata a doppio senso;Bagnato (pioggia);Asfaltata;Assente;Nuvoloso;Normale;Sufficiente;Sufficiente;0;0;0;1;12.369;41.8675;-1;1;Autovettura privata;In marcia / fermata / arresto;Conducente;M;Illeso;0;;Non accertato;Inesploso
4213742;2;06/02/2019 09:45:00;Strada Urbana;VIALE PARIOLI;in corrispondenza;;del civico n.;14;;Scontro laterale fra veicoli in marcia;Rettilineo;Una carreggiata a doppio senso;Asciutto;Asfaltata;Orizzontale;Sereno;Normale;Buona;Ore Diurne;0;0;0;4;12.4912;41.9238;-1;1;Autovettura privata;In marcia / fermata / arresto;Conducente;F;Illeso;0;;Non accertato;Inesploso
4213742;2;06/02/2019 09:45:00;Strada Urbana;VIALE PARIOLI;in corrispondenza;;del civico n.;14;;Scontro laterale fra veicoli in marcia;Rettilineo;Una carreggiata a doppio senso;Asciutto;Asfaltata;Orizzontale;Sereno;Normale;Buona;Ore Diurne;0;0;0;4;12.4912;41.9238;-1;1;Autovettura privata;In marcia / fermata / arresto;Passeggero;F;Illeso;0;;Non accertato;Inesploso
4213742;2;06/02/2019 09:45:00;Strada Urbana;VIALE PARIOLI;in corrispondenza;;del civico n.;14;;Scontro laterale fra veicoli in marcia;Rettilineo;Una carreggiata a doppio senso;Asciutto;Asfaltata;Orizzontale;Sereno;Normale;Buona;Ore Diurne;0;0;0;4;12.4912;41.9238;-1;2;Autovettura privata;In marcia / fermata / arresto;Conducente;F;Illeso;0;;;
4213742;2;06/02/2019 09:45:00;Strada Urbana;VIALE PARIOLI;in corrispondenza;;del civico n.;14;;Scontro laterale fra veicoli in marcia;Rettilineo;Una carreggiata a doppio senso;Asciutto;Asfaltata;Orizzontale;Sereno;Normale;Buona;Ore Diurne;0;0;0;4;12.4912;41.9238;-1;2;Autovettura privata;In marcia / fermata / arresto;Passeggero;F;Illeso;0;;Non accertato;Inesploso
4213813;13;05/02/2019 12:20:00;Strada Urbana;VIA DEL CANALE DELLA LINGUA;in corrispondenza;;del civico n.;106;;Veicolo in marcia contro ostacolo accidentale;Rettilineo;Una carreggiata a doppio senso;Asciutto;Asfaltata;Assente;Sereno;Normale;Buona;Ore Diurne;0;0;0;1;12.3383;41.743;-1;1;Autovettura privata;In marcia / fermata / arresto;Conducente;M;Illeso;0;;Non accertato;Inesploso
4213815;18;05/02/2019 15:30:00;Strada Urbana;VIA DI ACQUAFREDDA;in corrispondenza;;del palo luce n.;27;;Veicolo in marcia contro ostacolo accidentale;Rettilineo;Una carreggiata a doppio senso;Asciutto;Asfaltata;Verticale ed orizzontale;Sereno;Normale;Buona;Ore Diurne;0;0;0;3;12.3956;41.8939;-1;1;Autovettura privata;In marcia / fermata / arresto;Conducente;M;Illeso;0;;;
4213815;18;05/02/2019 15:30:00;Strada Urbana;VIA DI ACQUAFREDDA;in corrispondenza;;del palo luce n.;27;;Veicolo in marcia contro ostacolo accidentale;Rettilineo;Una carreggiata a doppio senso;Asciutto;Asfaltata;Verticale ed orizzontale;Sereno;Normale;Buona;Ore Diurne;0;0;0;3;12.3956;41.8939;-1;1;Autovettura privata;In marcia / fermata / arresto;Passeggero;F;Illeso;0;;;
4213815;18;05/02/2019 15:30:00;Strada Urbana;VIA DI ACQUAFREDDA;in corrispondenza;;del palo luce n.;27;;Veicolo in marcia contro ostacolo accidentale;Rettilineo;Una carreggiata a doppio senso;Asciutto;Asfaltata;Verticale ed orizzontale;Sereno;Normale;Buona;Ore Diurne;0;0;0;3;12.3956;41.8939;-1;1;Autovettura privata;In marcia / fermata / arresto;Passeggero;F;Illeso;0;;;
4213816;10;06/02/2019 09:40:00;Strada Urbana;VIA LUCREZIA ROMANA;all'intersezione con;VIA PELLARO;VIA PELLARO;;;Scontro laterale fra veicoli in marcia;Incrocio;Una carreggiata a doppio senso;Asciutto;Asfaltata;Verticale ed orizzontale;Sereno;Scarso;Buona;Ore Diurne;0;0;0;2;12.576;41.8347;-1;1;Autovettura privata;In marcia / fermata / arresto;Conducente;F;Illeso;0;;Non accertato;Inesploso
4213816;10;06/02/2019 09:40:00;Strada Urbana;VIA LUCREZIA ROMANA;all'intersezione con;VIA PELLARO;VIA PELLARO;;;Scontro laterale fra veicoli in marcia;Incrocio;Una carreggiata a doppio senso;Asciutto;Asfaltata;Verticale ed orizzontale;Sereno;Scarso;Buona;Ore Diurne;0;0;0;2;12.576;41.8347;-1;2;Autovettura privata;In marcia / fermata / arresto;Conducente;M;Illeso;0;;Non accertato;Inesploso
4213879;20;06/02/2019 09:30:00;Provinciale;VIA BRACCIANENSE;all'intersezione con;VIA GIOVANNI BATTISTA PARAVIA;VIA GIOVANNI BATTISTA PARAVIA;;;Scontro frontale/laterale SX fra veicoli in marcia;Intersezione stradale segnalata;Una carreggiata a doppio senso;Asciutto;Asfaltata;Orizzontale;Sereno;Normale;Buona;Ore Diurne;1;0;0;1;12.3444;42.0237;-1;1;Autovettura privata;In marcia / fermata / arresto;Conducente;F;Illeso;0;;Non accertato;Inesploso
4213879;20;06/02/2019 09:30:00;Provinciale;VIA BRACCIANENSE;all'intersezione con;VIA GIOVANNI BATTISTA PARAVIA;VIA GIOVANNI BATTISTA PARAVIA;;;Scontro frontale/laterale SX fra veicoli in marcia;Intersezione stradale segnalata;Una carreggiata a doppio senso;Asciutto;Asfaltata;Orizzontale;Sereno;Normale;Buona;Ore Diurne;1;0;0;1;12.3444;42.0237;-1;2;Autovettura privata;In marcia / fermata / arresto;Conducente;M;Rimandato;0;NON DECEDUTO;Non accertato;Inesploso
4213892;3;05/02/2019 11:30:00;Strada Urbana;CIRCONVALLAZIONE TIBURTINA;da specificare;;;;palo acea 68 dir. san giovanni;Scontro laterale fra veicoli in marcia;Rettilineo;Una carreggiata a senso unico di marcia;Asciutto;Asfaltata;Verticale ed orizzontale;Sereno;Normale;Buona;Ore Diurne;0;0;0;2;12.528;41.8994;-1;1;Autovettura privata;In marcia / fermata / arresto;Conducente;M;Illeso;0;;Non accertato;Inesploso
4213892;3;05/02/2019 11:30:00;Strada Urbana;CIRCONVALLAZIONE TIBURTINA;da specificare;;;;palo acea 68 dir. san giovanni;Scontro laterale fra veicoli in marcia;Rettilineo;Una carreggiata a senso unico di marcia;Asciutto;Asfaltata;Verticale ed orizzontale;Sereno;Normale;Buona;Ore Diurne;0;0;0;2;12.528;41.8994;-1;2;Autovettura privata;In marcia / fermata / arresto;Conducente;M;Illeso;0;;Non accertato;Inesploso
4213918;13;05/02/2019 15:15:00;Strada Urbana;VIA DELLE FIAMME GIALLE;all'intersezione con;VIA DI S. ALESSIO;VIA DI S. ALESSIO;;;Veicolo in marcia contro ostacolo fisso;Rotatoria;Una carreggiata a doppio senso;Asciutto;Asfaltata;Verticale ed orizzontale;Sereno;Normale;Buona;Ore Diurne;0;0;0;1;12.2944;41.7307;-1;1;Autovettura privata;In marcia / fermata / arresto;Conducente;M;Illeso;0;;;
4213933;9;06/02/2019 07:40:00;Strada Urbana;VIA LIDIA;all'intersezione con;PIAZZA ROSELLE;PIAZZA ROSELLE;;;Veicolo in marcia contro veicolo in sosta;Incrocio;Una carreggiata a senso unico di marcia;Asciutto;Asfaltata;Verticale ed orizzontale;Sereno;Normale;Buona;Ore Diurne;0;0;0;1;12.5105;41.8729;-1;1;Autocarro superiore 35 q.;In marcia / fermata / arresto;Conducente;M;Illeso;0;;Utilizzato;Inesploso
4213933;9;06/02/2019 07:40:00;Strada Urbana;VIA LIDIA;all'intersezione con;PIAZZA ROSELLE;PIAZZA ROSELLE;;;Veicolo in marcia contro veicolo in sosta;Incrocio;Una carreggiata a senso unico di marcia;Asciutto;Asfaltata;Verticale ed orizzontale;Sereno;Normale;Buona;Ore Diurne;0;0;0;1;12.5105;41.8729;-1;2;Autovettura privata;Sosta;;;;;;;
4213936;16;05/02/2019 15:15:00;Strada Urbana;PIAZZA BIAGIO PACE;in corrispondenza;;del civico n.;19;;Scontro laterale fra veicoli in marcia;Rettilineo;Una carreggiata a doppio senso;Asciutto;Asfaltata;Verticale ed orizzontale;Sereno;Normale;Buona;Ore Diurne;0;0;0;2;12.4315;41.8772;-1;1;Autovettura privata;In marcia / fermata / arresto;Conducente;F;Illeso;0;;Non accertato;
4213936;16;05/02/2019 15:15:00;Strada Urbana;PIAZZA BIAGIO PACE;in corrispondenza;;del civico n.;19;;Scontro laterale fra veicoli in marcia;Rettilineo;Una carreggiata a doppio senso;Asciutto;Asfaltata;Verticale ed orizzontale;Sereno;Normale;Buona;Ore Diurne;0;0;0;2;12.4315;41.8772;-1;2;Autovettura privata;In marcia / fermata / arresto;Conducente;F;Illeso;0;;Non accertato;
4213950;13;05/02/2019 11:20:00;Strada Urbana;VIA DELLE EBRIDI;da specificare;;;;altezza Mercato Appagliatore;Tamponamento;Rettilineo;Due carreggiate;Asciutto;Asfaltata;Verticale;Sereno;Normale;Buona;Ore Diurne;0;0;0;3;12.2619;41.739;-1;1;Autovettura privata;In marcia / fermata / arresto;Conducente;F;Illeso;0;;Non accertato;Inesploso
4213950;13;05/02/2019 11:20:00;Strada Urbana;VIA DELLE EBRIDI;da specificare;;;;altezza Mercato Appagliatore;Tamponamento;Rettilineo;Due carreggiate;Asciutto;Asfaltata;Verticale;Sereno;Normale;Buona;Ore Diurne;0;0;0;3;12.2619;41.739;-1;1;Autovettura privata;In marcia / fermata / arresto;Passeggero;F;Illeso;0;;Non accertato;Inesploso
4213950;13;05/02/2019 11:20:00;Strada Urbana;VIA DELLE EBRIDI;da specificare;;;;altezza Mercato Appagliatore;Tamponamento;Rettilineo;Due carreggiate;Asciutto;Asfaltata;Verticale;Sereno;Normale;Buona;Ore Diurne;0;0;0;3;12.2619;41.739;-1;2;Autovettura privata;In marcia / fermata / arresto;Conducente;M;Illeso;0;;;
4213955;16;05/02/2019 18:10:00;Strada Urbana;VIA DEGLI STRADIVARI;all'intersezione con;VIA GIOVANNI DA CASTEL BOLOGNESE;VIA GIOVANNI DA CASTEL BOLOGNESE;;;Scontro laterale fra veicoli in marcia;Incrocio;Una carreggiata a doppio senso;Asciutto;Asfaltata;Verticale;Sereno;Normale;Sufficiente;Sufficiente;0;0;0;2;12.4686;41.8747;-1;1;Motociclo a solo;In marcia / fermata / arresto;Conducente;M;Illeso;0;;Non accertato;
4213955;16;05/02/2019 18:10:00;Strada Urbana;VIA DEGLI STRADIVARI;all'intersezione con;VIA GIOVANNI DA CASTEL BOLOGNESE;VIA GIOVANNI DA CASTEL BOLOGNESE;;;Scontro laterale fra veicoli in marcia;Incrocio;Una carreggiata a doppio senso;Asciutto;Asfaltata;Verticale;Sereno;Normale;Sufficiente;Sufficiente;0;0;0;2;12.4686;41.8747;-1;2;Autovettura privata;In marcia / fermata / arresto;Conducente;M;Illeso;0;;Non accertato;Inesploso
4213991;7;06/02/2019 10:00:00;Strada Urbana;VIALE PALMIRO TOGLIATTI;all'intersezione semaforizzata con;VIALE DEI ROMANISTI;VIALE DEI ROMANISTI;;;Scontro laterale fra veicoli in marcia;Intersezione semaforizzata;Due carreggiate;Asciutto;Asfaltata;Verticale ed orizzontale;Sereno;Normale;Buona;Ore Diurne;0;0;0;3;12.5733;41.8872;-1;1;Autovettura privata;In marcia / fermata / arresto;Conducente;M;Illeso;0;;;
4213991;7;06/02/2019 10:00:00;Strada Urbana;VIALE PALMIRO TOGLIATTI;all'intersezione semaforizzata con;VIALE DEI ROMANISTI;VIALE DEI ROMANISTI;;;Scontro laterale fra veicoli in marcia;Intersezione semaforizzata;Due carreggiate;Asciutto;Asfaltata;Verticale ed orizzontale;Sereno;Normale;Buona;Ore Diurne;0;0;0;3;12.5733;41.8872;-1;1;Autovettura privata;In marcia / fermata / arresto;Passeggero;M;Illeso;0;;;
4213991;7;06/02/2019 10:00:00;Strada Urbana;VIALE PALMIRO TOGLIATTI;all'intersezione semaforizzata con;VIALE DEI ROMANISTI;VIALE DEI ROMANISTI;;;Scontro laterale fra veicoli in marcia;Intersezione semaforizzata;Due carreggiate;Asciutto;Asfaltata;Verticale ed orizzontale;Sereno;Normale;Buona;Ore Diurne;0;0;0;3;12.5733;41.8872;-1;2;Autovettura privata;In marcia / fermata / arresto;Conducente;M;Illeso;0;;;
4213997;10;06/02/2019 10:40:00;Strada Urbana;VIA APPIA PIGNATELLI;all'intersezione con;VIA ELIO ANDRISCO;VIA ELIO ANDRISCO;;;Scontro laterale fra veicoli in marcia;Incrocio;Una carreggiata a doppio senso;Asciutto;Asfaltata;Verticale ed orizzontale;Sereno;Normale;Buona;Ore Diurne;1;0;0;1;12.5423;41.8422;-1;1;Autovettura privata;In marcia / fermata / arresto;Conducente;F;Illeso;0;;Non accertato;Inesploso
4213997;10;06/02/2019 10:40:00;Strada Urbana;VIA APPIA PIGNATELLI;all'intersezione con;VIA ELIO ANDRISCO;VIA ELIO ANDRISCO;;;Scontro laterale fra veicoli in marcia;Incrocio;Una carreggiata a doppio senso;Asciutto;Asfaltata;Verticale ed orizzontale;Sereno;Normale;Buona;Ore Diurne;1;0;0;1;12.5423;41.8422;-1;2;Motociclo a solo;In marcia / fermata / arresto;Conducente;F;Rimandato;0;NON DECEDUTO;Non accertato;
4213999;18;06/02/2019 10:30:00;Strada Urbana;VIA DI BOCCEA;da specificare;;;;altezza cavalcavia GRA;Veicolo in marcia contro ostacolo accidentale;Rettilineo;Due carreggiate;Asciutto;Asfaltata;Verticale ed orizzontale;Sereno;Normale;Buona;Ore Diurne;0;0;0;1;12.3847;41.9149;-1;1;Autovettura privata;In marcia / fermata / arresto;Conducente;F;Illeso;0;;Non accertato;Inesploso
4214001;18;05/02/2019 17:00:00;Strada Urbana;VIA VEZIO CRISAFULLI;in corrispondenza;;del civico n.;131;;Veicolo in marcia contro veicoli in sosta;Rettilineo;Una carreggiata a senso unico di marcia;Asciutto;Asfaltata;Verticale ed orizzontale;Sereno;Scarso;Buona;Ore Diurne;0;0;0;0;12.4148;41.8987;-1;1;Autovettura privata;Allontanatosi;;;;;;;
4214001;18;05/02/2019 17:00:00;Strada Urbana;VIA VEZIO CRISAFULLI;in corrispondenza;;del civico n.;131;;Veicolo in marcia contro veicoli in sosta;Rettilineo;Una carreggiata a senso unico di marcia;Asciutto;Asfaltata;Verticale ed orizzontale;Sereno;Scarso;Buona;Ore Diurne;0;0;0;0;12.4148;41.8987;-1;2;Autovettura privata;Sosta;;;;;;;
4214001;18;05/02/2019 17:00:00;Strada Urbana;VIA VEZIO CRISAFULLI;in corrispondenza;;del civico n.;131;;Veicolo in marcia contro veicoli in sosta;Rettilineo;Una carreggiata a senso unico di marcia;Asciutto;Asfaltata;Verticale ed orizzontale;Sereno;Scarso;Buona;Ore Diurne;0;0;0;0;12.4148;41.8987;-1;3;Autovettura privata;Sosta;;;;;;;
4214031;13;04/02/2019 18:15:00;Strada Urbana;VIA GINO BONICHI;da specificare;;;;FARMACIA CRIMI;Scontro frontale fra veicoli in marcia;Rettilineo;Una carreggiata a senso unico di marcia;Asciutto;Asfaltata;Assente;Sereno;Intenso;Buona;Ore Diurne;0;0;0;3;12.3588;41.7766;-1;1;Autovettura privata;In marcia / fermata / arresto;Conducente;M;Illeso;0;;;
4214031;13;04/02/2019 18:15:00;Strada Urbana;VIA GINO BONICHI;da specificare;;;;FARMACIA CRIMI;Scontro frontale fra veicoli in marcia;Rettilineo;Una carreggiata a senso unico di marcia;Asciutto;Asfaltata;Assente;Sereno;Intenso;Buona;Ore Diurne;0;0;0;3;12.3588;41.7766;-1;1;Autovettura privata;In marcia / fermata / arresto;Passeggero;F;Illeso;0;;;