Protocollo;Gruppo;DataOraIncidente;Localizzazione1;STRADA1;Localizzazione2;STRADA2;Strada02;Chilometrica;DaSpecificare;NaturaIncidente;particolaritastrade;TipoStrada;FondoStradale;Pavimentazione;Segnaletica;CondizioneAtmosferica;Traffico;Visibilita;Illuminazione;NUM_FERITI;NUM_RISERVATA;NUM_MORTI;NUM_ILLESI;Longitudine;Latitudine;Confermato;Progressivo;TipoVeicolo;StatoVeicolo;TipoPersona;Sesso;Tipolesione;Deceduto;DecedutoDopo;CinturaCascoUtilizzato;Airbag;
4217594;18;07/02/2019 14:45:00;Strada Urbana;VIA DELLA MAGLIANELLA;all'intersezione con;VIA RISERVA DELLA TORRETTA;VIA RISERVA DELLA TORRETTA;;;Tamponamento;Intersezione stradale segnalata;Una carreggiata a doppio senso;Asciutto;Asfaltata;Verticale ed orizzontale;Sereno;Normale;Buona;Ore Diurne;2;0;0;1;12.3787;41.9013;-1;2;Autovettura privata;In marcia / fermata / arresto;Conducente;F;Rimandato;0;NON DECEDUTO;;
4217594;18;07/02/2019 14:45:00;Strada Urbana;VIA DELLA MAGLIANELLA;all'intersezione con;VIA RISERVA DELLA TORRETTA;VIA RISERVA DELLA TORRETTA;;;Tamponamento;Intersezione stradale segnalata;Una carreggiata a doppio senso;Asciutto;Asfaltata;Verticale ed orizzontale;Sereno;Normale;Buona;Ore Diurne;2;0;0;1;12.3787;41.9013;-1;2;Autovettura privata;In marcia / fermata / arresto;Passeggero;F;Rimandato;0;NON DECEDUTO;;
4217595;12;07/02/2019 16:00:00;Strada Urbana;VIALE BEATA VERGINE DEL CARMELO;in corrispondenza;;del civico n.;186;;Veicolo in marcia contro ostacolo fisso;Pendenza;Una carreggiata a doppio senso;Asciutto;Asfaltata;Verticale ed orizzontale;Sereno;Normale;Buona;Ore Diurne;0;0;0;2;12.4366;41.8071;-1;1;Autovettura privata;In marcia / fermata / arresto;Conducente;M;Illeso;0;;Utilizzato;Inesploso
4217595;12;07/02/2019 16:00:00;Strada Urbana;VIALE BEATA VERGINE DEL CARMELO;in corrispondenza;;del civico n.;186;;Veicolo in marcia contro ostacolo fisso;Pendenza;Una carreggiata a doppio senso;Asciutto;Asfaltata;Verticale ed orizzontale;Sereno;Normale;Buona;Ore Diurne;0;0;0;2;12.4366;41.8071;-1;1;Autovettura privata;In marcia / fermata / arresto;Passeggero;M;Illeso;0;;;Inesploso
4217700;12;03/02/2019 18:00:00;Strada Urbana;VIA PONTINA;da specificare;;;;ALT. SV. CARLO LEVI;Veicolo in marcia contro ostacolo accidentale;Rettilineo;Una carreggiata a senso unico di marcia;Bagnato (umidità in atto);Con buche;Verticale;Sereno;Normale;Insufficiente;Insufficiente;0;0;0;2;12.7972;41.5094;-1;1;Autovettura privata;In marcia / fermata / arresto;Conducente;M;Illeso;0;;Utilizzato;Inesploso
4217700;12;03/02/2019 18:00:00;Strada Urbana;VIA PONTINA;da specificare;;;;ALT. SV. CARLO LEVI;Veicolo in marcia contro ostacolo accidentale;Rettilineo;Una carreggiata a senso unico di marcia;Bagnato (umidità in atto);Con buche;Verticale;Sereno;Normale;Insufficiente;Insufficiente;0;0;0;2;12.7972;41.5094;-1;1;Autovettura privata;In marcia / fermata / arresto;Passeggero;M;Illeso;0;;;
4217746;16;08/02/2019 00:40:00;;VIA SILVESTRI;da specificare;;;;in prossimità del PALO LUCE N. 86;Scontro laterale fra veicoli in marcia;;;;;;;;;;0;0;0;2;12.4321;41.8777;0;1;Autovettura privata;In marcia / fermata / arresto;Conducente;F;Illeso;0;;;
4217746;16;08/02/2019 00:40:00;;VIA SILVESTRI;da specificare;;;;in prossimità del PALO LUCE N. 86;Scontro laterale fra veicoli in marcia;;;;;;;;;;0;0;0;2;12.4321;41.8777;0;2;Autovettura privata;In marcia / fermata / arresto;Conducente;M;Illeso;0;;;
4217766;12;03/02/2019 18:00:00;Provinciale;VIA OSTIENSE;da specificare;;;;ALT. SVINCOLO G.R.A.DIR.ROMA;Veicolo in marcia contro ostacolo accidentale;Rettilineo;Due carreggiate;Bagnato (umidità in atto);Asfaltata;Verticale ed orizzontale;Nuvoloso;Normale;Insufficiente;Insufficiente;0;0;0;1;12.4229;41.8109;0;1;Autovettura privata;In marcia / fermata / arresto;Conducente;M;Illeso;0;;;
4217768;2;08/02/2019 11:40:00;Strada Urbana;VIALE DELLA MOSCHEA;da specificare;;;;prox. fronte civico 81;Infortunio per sola frenata improvvisa;Curva a visuale libera;Una carreggiata a doppio senso;Asciutto;Asfaltata;Verticale ed orizzontale;Sereno;Normale;Buona;Ore Diurne;1;0;0;0;12.493;41.9338;-1;1;Motociclo a solo;In marcia / fermata / arresto;Conducente;M;Rimandato;0;NON DECEDUTO;Non accertato;
4217770;12;08/02/2019 12:30:00;Provinciale entro l'abitato;VIA LAURENTINA;da specificare;;;;direz. GRA fronte civ. 675;Investimento di pedone;Rettilineo;Più di due carreggiate;Asciutto;Asfaltata;Verticale ed orizzontale;Sereno;Normale;Buona;Ore Diurne;1;0;0;1;12.4825;41.8184;-1;;;;Pedone;F;Rimandato;0;NON DECEDUTO;;
4217770;12;08/02/2019 12:30:00;Provinciale entro l'abitato;VIA LAURENTINA;da specificare;;;;direz. GRA fronte civ. 675;Investimento di pedone;Rettilineo;Più di due carreggiate;Asciutto;Asfaltata;Verticale ed orizzontale;Sereno;Normale;Buona;Ore Diurne;1;0;0;1;12.4825;41.8184;-1;1;Autovettura privata;In marcia / fermata / arresto;Conducente;F;Illeso;0;;Non accertato;Inesploso
4217838;9;08/02/2019 06:00:00;Strada Urbana;VIA APPIA NUOVA;in corrispondenza;;del civico n.;528;;Veicolo in marcia contro veicoli in sosta;Rettilineo;Due carreggiate;Asciutto;Asfaltata;Verticale ed orizzontale;Sereno;Scarso;Sufficiente;Ore Diurne;1;0;0;0;12.526;41.872;-1;1;Autovettura privata;In marcia / fermata / arresto;Conducente;F;Rimandato;0;NON DECEDUTO;Non accertato;Inesploso
4217838;9;08/02/2019 06:00:00;Strada Urbana;VIA APPIA NUOVA;in corrispondenza;;del civico n.;528;;Veicolo in marcia contro veicoli in sosta;Rettilineo;Due carreggiate;Asciutto;Asfaltata;Verticale ed orizzontale;Sereno;Scarso;Sufficiente;Ore Diurne;1;0;0;0;12.526;41.872;-1;2;Autovettura privata;Sosta;;;;;;;
4217838;9;08/02/2019 06:00:00;Strada Urbana;VIA APPIA NUOVA;in corrispondenza;;del civico n.;528;;Veicolo in marcia contro veicoli in sosta;Rettilineo;Due carreggiate;Asciutto;Asfaltata;Verticale ed orizzontale;Sereno;Scarso;Sufficiente;Ore Diurne;1;0;0;0;12.526;41.872;-1;3;Motociclo a solo;Sosta;;;;;;;
4217838;9;08/02/2019 06:00:00;Strada Urbana;VIA APPIA NUOVA;in corrispondenza;;del civico n.;528;;Veicolo in marcia contro veicoli in sosta;Rettilineo;Due carreggiate;Asciutto;Asfaltata;Verticale ed orizzontale;Sereno;Scarso;Sufficiente;Ore Diurne;1;0;0;0;12.526;41.872;-1;4;Motociclo a solo;Sosta;;;;;;;
4217838;9;08/02/2019 06:00:00;Strada Urbana;VIA APPIA NUOVA;in corrispondenza;;del civico n.;528;;Veicolo in marcia contro veicoli in sosta;Rettilineo;Due carreggiate;Asciutto;Asfaltata;Verticale ed orizzontale;Sereno;Scarso;Sufficiente;Ore Diurne;1;0;0;0;12.526;41.872;-1;5;Ciclomotore;Sosta;;;;;;;
4217838;9;08/02/2019 06:00:00;Strada Urbana;VIA APPIA NUOVA;in corrispondenza;;del civico n.;528;;Veicolo in marcia contro veicoli in sosta;Rettilineo;Due carreggiate;Asciutto;Asfaltata;Verticale ed orizzontale;Sereno;Scarso;Sufficiente;Ore Diurne;1;0;0;0;12.526;41.872;-1;6;Ciclomotore;Sosta;;;;;;;
4217838;9;08/02/2019 06:00:00;Strada Urbana;VIA APPIA NUOVA;in corrispondenza;;del civico n.;528;;Veicolo in marcia contro veicoli in sosta;Rettilineo;Due carreggiate;Asciutto;Asfaltata;Verticale ed orizzontale;Sereno;Scarso;Sufficiente;Ore Diurne;1;0;0;0;12.526;41.872;-1;7;Motociclo a solo;Sosta;;;;;;;
4217838;9;08/02/2019 06:00:00;Strada Urbana;VIA APPIA NUOVA;in corrispondenza;;del civico n.;528;;Veicolo in marcia contro veicoli in sosta;Rettilineo;Due carreggiate;Asciutto;Asfaltata;Verticale ed orizzontale;Sereno;Scarso;Sufficiente;Ore Diurne;1;0;0;0;12.526;41.872;-1;8;Ciclomotore;Sosta;;;;;;;
4217841;9;08/02/2019 10:40:00;Strada Urbana;VIA APPIA NUOVA;in corrispondenza;;del civico n.;543;;Scontro laterale fra veicoli in marcia;Rettilineo;Due carreggiate;Asciutto;Asfaltata;Verticale ed orizzontale;Sereno;Normale;Sufficiente;Ore Diurne;0;0;0;2;12.5279;41.871;-1;1;Autovettura privata;In marcia / fermata / arresto;Conducente;M;Illeso;0;;Non accertato;Inesploso
4217841;9;08/02/2019 10:40:00;Strada Urbana;VIA APPIA NUOVA;in corrispondenza;;del civico n.;543;;Scontro laterale fra veicoli in marcia;Rettilineo;Due carreggiate;Asciutto;Asfaltata;Verticale ed orizzontale;Sereno;Normale;Sufficiente;Ore Diurne;0;0;0;2;12.5279;41.871;-1;2;Autovettura privata;In marcia / fermata / arresto;Conducente;M;Illeso;0;;Non accertato;Inesploso
4217938;18;07/02/2019 13:30:00;Strada Urbana;VIA PIO IX;all'intersezione con;VIA SILVESTRO II;VIA SILVESTRO II;;;Scontro frontale/laterale DX fra veicoli in marcia;Intersezione stradale segnalata;Una carreggiata a senso unico di marcia;Asciutto;Asfaltata;Verticale ed orizzontale;Sereno;Normale;Buona;Ore Diurne;0;0;0;3;12.4238;41.9064;-1;1;Motociclo a solo;In marcia / fermata / arresto;Conducente;M;Illeso;0;;;
4217938;18;07/02/2019 13:30:00;Strada Urbana;VIA PIO IX;all'intersezione con;VIA SILVESTRO II;VIA SILVESTRO II;;;Scontro frontale/laterale DX fra veicoli in marcia;Intersezione stradale segnalata;Una carreggiata a senso unico di marcia;Asciutto;Asfaltata;Verticale ed orizzontale;Sereno;Normale;Buona;Ore Diurne;0;0;0;3;12.4238;41.9064;-1;2;Autoambulanza;In marcia / fermata / arresto;Conducente;M;Illeso;0;;;
4217938;18;07/02/2019 13:30:00;Strada Urbana;VIA PIO IX;all'intersezione con;VIA SILVESTRO II;VIA SILVESTRO II;;;Scontro frontale/laterale DX fra veicoli in marcia;Intersezione stradale segnalata;Una carreggiata a senso unico di marcia;Asciutto;Asfaltata;Verticale ed orizzontale;Sereno;Normale;Buona;Ore Diurne;0;0;0;3;12.4238;41.9064;-1;2;Autoambulanza;In marcia / fermata / arresto;Passeggero;M;Illeso;0;;;
4217941;18;08/02/2019 14:30:00;Strada Urbana;VIA CORNELIA;da specificare;;;;altezza civ.7;Scontro laterale fra veicoli in marcia;Rettilineo;Una carreggiata a doppio senso;Asciutto;Asfaltata;Assente;Sereno;Normale;Buona;Ore Diurne;0;0;0;2;12.3981;41.9098;-1;1;Autocarro inferiore 35 q.;In marcia / fermata / arresto;Conducente;M;Illeso;0;;Non accertato;Inesploso
4217941;18;08/02/2019 14:30:00;Strada Urbana;VIA CORNELIA;da specificare;;;;altezza civ.7;Scontro laterale fra veicoli in marcia;Rettilineo;Una carreggiata a doppio senso;Asciutto;Asfaltata;Assente;Sereno;Normale;Buona;Ore Diurne;0;0;0;2;12.3981;41.9098;-1;2;Motociclo a solo;In marcia / fermata / arresto;Conducente;M;Illeso;0;;Non accertato;
4217985;18;07/02/2019 18:40:00;Strada Urbana;VIA DI BOCCEA;da specificare;;;;altezza VIA FORTE BOCCEA;Scontro frontale/laterale DX fra veicoli in marcia;Rettilineo;Una carreggiata a doppio senso;Asciutto;Asfaltata;Verticale ed orizzontale;Sereno;Intenso;Buona;Sufficiente;0;0;0;1;12.4194;41.9037;-1;1;Autovettura privata;In marcia / fermata / arresto;Conducente;M;Illeso;0;;;
4217985;18;07/02/2019 18:40:00;Strada Urbana;VIA DI BOCCEA;da specificare;;;;altezza VIA FORTE BOCCEA;Scontro frontale/laterale DX fra veicoli in marcia;Rettilineo;Una carreggiata a doppio senso;Asciutto;Asfaltata;Verticale ed orizzontale;Sereno;Intenso;Buona;Sufficiente;0;0;0;1;12.4194;41.9037;-1;2;Autovettura privata;Allontanatosi;;;;;;;
4218097;6;08/02/2019 12:20:00;Strada Urbana;VIA TOR DE' SCHIAVI;all'intersezione con;VIA ALATRI;VIA ALATRI;;;Scontro frontale/laterale SX fra veicoli in marcia;Incrocio;Due carreggiate;Asciutto;Asfaltata;Verticale ed orizzontale;Sereno;Normale;Buona;Ore Diurne;2;0;0;3;12.5628;41.8849;-1;1;Autovettura privata;In marcia / fermata / arresto;Conducente;M;Illeso;0;;Non accertato;Inesploso
4218097;6;08/02/2019 12:20:00;Strada Urbana;VIA TOR DE' SCHIAVI;all'intersezione con;VIA ALATRI;VIA ALATRI;;;Scontro frontale/laterale SX fra veicoli in marcia;Incrocio;Due carreggiate;Asciutto;Asfaltata;Verticale ed orizzontale;Sereno;Normale;Buona;Ore Diurne;2;0;0;3;12.5628;41.8849;-1;1;Autovettura privata;In marcia / fermata / arresto;Passeggero;F;Rimandato;0;NON DECEDUTO;;
4218097;6;08/02/2019 12:20:00;Strada Urbana;VIA TOR DE' SCHIAVI;all'intersezione con;VIA ALATRI;VIA ALATRI;;;Scontro frontale/laterale SX fra veicoli in marcia;Incrocio;Due carreggiate;Asciutto;Asfaltata;Verticale ed orizzontale;Sereno;Normale;Buona;Ore Diurne;2;0;0;3;12.5628;41.8849;-1;1;Autovettura privata;In marcia / fermata / arresto;Passeggero;F;Rimandato;0;NON DECEDUTO;;
4218097;6;08/02/2019 12:20:00;Strada Urbana;VIA TOR DE' SCHIAVI;all'intersezione con;VIA ALATRI;VIA ALATRI;;;Scontro frontale/laterale SX fra veicoli in marcia;Incrocio;Due carreggiate;Asciutto;Asfaltata;Verticale ed orizzontale;Sereno;Normale;Buona;Ore Diurne;2;0;0;3;12.5628;41.8849;-1;2;Autovettura privata;In marcia / fermata / arresto;Conducente;M;Illeso;0;;Non accertato;Inesploso
4218097;6;08/02/2019 12:20:00;Strada Urbana;VIA TOR DE' SCHIAVI;all'intersezione con;VIA ALATRI;VIA ALATRI;;;Scontro frontale/laterale SX fra veicoli in marcia;Incrocio;Due carreggiate;Asciutto;Asfaltata;Verticale ed orizzontale;Sereno;Normale;Buona;Ore Diurne;2;0;0;3;12.5628;41.8849;-1;2;Autovettura privata;In marcia / fermata / arresto;Passeggero;M;Illeso;0;;Non accertato;Inesploso
4218216;10;08/02/2019 16:00:00;Strada Urbana;VIA CASTIGLIONE DI SICILIA;da specificare;;;;f.c. 52;Scontro frontale fra veicoli in marcia;Rettilineo;Una carreggiata a doppio senso;Asciutto;Asfaltata;Verticale ed orizzontale;Sereno;Scarso;Buona;Ore Diurne;0;0;0;4;12.6427;41.8239;-1;1;Autovettura privata;In marcia / fermata / arresto;Conducente;M;Illeso;0;;Non accertato;Inesploso
4218216;10;08/02/2019 16:00:00;Strada Urbana;VIA CASTIGLIONE DI SICILIA;da specificare;;;;f.c. 52;Scontro frontale fra veicoli in marcia;Rettilineo;Una carreggiata a doppio senso;Asciutto;Asfaltata;Verticale ed orizzontale;Sereno;Scarso;Buona;Ore Diurne;0;0;0;4;12.6427;41.8239;-1;1;Autovettura privata;In marcia / fermata / arresto;Passeggero;F;Illeso;0;;Non accertato;Inesploso
4218216;10;08/02/2019 16:00:00;Strada Urbana;VIA CASTIGLIONE DI SICILIA;da specificare;;;;f.c. 52;Scontro frontale fra veicoli in marcia;Rettilineo;Una carreggiata a doppio senso;Asciutto;Asfaltata;Verticale ed orizzontale;Sereno;Scarso;Buona;Ore Diurne;0;0;0;4;12.6427;41.8239;-1;2;Autovettura privata;In marcia / fermata / arresto;Conducente;M;Illeso;0;;Non accertato;Inesploso
4218220;12;03/02/2019 19:00:00;Provinciale;VIA OSTIENSE;da specificare;;;;altezza svinc.GRA;Veicolo in marcia contro ostacolo accidentale;Pendenza;Due carreggiate;Bagnato (umidità in atto);Asfaltata;Verticale ed orizzontale;Nuvoloso;Normale;Insufficiente;Insufficiente;0;0;0;2;12.4229;41.8109;-1;1;Autovettura privata;In marcia / fermata / arresto;Conducente;M;Illeso;0;;;
4218220;12;03/02/2019 19:00:00;Provinciale;VIA OSTIENSE;da specificare;;;;altezza svinc.GRA;Veicolo in marcia contro ostacolo accidentale;Pendenza;Due carreggiate;Bagnato (umidità in atto);Asfaltata;Verticale ed orizzontale;Nuvoloso;Normale;Insufficiente;Insufficiente;0;0;0;2;12.4229;41.8109;-1;1;Autovettura privata;In marcia / fermata / arresto;Passeggero;F;Illeso;0;;;
4218231;12;03/02/2019 19:15:00;Provinciale;VIA OSTIENSE;da specificare;;;;altezza svinc. GRA dir. Roma;Veicolo in marcia contro ostacolo accidentale;Rettilineo;Due carreggiate;Bagnato (umidità in atto);Asfaltata;Verticale ed orizzontale;Nuvoloso;Normale;Insufficiente;Insufficiente;0;0;0;2;12.4229;41.8109;-1;1;Autovettura privata;In marcia / fermata / arresto;Conducente;F;Illeso;0;;Utilizzato;Inesploso
4218231;12;03/02/2019 19:15:00;Provinciale;VIA OSTIENSE;da specificare;;;;altezza svinc. GRA dir. Roma;Veicolo in marcia contro ostacolo accidentale;Rettilineo;Due carreggiate;Bagnato (umidità in atto);Asfaltata;Verticale ed orizzontale;Nuvoloso;Normale;Insufficiente;Insufficiente;0;0;0;2;12.4229;41.8109;-1;1;Autovettura privata;In marcia / fermata / arresto;Passeggero;M;Illeso;0;;Utilizzato;Inesploso
4218270;15;08/02/2019 10:30:00;Strada Urbana;VIA DELLA PISANA;all'intersezione con;VIA BARESSA;VIA BARESSA;;;Scontro frontale/laterale DX fra veicoli in marcia;Intersezione stradale segnalata;Una carreggiata a doppio senso;Asciutto;Asfaltata;Verticale ed orizzontale;Sereno;Normale;Buona;Ore Diurne;1;0;0;1;12.389;41.8577;-1;1;Autovettura privata;In marcia / fermata / arresto;Conducente;M;Rifiuta cure immediate;0;NON DECEDUTO;Non accertato;Inesploso
4218270;15;08/02/2019 10:30:00;Strada Urbana;VIA DELLA PISANA;all'intersezione con;VIA BARESSA;VIA BARESSA;;;Scontro frontale/laterale DX fra veicoli in marcia;Intersezione stradale segnalata;Una carreggiata a doppio senso;Asciutto;Asfaltata;Verticale ed orizzontale;Sereno;Normale;Buona;Ore Diurne;1;0;0;1;12.389;41.8577;-1;2;Autocarro inferiore 35 q.;In marcia / fermata / arresto;Conducente;M;Illeso;0;;Non accertato;Inesploso
4218273;12;04/02/2019 18:30:00;Strada Urbana;VIALE EUROPA;all'intersezione con;VIALE PASTEUR;VIALE PASTEUR;;;Scontro frontale/laterale DX fra veicoli in marcia;Incrocio;Una carreggiata a doppio senso;Asciutto;Asfaltata;Orizzontale;Sereno;Normale;Buona;Sufficiente;2;0;0;1;12.4685;41.831;-1;1;Autovettura privata;In marcia / fermata / arresto;Conducente;M;Illeso;0;;Utilizzato;Inesploso
4218273;12;04/02/2019 18:30:00;Strada Urbana;VIALE EUROPA;all'intersezione con;VIALE PASTEUR;VIALE PASTEUR;;;Scontro frontale/laterale DX fra veicoli in marcia;Incrocio;Una carreggiata a doppio senso;Asciutto;Asfaltata;Orizzontale;Sereno;Normale;Buona;Sufficiente;2;0;0;1;12.4685;41.831;-1;2;Autovettura privata;In marcia / fermata / arresto;Conducente;F;Rimandato;0;NON DECEDUTO;Utilizzato;Inesploso
4218273;12;04/02/2019 18:30:00;Strada Urbana;VIALE EUROPA;all'intersezione con;VIALE PASTEUR;VIALE PASTEUR;;;Scontro frontale/laterale DX fra veicoli in marcia;Incrocio;Una carreggiata a doppio senso;Asciutto;Asfaltata;Orizzontale;Sereno;Normale;Buona;Sufficiente;2;0;0;1;12.4685;41.831;-1;2;Autovettura privata;In marcia / fermata / arresto;Passeggero;M;Rimandato;0;NON DECEDUTO;Utilizzato;Inesploso
4218280;19;08/02/2019 13:35:00;Strada Urbana;VIA DELLA VALLE DEI FONTANILI;all'intersezione con;VIA ANDERSEN;VIA ANDERSEN;;;Scontro laterale fra veicoli in marcia;Incrocio;Una carreggiata a doppio senso;Asciutto;Asfaltata;Verticale ed orizzontale;Sereno;Normale;Buona;Ore Diurne;1;0;0;1;12.4064;41.9247;-1;1;Autovettura privata;In marcia / fermata / arresto;Conducente;M;Illeso;0;;;
4218280;19;08/02/2019 13:35:00;Strada Urbana;VIA DELLA VALLE DEI FONTANILI;all'intersezione con;VIA ANDERSEN;VIA ANDERSEN;;;Scontro laterale fra veicoli in marcia;Incrocio;Una carreggiata a doppio senso;Asciutto;Asfaltata;Verticale ed orizzontale;Sereno;Normale;Buona;Ore Diurne;1;0;0;1;12.4064;41.9247;-1;2;Motociclo a solo;In marcia / fermata / arresto;Conducente;M;Rimandato;0;NON DECEDUTO;;
4218287;15;08/02/2019 08:10:00;Strada Urbana;VIA FULDA;in corrispondenza;;del civico n.;22;;Veicolo in marcia contro veicolo fermo;Rettilineo;Una carreggiata a senso unico di marcia;Asciutto;Asfaltata;Orizzontale;Sereno;Normale;Buona;Ore Diurne;0;0;0;2;12.4278;41.8357;-1;1;Autovettura privata;In marcia / fermata / arresto;Conducente;M;Illeso;0;;Utilizzato;Inesploso
4218287;15;08/02/2019 08:10:00;Strada Urbana;VIA FULDA;in corrispondenza;;del civico n.;22;;Veicolo in marcia contro veicolo fermo;Rettilineo;Una carreggiata a senso unico di marcia;Asciutto;Asfaltata;Orizzontale;Sereno;Normale;Buona;Ore Diurne;0;0;0;2;12.4278;41.8357;-1;2;Autocarro superiore 35 q.;In marcia / fermata / arresto;Conducente;M;Illeso;0;;Utilizzato;Inesploso
4218297;7;08/02/2019 17:20:00;Strada Urbana;VIA AMARILLI;all'intersezione con;VIA DELLA RUSTICA;VIA DELLA RUSTICA;;;Scontro frontale/laterale DX fra veicoli in marcia;Incrocio;Una carreggiata a doppio senso;Asciutto;Asfaltata;Verticale;Sereno;Normale;Buona;Sufficiente;0;0;0;3;12.6008;41.9109;-1;1;Autovettura privata;In marcia / fermata / arresto;Conducente;M;Illeso;0;;Non accertato;Inesploso
4218297;7;08/02/2019 17:20:00;Strada Urbana;VIA AMARILLI;all'intersezione con;VIA DELLA RUSTICA;VIA DELLA RUSTICA;;;Scontro frontale/laterale DX fra veicoli in marcia;Incrocio;Una carreggiata a doppio senso;Asciutto;Asfaltata;Verticale;Sereno;Normale;Buona;Sufficiente;0;0;0;3;12.6008;41.9109;-1;1;Autovettura privata;In marcia / fermata / arresto;Passeggero;F;Illeso;0;;Non accertato;Inesploso
4218297;7;08/02/2019 17:20:00;Strada Urbana;VIA AMARILLI;all'intersezione con;VIA DELLA RUSTICA;VIA DELLA RUSTICA;;;Scontro frontale/laterale DX fra veicoli in marcia;Incrocio;Una carreggiata a doppio senso;Asciutto;Asfaltata;Verticale;Sereno;Normale;Buona;Sufficiente;0;0;0;3;12.6008;41.9109;-1;2;Autovettura privata;In marcia / fermata / arresto;Conducente;M;Illeso;0;;Non accertato;Inesploso
4218298;12;03/02/2019 18:30:00;Provinciale;VIA OSTIENSE;da specificare;;;;dir. Roma dopo uscita GRA;Veicolo in marcia contro ostacolo accidentale;Rettilineo;Una carreggiata a doppio senso;Bagnato (umidità in atto);Asfaltata;Verticale;Pioggia in atto;Scarso;Insufficiente;Inesistente;0;0;0;1;12.4229;41.8109;-1;1;Autovettura privata;In marcia / fermata / arresto;Conducente;F;Illeso;0;;;
4218299;15;08/02/2019 11:10:00;Strada Urbana;VIA DI S. PANTALEO CAMPANO;in corrispondenza;;del civico n.;46/A;;Veicolo in marcia contro ostacolo fisso;Rettilineo;Una carreggiata a senso unico di marcia;Asciutto;Asfaltata;Verticale;Sereno;Normale;Buona;Ore Diurne;0;0;0;1;12.4379;41.8503;-1;1;Autosnodato;In marcia / fermata / arresto;Conducente;M;Illeso;0;;Utilizzato;Inesploso
4218303;12;03/02/2019 18:35:00;Provinciale;VIA OSTIENSE;da specificare;;;;dir. Roma dopo uscita GRA;Veicolo in marcia contro ostacolo accidentale;Rettilineo;Una carreggiata a senso unico di marcia;Bagnato (umidità in atto);Asfaltata;Verticale ed orizzontale;Nuvoloso;Normale;Insufficiente;Insufficiente;0;0;0;4;12.4229;41.8109;-1;1;Autovettura privata;In marcia / fermata / arresto;Conducente;M;Illeso;0;;;
4218303;12;03/02/2019 18:35:00;Provinciale;VIA OSTIENSE;da specificare;;;;dir. Roma dopo uscita GRA;Veicolo in marcia contro ostacolo accidentale;Rettilineo;Una carreggiata a senso unico di marcia;Bagnato (umidità in atto);Asfaltata;Verticale ed orizzontale;Nuvoloso;Normale;Insufficiente;Insufficiente;0;0;0;4;12.4229;41.8109;-1;1;Autovettura privata;In marcia / fermata / arresto;Passeggero;M;Illeso;0;;;
4218303;12;03/02/2019 18:35:00;Provinciale;VIA OSTIENSE;da specificare;;;;dir. Roma dopo uscita GRA;Veicolo in marcia contro ostacolo accidentale;Rettilineo;Una carreggiata a senso unico di marcia;Bagnato (umidità in atto);Asfaltata;Verticale ed orizzontale;Nuvoloso;Normale;Insufficiente;Insufficiente;0;0;0;4;12.4229;41.8109;-1;1;Autovettura privata;In marcia / fermata / arresto;Passeggero;M;Illeso;0;;;
4218303;12;03/02/2019 18:35:00;Provinciale;VIA OSTIENSE;da specificare;;;;dir. Roma dopo uscita GRA;Veicolo in marcia contro ostacolo accidentale;Rettilineo;Una carreggiata a senso unico di marcia;Bagnato (umidità in atto);Asfaltata;Verticale ed orizzontale;Nuvoloso;Normale;Insufficiente;Insufficiente;0;0;0;4;12.4229;41.8109;-1;1;Autovettura privata;In marcia / fermata / arresto;Passeggero;M;Illeso;0;;;
4218325;19;08/02/2019 14:30:00;Strada Urbana;VIA FRANCESCO CHERUBINI;in prossimità;;del civico n.;16;;Veicolo in marcia contro veicoli in sosta;Rettilineo;Una carreggiata a senso unico di marcia;Asciutto;Asfaltata;Assente;Sereno;Scarso;Buona;Ore Diurne;1;0;0;0;12.4252;41.9447;-1;1;Autovettura privata;In marcia / fermata / arresto;Conducente;M;Rimandato;0;NON DECEDUTO;;
4218325;19;08/02/2019 14:30:00;Strada Urbana;VIA FRANCESCO CHERUBINI;in prossimità;;del civico n.;16;;Veicolo in marcia contro veicoli in sosta;Rettilineo;Una carreggiata a senso unico di marcia;Asciutto;Asfaltata;Assente;Sereno;Scarso;Buona;Ore Diurne;1;0;0;0;12.4252;41.9447;-1;2;Autovettura privata;Sosta;;;;;;;
4218325;19;08/02/2019 14:30:00;Strada Urbana;VIA FRANCESCO CHERUBINI;in prossimità;;del civico n.;16;;Veicolo in marcia contro veicoli in sosta;Rettilineo;Una carreggiata a senso unico di marcia;Asciutto;Asfaltata;Assente;Sereno;Scarso;Buona;Ore Diurne;1;0;0;0;12.4252;41.9447;-1;3;Autovettura privata;Sosta;;;;;;;
4218325;19;08/02/2019 14:30:00;Strada Urbana;VIA FRANCESCO CHERUBINI;in prossimità;;del civico n.;16;;Veicolo in marcia contro veicoli in sosta;Rettilineo;Una carreggiata a senso unico di marcia;Asciutto;Asfaltata;Assente;Sereno;Scarso;Buona;Ore Diurne;1;0;0;0;12.4252;41.9447;-1;4;Autovettura privata;Sosta;;;;;;;
4218357;12;04/02/2019 10:05:00;Strada Urbana;VIALE DELLA GRANDE MURAGLIA;all'intersezione con;VIA DEL PIANETA SATURNO;VIA DEL PIANETA SATURNO;;;Scontro laterale fra veicoli in marcia;Rotatoria;Una carreggiata a doppio senso;Asciutto;Asfaltata;Verticale ed orizzontale;Sereno;Normale;Buona;Ore Diurne;0;0;0;2;12.4463;41.8158;-1;1;Autovettura privata;In marcia / fermata / arresto;Conducente;M;Illeso;0;;;