Protocollo;Gruppo;DataOraIncidente;Localizzazione1;STRADA1;Localizzazione2;STRADA2;Strada02;Chilometrica;DaSpecificare;NaturaIncidente;particolaritastrade;TipoStrada;FondoStradale;Pavimentazione;Segnaletica;CondizioneAtmosferica;Traffico;Visibilita;Illuminazione;NUM_FERITI;NUM_RISERVATA;NUM_MORTI;NUM_ILLESI;Longitudine;Latitudine;Confermato;Progressivo;TipoVeicolo;StatoVeicolo;TipoPersona;Sesso;Tipolesione;Deceduto;DecedutoDopo;CinturaCascoUtilizzato;Airbag;
4221012;13;10/02/2019 12:45:00;Provinciale;VIA LITORANEA;in prossimità;;del civico n.;1;;Veicolo in marcia contro ostacolo accidentale;Rettilineo;Una carreggiata a doppio senso;Asciutto;Asfaltata;Verticale ed orizzontale;Sereno;Scarso;Buona;Ore Diurne;0;0;0;1;12.3874;41.6781;-1;1;Autovettura privata;In marcia / fermata / arresto;Conducente;M;Illeso;0;;Non accertato;Inesploso
4221013;15;10/02/2019 19:05:00;Strada Urbana;VIA DELLA MAGLIANA;all'intersezione con;VIA PALAU;VIA PALAU;;;Veicolo in marcia contro ostacolo accidentale;Incrocio;Una carreggiata a doppio senso;Asciutto;Asfaltata;Verticale ed orizzontale;Sereno;Scarso;Sufficiente;Ore Diurne;0;0;0;1;12.4196;41.8317;-1;1;Autovettura privata;In marcia / fermata / arresto;Conducente;M;Illeso;0;;Non accertato;Inesploso
4221014;8;09/02/2019 17:40:00;Statale entro l'abitato;VIA CASILINA;da specificare;;;;100 m dopo inizio cavalcavia Tor Bella Monaca;Veicolo in marcia contro ostacolo accidentale;Rettilineo;Una carreggiata a doppio senso;Asciutto;Asfaltata;Verticale ed orizzontale;Sereno;Normale;Sufficiente;Sufficiente;0;0;0;1;12.6199;41.8628;-1;1;Autovettura privata;In marcia / fermata / arresto;Conducente;F;Illeso;0;;Non accertato;Inesploso
4221018;20;10/02/2019 11:40:00;Strada Urbana;VIA CASSIA;in corrispondenza;;del civico n.;597;;Tamponamento Multiplo;Rettilineo;Una carreggiata a doppio senso;Asciutto;Asfaltata;Orizzontale;Sereno;Normale;Buona;Ore Diurne;0;0;0;5;12.449;41.962;-1;1;Autovettura privata;In marcia / fermata / arresto;Conducente;M;Illeso;0;;Non accertato;
4221018;20;10/02/2019 11:40:00;Strada Urbana;VIA CASSIA;in corrispondenza;;del civico n.;597;;Tamponamento Multiplo;Rettilineo;Una carreggiata a doppio senso;Asciutto;Asfaltata;Orizzontale;Sereno;Normale;Buona;Ore Diurne;0;0;0;5;12.449;41.962;-1;1;Autovettura privata;In marcia / fermata / arresto;Passeggero;M;Illeso;0;;Non accertato;
4221018;20;10/02/2019 11:40:00;Strada Urbana;VIA CASSIA;in corrispondenza;;del civico n.;597;;Tamponamento Multiplo;Rettilineo;Una carreggiata a doppio senso;Asciutto;Asfaltata;Orizzontale;Sereno;Normale;Buona;Ore Diurne;0;0;0;5;12.449;41.962;-1;2;Autovettura privata;In marcia / fermata / arresto;Conducente;M;Illeso;0;;Non accertato;
4221018;20;10/02/2019 11:40:00;Strada Urbana;VIA CASSIA;in corrispondenza;;del civico n.;597;;Tamponamento Multiplo;Rettilineo;Una carreggiata a doppio senso;Asciutto;Asfaltata;Orizzontale;Sereno;Normale;Buona;Ore Diurne;0;0;0;5;12.449;41.962;-1;3;Quadriciclo leggero;In marcia / fermata / arresto;Conducente;M;Illeso;0;;Non accertato;
4221020;15;10/02/2019 06:15:00;Comunale extraurbana;VIA DELLA MAGLIANA;in prossimità;;del civico n.;1173;;Veicolo in marcia contro ostacolo accidentale;Rettilineo;Una carreggiata a doppio senso;Bagnato (pioggia);Asfaltata;Orizzontale;Nuvoloso;Scarso;Buona;Sufficiente;0;0;0;1;12.3655;41.8191;-1;1;Autobus di linea;In marcia / fermata / arresto;Conducente;M;Illeso;0;;;
4221028;13;10/02/2019 18:15:00;Strada Urbana;VIA DEI TRAGHETTI;all'intersezione con;VIA DELLE BALEARI;VIA DELLE BALEARI;;;Scontro frontale/laterale DX fra veicoli in marcia;Incrocio;Una carreggiata a doppio senso;Asciutto;Asfaltata;Verticale ed orizzontale;Sereno;Normale;Buona;Sufficiente;0;0;0;2;12.2772;41.7365;-1;1;Autovettura privata;In marcia / fermata / arresto;Conducente;M;Illeso;0;;Non accertato;Inesploso
4221028;13;10/02/2019 18:15:00;Strada Urbana;VIA DEI TRAGHETTI;all'intersezione con;VIA DELLE BALEARI;VIA DELLE BALEARI;;;Scontro frontale/laterale DX fra veicoli in marcia;Incrocio;Una carreggiata a doppio senso;Asciutto;Asfaltata;Verticale ed orizzontale;Sereno;Normale;Buona;Sufficiente;0;0;0;2;12.2772;41.7365;-1;2;Autovettura privata;In marcia / fermata / arresto;Conducente;F;Illeso;0;;Non accertato;Inesploso
4221034;11;09/02/2019 12:20:00;Strada Urbana;VIA BARTOLOMEO BOSSI;da specificare;;;;fr.civ. 13;Veicolo in marcia contro veicoli in sosta;Rettilineo;Una carreggiata a doppio senso;Asciutto;Asfaltata;Orizzontale;Sereno;Scarso;Buona;Ore Diurne;0;0;0;1;12.4815;41.8742;-1;1;Autovettura privata;Sosta;;;;;;;
4221034;11;09/02/2019 12:20:00;Strada Urbana;VIA BARTOLOMEO BOSSI;da specificare;;;;fr.civ. 13;Veicolo in marcia contro veicoli in sosta;Rettilineo;Una carreggiata a doppio senso;Asciutto;Asfaltata;Orizzontale;Sereno;Scarso;Buona;Ore Diurne;0;0;0;1;12.4815;41.8742;-1;2;Autovettura privata;Sosta;;;;;;;
4221034;11;09/02/2019 12:20:00;Strada Urbana;VIA BARTOLOMEO BOSSI;da specificare;;;;fr.civ. 13;Veicolo in marcia contro veicoli in sosta;Rettilineo;Una carreggiata a doppio senso;Asciutto;Asfaltata;Orizzontale;Sereno;Scarso;Buona;Ore Diurne;0;0;0;1;12.4815;41.8742;-1;3;Autovettura privata;In marcia / fermata / arresto;Conducente;M;Illeso;0;;;
4221034;11;09/02/2019 12:20:00;Strada Urbana;VIA BARTOLOMEO BOSSI;da specificare;;;;fr.civ. 13;Veicolo in marcia contro veicoli in sosta;Rettilineo;Una carreggiata a doppio senso;Asciutto;Asfaltata;Orizzontale;Sereno;Scarso;Buona;Ore Diurne;0;0;0;1;12.4815;41.8742;-1;4;Autovettura privata;Sosta;;;;;;;
4221036;11;09/02/2019 11:45:00;Strada Urbana;VIA GIACINTO PULLINO;in prossimità;;del civico n.;98;;Investimento di pedone;Rettilineo;Una carreggiata a doppio senso;Asciutto;Asfaltata;Verticale ed orizzontale;Sereno;Normale;Buona;Ore Diurne;0;0;0;2;12.4846;41.8658;-1;;;;Pedone;F;Illeso;0;;;
4221036;11;09/02/2019 11:45:00;Strada Urbana;VIA GIACINTO PULLINO;in prossimità;;del civico n.;98;;Investimento di pedone;Rettilineo;Una carreggiata a doppio senso;Asciutto;Asfaltata;Verticale ed orizzontale;Sereno;Normale;Buona;Ore Diurne;0;0;0;2;12.4846;41.8658;-1;1;Autovettura privata;In marcia / fermata / arresto;Conducente;F;Illeso;0;;Utilizzato;
4221044;20;10/02/2019 23:50:00;Strada Urbana;VIA DELLA GIUSTINIANA;all'intersezione con;VIA DEL PRATO DELLA CORTE;VIA DEL PRATO DELLA CORTE;;;Veicolo in marcia contro veicolo in sosta;Incrocio;Una carreggiata a doppio senso;Asciutto;Asfaltata;Assente;Nuvoloso;Scarso;Insufficiente;Insufficiente;0;0;0;1;12.4548;41.9991;-1;1;Autovettura privata;In marcia / fermata / arresto;Conducente;M;Illeso;0;;Non accertato;Inesploso
4221044;20;10/02/2019 23:50:00;Strada Urbana;VIA DELLA GIUSTINIANA;all'intersezione con;VIA DEL PRATO DELLA CORTE;VIA DEL PRATO DELLA CORTE;;;Veicolo in marcia contro veicolo in sosta;Incrocio;Una carreggiata a doppio senso;Asciutto;Asfaltata;Assente;Nuvoloso;Scarso;Insufficiente;Insufficiente;0;0;0;1;12.4548;41.9991;-1;2;Autovettura privata;Sosta;;;;;;;
4221060;20;10/02/2019 20:57:00;Strada Urbana;VIA DEL FORO ITALICO;da specificare;;;;rampa svincolo VIALE TOR DI QUINTO;Veicolo in marcia contro ostacolo accidentale;Rettilineo;Una carreggiata a senso unico di marcia;Asciutto;Asfaltata;Verticale ed orizzontale;Sereno;Normale;Sufficiente;Sufficiente;0;0;0;1;12.4784;41.9404;-1;1;Autovettura privata;In marcia / fermata / arresto;Conducente;M;Illeso;0;;Non accertato;Inesploso
4221068;20;11/02/2019 03:00:00;Strada Urbana;VIALE DI TOR DI QUINTO;in corrispondenza;;del civico n.;119;;Veicolo in marcia contro ostacolo fisso;Curva a visuale libera;Due carreggiate;Asciutto;Asfaltata;Orizzontale;Nuvoloso;Scarso;Sufficiente;Sufficiente;0;0;0;1;12.4864;41.9452;-1;1;Autovettura privata;In marcia / fermata / arresto;Conducente;F;Illeso;0;;Non accertato;
4221069;8;09/02/2019 18:00:00;Statale entro l'abitato;VIA CASILINA;da specificare;;;;100 m dopo inizio cavalcavia Tor Bella Monaca;Veicolo in marcia contro ostacolo accidentale;Rettilineo;Una carreggiata a doppio senso;Asciutto;Asfaltata;Verticale ed orizzontale;Sereno;Normale;Sufficiente;Sufficiente;0;0;0;1;12.6199;41.8628;-1;1;Autovettura privata;In marcia / fermata / arresto;Conducente;F;Illeso;0;;Non accertato;Inesploso
4221077;11;10/02/2019 11:35:00;Strada Urbana;VIA ALESSIO BALDOVINETTI;in corrispondenza;;del civico n.;33;;Tamponamento;Rettilineo;Due carreggiate;Asciutto;Asfaltata;Orizzontale;Sereno;Normale;Buona;Ore Diurne;0;0;0;2;12.4947;41.8323;-1;1;Autovettura privata;In marcia / fermata / arresto;Conducente;M;Illeso;0;;;
4221077;11;10/02/2019 11:35:00;Strada Urbana;VIA ALESSIO BALDOVINETTI;in corrispondenza;;del civico n.;33;;Tamponamento;Rettilineo;Due carreggiate;Asciutto;Asfaltata;Orizzontale;Sereno;Normale;Buona;Ore Diurne;0;0;0;2;12.4947;41.8323;-1;2;Motociclo a solo;In marcia / fermata / arresto;Conducente;F;Illeso;0;;;
4221079;4;09/02/2019 13:30:00;Statale entro l'abitato;VIA SALARIA;in prossimità;;del civico n.;746;;Tamponamento;Rettilineo;Due carreggiate;Asciutto;Asfaltata;Verticale ed orizzontale;Nuvoloso;Normale;Buona;Ore Diurne;1;0;0;3;12.5072;41.9461;-1;1;Autovettura privata;In marcia / fermata / arresto;Conducente;F;Rimandato;0;NON DECEDUTO;Non accertato;Inesploso
4221079;4;09/02/2019 13:30:00;Statale entro l'abitato;VIA SALARIA;in prossimità;;del civico n.;746;;Tamponamento;Rettilineo;Due carreggiate;Asciutto;Asfaltata;Verticale ed orizzontale;Nuvoloso;Normale;Buona;Ore Diurne;1;0;0;3;12.5072;41.9461;-1;2;Autovettura privata;In marcia / fermata / arresto;Conducente;M;Illeso;0;;Non accertato;Inesploso
4221079;4;09/02/2019 13:30:00;Statale entro l'abitato;VIA SALARIA;in prossimità;;del civico n.;746;;Tamponamento;Rettilineo;Due carreggiate;Asciutto;Asfaltata;Verticale ed orizzontale;Nuvoloso;Normale;Buona;Ore Diurne;1;0;0;3;12.5072;41.9461;-1;2;Autovettura privata;In marcia / fermata / arresto;Passeggero;F;Illeso;0;;Non accertato;Inesploso
4221079;4;09/02/2019 13:30:00;Statale entro l'abitato;VIA SALARIA;in prossimità;;del civico n.;746;;Tamponamento;Rettilineo;Due carreggiate;Asciutto;Asfaltata;Verticale ed orizzontale;Nuvoloso;Normale;Buona;Ore Diurne;1;0;0;3;12.5072;41.9461;-1;2;Autovettura privata;In marcia / fermata / arresto;Passeggero;F;Illeso;0;;Non accertato;Inesploso
4221080;8;10/02/2019 16:00:00;Strada Urbana;VIA MACOMER;in prossimità;;del civico n.;7;;Veicolo in marcia contro veicolo in sosta;Rettilineo;Una carreggiata a doppio senso;Asciutto;Asfaltata;Assente;Sereno;Scarso;Buona;Ore Diurne;0;0;0;1;12.6786;41.8904;-1;1;Autovettura privata;Sosta;;;;;;;
4221080;8;10/02/2019 16:00:00;Strada Urbana;VIA MACOMER;in prossimità;;del civico n.;7;;Veicolo in marcia contro veicolo in sosta;Rettilineo;Una carreggiata a doppio senso;Asciutto;Asfaltata;Assente;Sereno;Scarso;Buona;Ore Diurne;0;0;0;1;12.6786;41.8904;-1;2;Autovettura privata;In marcia / fermata / arresto;Conducente;M;Illeso;0;;Non accertato;
4221092;8;10/02/2019 10:30:00;Strada Urbana;VIA DI PRATAPORCI;all'intersezione con;VIA DI TOR FORAME;VIA DI TOR FORAME;;;Scontro frontale/laterale SX fra veicoli in marcia;Incrocio;Una carreggiata a doppio senso;Asciutto;Asfaltata;Verticale;Sereno;Scarso;Buona;Ore Diurne;0;0;0;6;;;0;1;Autovettura privata;In marcia / fermata / arresto;Conducente;M;Illeso;0;;;
4221092;8;10/02/2019 10:30:00;Strada Urbana;VIA DI PRATAPORCI;all'intersezione con;VIA DI TOR FORAME;VIA DI TOR FORAME;;;Scontro frontale/laterale SX fra veicoli in marcia;Incrocio;Una carreggiata a doppio senso;Asciutto;Asfaltata;Verticale;Sereno;Scarso;Buona;Ore Diurne;0;0;0;6;;;0;1;Autovettura privata;In marcia / fermata / arresto;Passeggero;M;Illeso;0;;Non accertato;Inesploso
4221092;8;10/02/2019 10:30:00;Strada Urbana;VIA DI PRATAPORCI;all'intersezione con;VIA DI TOR FORAME;VIA DI TOR FORAME;;;Scontro frontale/laterale SX fra veicoli in marcia;Incrocio;Una carreggiata a doppio senso;Asciutto;Asfaltata;Verticale;Sereno;Scarso;Buona;Ore Diurne;0;0;0;6;;;0;1;Autovettura privata;In marcia / fermata / arresto;Passeggero;M;Illeso;0;;Non accertato;Inesploso
4221092;8;10/02/2019 10:30:00;Strada Urbana;VIA DI PRATAPORCI;all'intersezione con;VIA DI TOR FORAME;VIA DI TOR FORAME;;;Scontro frontale/laterale SX fra veicoli in marcia;Incrocio;Una carreggiata a doppio senso;Asciutto;Asfaltata;Verticale;Sereno;Scarso;Buona;Ore Diurne;0;0;0;6;;;0;1;Autovettura privata;In marcia / fermata / arresto;Passeggero;M;Illeso;0;;Non accertato;Inesploso
4221092;8;10/02/2019 10:30:00;Strada Urbana;VIA DI PRATAPORCI;all'intersezione con;VIA DI TOR FORAME;VIA DI TOR FORAME;;;Scontro frontale/laterale SX fra veicoli in marcia;Incrocio;Una carreggiata a doppio senso;Asciutto;Asfaltata;Verticale;Sereno;Scarso;Buona;Ore Diurne;0;0;0;6;;;0;2;Autovettura privata;In marcia / fermata / arresto;Conducente;M;Illeso;0;;Non accertato;Inesploso
4221092;8;10/02/2019 10:30:00;Strada Urbana;VIA DI PRATAPORCI;all'intersezione con;VIA DI TOR FORAME;VIA DI TOR FORAME;;;Scontro frontale/laterale SX fra veicoli in marcia;Incrocio;Una carreggiata a doppio senso;Asciutto;Asfaltata;Verticale;Sereno;Scarso;Buona;Ore Diurne;0;0;0;6;;;0;2;Autovettura privata;In marcia / fermata / arresto;Passeggero;M;Illeso;0;;Non accertato;Inesploso
4221094;4;09/02/2019 09:30:00;Provinciale entro l'abitato;VIA NOMENTANA;all'intersezione con;VIA POGGIO BRACCIOLINI;VIA POGGIO BRACCIOLINI;;;Scontro frontale/laterale DX fra veicoli in marcia;Incrocio;Una carreggiata a doppio senso;Asciutto;Asfaltata;Verticale ed orizzontale;Sereno;Normale;Buona;Ore Diurne;0;0;0;3;12.5728;41.9579;-1;1;Autovettura privata;In marcia / fermata / arresto;Conducente;M;Illeso;0;;Non accertato;
4221094;4;09/02/2019 09:30:00;Provinciale entro l'abitato;VIA NOMENTANA;all'intersezione con;VIA POGGIO BRACCIOLINI;VIA POGGIO BRACCIOLINI;;;Scontro frontale/laterale DX fra veicoli in marcia;Incrocio;Una carreggiata a doppio senso;Asciutto;Asfaltata;Verticale ed orizzontale;Sereno;Normale;Buona;Ore Diurne;0;0;0;3;12.5728;41.9579;-1;2;Autocarro inferiore 35 q.;In marcia / fermata / arresto;Conducente;M;Illeso;0;;Non accertato;
4221094;4;09/02/2019 09:30:00;Provinciale entro l'abitato;VIA NOMENTANA;all'intersezione con;VIA POGGIO BRACCIOLINI;VIA POGGIO BRACCIOLINI;;;Scontro frontale/laterale DX fra veicoli in marcia;Incrocio;Una carreggiata a doppio senso;Asciutto;Asfaltata;Verticale ed orizzontale;Sereno;Normale;Buona;Ore Diurne;0;0;0;3;12.5728;41.9579;-1;2;Autocarro inferiore 35 q.;In marcia / fermata / arresto;Passeggero;M;Illeso;0;;Non accertato;
4221098;6;10/02/2019 12:35:00;Strada Urbana;VIA COLLATINA;all'intersezione con;VIA CHERSO;VIA CHERSO;;;Scontro frontale/laterale DX fra veicoli in marcia;Incrocio;Una carreggiata a doppio senso;Asciutto;Asfaltata;Verticale ed orizzontale;Nuvoloso;Scarso;Buona;Ore Diurne;2;0;0;1;12.5628;41.8963;-1;1;Autovettura privata;In marcia / fermata / arresto;Conducente;F;Illeso;0;;;
4221098;6;10/02/2019 12:35:00;Strada Urbana;VIA COLLATINA;all'intersezione con;VIA CHERSO;VIA CHERSO;;;Scontro frontale/laterale DX fra veicoli in marcia;Incrocio;Una carreggiata a doppio senso;Asciutto;Asfaltata;Verticale ed orizzontale;Nuvoloso;Scarso;Buona;Ore Diurne;2;0;0;1;12.5628;41.8963;-1;1;Autovettura privata;In marcia / fermata / arresto;Passeggero;M;Rimandato;0;NON DECEDUTO;;
4221098;6;10/02/2019 12:35:00;Strada Urbana;VIA COLLATINA;all'intersezione con;VIA CHERSO;VIA CHERSO;;;Scontro frontale/laterale DX fra veicoli in marcia;Incrocio;Una carreggiata a doppio senso;Asciutto;Asfaltata;Verticale ed orizzontale;Nuvoloso;Scarso;Buona;Ore Diurne;2;0;0;1;12.5628;41.8963;-1;2;Autovettura privata;In marcia / fermata / arresto;Conducente;F;Rimandato;0;NON DECEDUTO;;
4221100;8;10/02/2019 12:55:00;Strada Urbana;VIA DI SALONE;da specificare;;;;circa 200 mt intersezione con Via Noale;Scontro frontale/laterale SX fra veicoli in marcia;Curva senza visuale libera;Una carreggiata a doppio senso;Asciutto;Asfaltata;Orizzontale;Sereno;Scarso;Buona;Ore Diurne;2;0;0;2;12.6337;41.9153;-1;1;Motociclo a solo;In marcia / fermata / arresto;Conducente;M;Illeso;0;;;
4221100;8;10/02/2019 12:55:00;Strada Urbana;VIA DI SALONE;da specificare;;;;circa 200 mt intersezione con Via Noale;Scontro frontale/laterale SX fra veicoli in marcia;Curva senza visuale libera;Una carreggiata a doppio senso;Asciutto;Asfaltata;Orizzontale;Sereno;Scarso;Buona;Ore Diurne;2;0;0;2;12.6337;41.9153;-1;2;Autovettura privata;In marcia / fermata / arresto;Conducente;M;Rimandato;0;NON DECEDUTO;;
4221100;8;10/02/2019 12:55:00;Strada Urbana;VIA DI SALONE;da specificare;;;;circa 200 mt intersezione con Via Noale;Scontro frontale/laterale SX fra veicoli in marcia;Curva senza visuale libera;Una carreggiata a doppio senso;Asciutto;Asfaltata;Orizzontale;Sereno;Scarso;Buona;Ore Diurne;2;0;0;2;12.6337;41.9153;-1;2;Autovettura privata;In marcia / fermata / arresto;Passeggero;F;Rimandato;0;NON DECEDUTO;;
4221100;8;10/02/2019 12:55:00;Strada Urbana;VIA DI SALONE;da specificare;;;;circa 200 mt intersezione con Via Noale;Scontro frontale/laterale SX fra veicoli in marcia;Curva senza visuale libera;Una carreggiata a doppio senso;Asciutto;Asfaltata;Orizzontale;Sereno;Scarso;Buona;Ore Diurne;2;0;0;2;12.6337;41.9153;-1;2;Autovettura privata;In marcia / fermata / arresto;Passeggero;F;Illeso;0;;;
4221102;8;10/02/2019 11:30:00;Strada Urbana;VIA GIARRE;all'intersezione con;VIA ITALA;VIA ITALA;;;Scontro frontale/laterale DX fra veicoli in marcia;Incrocio;Una carreggiata a senso unico di marcia;Asciutto;Asfaltata;Verticale;Sereno;Scarso;Buona;Ore Diurne;0;0;0;4;12.6711;41.857;-1;1;Autovettura privata;In marcia / fermata / arresto;Conducente;M;Illeso;0;;Non accertato;Inesploso
4221102;8;10/02/2019 11:30:00;Strada Urbana;VIA GIARRE;all'intersezione con;VIA ITALA;VIA ITALA;;;Scontro frontale/laterale DX fra veicoli in marcia;Incrocio;Una carreggiata a senso unico di marcia;Asciutto;Asfaltata;Verticale;Sereno;Scarso;Buona;Ore Diurne;0;0;0;4;12.6711;41.857;-1;1;Autovettura privata;In marcia / fermata / arresto;Passeggero;F;Illeso;0;;Non accertato;Inesploso
4221102;8;10/02/2019 11:30:00;Strada Urbana;VIA GIARRE;all'intersezione con;VIA ITALA;VIA ITALA;;;Scontro frontale/laterale DX fra veicoli in marcia;Incrocio;Una carreggiata a senso unico di marcia;Asciutto;Asfaltata;Verticale;Sereno;Scarso;Buona;Ore Diurne;0;0;0;4;12.6711;41.857;-1;1;Autovettura privata;In marcia / fermata / arresto;Passeggero;M;Illeso;0;;Non accertato;Inesploso
4221102;8;10/02/2019 11:30:00;Strada Urbana;VIA GIARRE;all'intersezione con;VIA ITALA;VIA ITALA;;;Scontro frontale/laterale DX fra veicoli in marcia;Incrocio;Una carreggiata a senso unico di marcia;Asciutto;Asfaltata;Verticale;Sereno;Scarso;Buona;Ore Diurne;0;0;0;4;12.6711;41.857;-1;2;Autovettura privata;In marcia / fermata / arresto;Conducente;M;Illeso;0;;Non accertato;Inesploso
4221103;11;10/02/2019 23:20:00;Strada Urbana;VIA FRANCESCO NEGRI;all'intersezione con;VIA GIACOMO BOVE;VIA GIACOMO BOVE;;;Scontro frontale/laterale DX fra veicoli in marcia;Incrocio;Una carreggiata a doppio senso;Asciutto;Asfaltata;Verticale ed orizzontale;Sereno;Scarso;Buona;Sufficiente;2;0;0;3;12.4814;41.8705;-1;1;Autovettura privata;In marcia / fermata / arresto;Conducente;M;Illeso;0;;;
4221103;11;10/02/2019 23:20:00;Strada Urbana;VIA FRANCESCO NEGRI;all'intersezione con;VIA GIACOMO BOVE;VIA GIACOMO BOVE;;;Scontro frontale/laterale DX fra veicoli in marcia;Incrocio;Una carreggiata a doppio senso;Asciutto;Asfaltata;Verticale ed orizzontale;Sereno;Scarso;Buona;Sufficiente;2;0;0;3;12.4814;41.8705;-1;1;Autovettura privata;In marcia / fermata / arresto;Passeggero;F;Illeso;0;;;
4221103;11;10/02/2019 23:20:00;Strada Urbana;VIA FRANCESCO NEGRI;all'intersezione con;VIA GIACOMO BOVE;VIA GIACOMO BOVE;;;Scontro frontale/laterale DX fra veicoli in marcia;Incrocio;Una carreggiata a doppio senso;Asciutto;Asfaltata;Verticale ed orizzontale;Sereno;Scarso;Buona;Sufficiente;2;0;0;3;12.4814;41.8705;-1;1;Autovettura privata;In marcia / fermata / arresto;Passeggero;F;Illeso;0;;;
4221103;11;10/02/2019 23:20:00;Strada Urbana;VIA FRANCESCO NEGRI;all'intersezione con;VIA GIACOMO BOVE;VIA GIACOMO BOVE;;;Scontro frontale/laterale DX fra veicoli in marcia;Incrocio;Una carreggiata a doppio senso;Asciutto;Asfaltata;Verticale ed orizzontale;Sereno;Scarso;Buona;Sufficiente;2;0;0;3;12.4814;41.8705;-1;2;Autovettura privata;In marcia / fermata / arresto;Conducente;M;Rimandato;0;NON DECEDUTO;;
4221103;11;10/02/2019 23:20:00;Strada Urbana;VIA FRANCESCO NEGRI;all'intersezione con;VIA GIACOMO BOVE;VIA GIACOMO BOVE;;;Scontro frontale/laterale DX fra veicoli in marcia;Incrocio;Una carreggiata a doppio senso;Asciutto;Asfaltata;Verticale ed orizzontale;Sereno;Scarso;Buona;Sufficiente;2;0;0;3;12.4814;41.8705;-1;2;Autovettura privata;In marcia / fermata / arresto;Passeggero;F;Rimandato;0;NON DECEDUTO;;
4221116;5;09/02/2019 11:15:00;Strada Urbana;VIA DI PIETRALATA;da specificare;;;;ENTRATA STAZIONE METRO;Scontro frontale/laterale DX fra veicoli in marcia;Rettilineo;Una carreggiata a doppio senso;Asciutto;Asfaltata;Assente;Sereno;Scarso;Buona;Ore Diurne;3;0;0;0;12.5557;41.9148;-1;1;Autovettura privata;In marcia / fermata / arresto;Conducente;M;Rimandato;0;NON DECEDUTO;Non accertato;Esploso
4221116;5;09/02/2019 11:15:00;Strada Urbana;VIA DI PIETRALATA;da specificare;;;;ENTRATA STAZIONE METRO;Scontro frontale/laterale DX fra veicoli in marcia;Rettilineo;Una carreggiata a doppio senso;Asciutto;Asfaltata;Assente;Sereno;Scarso;Buona;Ore Diurne;3;0;0;0;12.5557;41.9148;-1;1;Autovettura privata;In marcia / fermata / arresto;Passeggero;M;Rimandato;0;NON DECEDUTO;Non accertato;Inesploso
4221116;5;09/02/2019 11:15:00;Strada Urbana;VIA DI PIETRALATA;da specificare;;;;ENTRATA STAZIONE METRO;Scontro frontale/laterale DX fra veicoli in marcia;Rettilineo;Una carreggiata a doppio senso;Asciutto;Asfaltata;Assente;Sereno;Scarso;Buona;Ore Diurne;3;0;0;0;12.5557;41.9148;-1;2;Autovettura privata;In marcia / fermata / arresto;Conducente;M;Rimandato;0;NON DECEDUTO;Non accertato;Esploso
4221119;12;11/02/2019 07:30:00;Strada Urbana;VIA LAGO SANTO;in prossimità;;del civico n.;23;;Veicolo in marcia contro ostacolo accidentale;Curva a visuale libera;Una carreggiata a doppio senso;Asciutto;Con buche;Verticale;Nuvoloso;Normale;Buona;Ore Diurne;1;0;0;0;12.4152;41.7903;-1;1;Motociclo a solo;In marcia / fermata / arresto;Conducente;M;Ricoverato;0;NON DECEDUTO;Utilizzato;
4221136;5;08/02/2019 17:15:00;Strada Urbana;VIALE PALMIRO TOGLIATTI;in prossimità;;del civico n.;1554;;Scontro laterale fra veicoli in marcia;Rettilineo;Due carreggiate;Asciutto;Asfaltata;Verticale ed orizzontale;Sereno;Normale;Buona;Sufficiente;0;0;0;5;12.5715;41.9123;-1;1;Motociclo a solo;In marcia / fermata / arresto;Conducente;M;Illeso;0;;Non accertato;
4221136;5;08/02/2019 17:15:00;Strada Urbana;VIALE PALMIRO TOGLIATTI;in prossimità;;del civico n.;1554;;Scontro laterale fra veicoli in marcia;Rettilineo;Due carreggiate;Asciutto;Asfaltata;Verticale ed orizzontale;Sereno;Normale;Buona;Sufficiente;0;0;0;5;12.5715;41.9123;-1;1;Motociclo a solo;In marcia / fermata / arresto;Passeggero;F;Illeso;0;;Non accertato;
4221136;5;08/02/2019 17:15:00;Strada Urbana;VIALE PALMIRO TOGLIATTI;in prossimità;;del civico n.;1554;;Scontro laterale fra veicoli in marcia;Rettilineo;Due carreggiate;Asciutto;Asfaltata;Verticale ed orizzontale;Sereno;Normale;Buona;Sufficiente;0;0;0;5;12.5715;41.9123;-1;2;Autovettura di polizia;In marcia / fermata / arresto;Conducente;M;Illeso;0;;Non accertato;Inesploso
4221136;5;08/02/2019 17:15:00;Strada Urbana;VIALE PALMIRO TOGLIATTI;in prossimità;;del civico n.;1554;;Scontro laterale fra veicoli in marcia;Rettilineo;Due carreggiate;Asciutto;Asfaltata;Verticale ed orizzontale;Sereno;Normale;Buona;Sufficiente;0;0;0;5;12.5715;41.9123;-1;2;Autovettura di polizia;In marcia / fermata / arresto;Passeggero;M;Illeso;0;;Non accertato;Inesistente
4221137;13;10/02/2019 21:00:00;Strada Urbana;VIA OSTIENSE;in prossimità;;della chilometrica;1773;;Veicolo in marcia contro ostacolo fisso;Rettilineo;Una carreggiata a senso unico di marcia;Asciutto;Con buche;Verticale ed orizzontale;Sereno;Normale;Buona;Sufficiente;0;0;0;2;12.4795;41.8661;-1;1;Autovettura privata;In marcia / fermata / arresto;Conducente;F;Illeso;0;;;