Protocollo;Gruppo;DataOraIncidente;Localizzazione1;STRADA1;Localizzazione2;STRADA2;Strada02;Chilometrica;DaSpecificare;NaturaIncidente;particolaritastrade;TipoStrada;FondoStradale;Pavimentazione;Segnaletica;CondizioneAtmosferica;Traffico;Visibilita;Illuminazione;NUM_FERITI;NUM_RISERVATA;NUM_MORTI;NUM_ILLESI;Longitudine;Latitudine;Confermato;Progressivo;TipoVeicolo;StatoVeicolo;TipoPersona;Sesso;Tipolesione;Deceduto;DecedutoDopo;CinturaCascoUtilizzato;Airbag;
4221137;13;10/02/2019 21:00:00;Strada Urbana;VIA OSTIENSE;in prossimità;;della chilometrica;1773;;Veicolo in marcia contro ostacolo fisso;Rettilineo;Una carreggiata a senso unico di marcia;Asciutto;Con buche;Verticale ed orizzontale;Sereno;Normale;Buona;Sufficiente;0;0;0;2;12.4795;41.8661;-1;1;Autovettura privata;In marcia / fermata / arresto;Passeggero;M;Illeso;0;;;
4221144;5;09/02/2019 17:10:00;Strada Urbana;VIA FABRIANO;all'intersezione con;VIA FIUMINATA;VIA FIUMINATA;;;Scontro frontale/laterale SX fra veicoli in marcia;Incrocio;Una carreggiata a doppio senso;Asciutto;Asfaltata;Verticale ed orizzontale;Sereno;Normale;Sufficiente;Sufficiente;2;0;0;4;12.5844;41.9408;-1;1;Autovettura privata;In marcia / fermata / arresto;Conducente;M;Illeso;0;;Non accertato;
4221144;5;09/02/2019 17:10:00;Strada Urbana;VIA FABRIANO;all'intersezione con;VIA FIUMINATA;VIA FIUMINATA;;;Scontro frontale/laterale SX fra veicoli in marcia;Incrocio;Una carreggiata a doppio senso;Asciutto;Asfaltata;Verticale ed orizzontale;Sereno;Normale;Sufficiente;Sufficiente;2;0;0;4;12.5844;41.9408;-1;1;Autovettura privata;In marcia / fermata / arresto;Passeggero;F;Illeso;0;;Non accertato;
4221144;5;09/02/2019 17:10:00;Strada Urbana;VIA FABRIANO;all'intersezione con;VIA FIUMINATA;VIA FIUMINATA;;;Scontro frontale/laterale SX fra veicoli in marcia;Incrocio;Una carreggiata a doppio senso;Asciutto;Asfaltata;Verticale ed orizzontale;Sereno;Normale;Sufficiente;Sufficiente;2;0;0;4;12.5844;41.9408;-1;1;Autovettura privata;In marcia / fermata / arresto;Passeggero;M;Illeso;0;;Non accertato;
4221144;5;09/02/2019 17:10:00;Strada Urbana;VIA FABRIANO;all'intersezione con;VIA FIUMINATA;VIA FIUMINATA;;;Scontro frontale/laterale SX fra veicoli in marcia;Incrocio;Una carreggiata a doppio senso;Asciutto;Asfaltata;Verticale ed orizzontale;Sereno;Normale;Sufficiente;Sufficiente;2;0;0;4;12.5844;41.9408;-1;1;Autovettura privata;In marcia / fermata / arresto;Passeggero;F;Illeso;0;;Non accertato;
4221144;5;09/02/2019 17:10:00;Strada Urbana;VIA FABRIANO;all'intersezione con;VIA FIUMINATA;VIA FIUMINATA;;;Scontro frontale/laterale SX fra veicoli in marcia;Incrocio;Una carreggiata a doppio senso;Asciutto;Asfaltata;Verticale ed orizzontale;Sereno;Normale;Sufficiente;Sufficiente;2;0;0;4;12.5844;41.9408;-1;2;Autovettura privata;In marcia / fermata / arresto;Conducente;F;Rimandato;0;NON DECEDUTO;Non accertato;
4221144;5;09/02/2019 17:10:00;Strada Urbana;VIA FABRIANO;all'intersezione con;VIA FIUMINATA;VIA FIUMINATA;;;Scontro frontale/laterale SX fra veicoli in marcia;Incrocio;Una carreggiata a doppio senso;Asciutto;Asfaltata;Verticale ed orizzontale;Sereno;Normale;Sufficiente;Sufficiente;2;0;0;4;12.5844;41.9408;-1;2;Autovettura privata;In marcia / fermata / arresto;Passeggero;F;Rimandato;0;NON DECEDUTO;Non accertato;
4221153;19;09/02/2019 23:15:00;Strada Urbana;CORSO DI FRANCIA;da specificare;;;;S.N.C. ALTEZZA FERMATA ATAC 70009 DIR. STADIO;Tamponamento;Rettilineo;Una carreggiata a senso unico di marcia;Asciutto;Asfaltata;Verticale ed orizzontale;Nuvoloso;Normale;Sufficiente;Sufficiente;0;0;0;2;12.4717;41.9367;-1;1;Autovettura privata;In marcia / fermata / arresto;Conducente;F;Illeso;0;;Non accertato;Inesploso
4221153;19;09/02/2019 23:15:00;Strada Urbana;CORSO DI FRANCIA;da specificare;;;;S.N.C. ALTEZZA FERMATA ATAC 70009 DIR. STADIO;Tamponamento;Rettilineo;Una carreggiata a senso unico di marcia;Asciutto;Asfaltata;Verticale ed orizzontale;Nuvoloso;Normale;Sufficiente;Sufficiente;0;0;0;2;12.4717;41.9367;-1;2;Autovettura privata;In marcia / fermata / arresto;Conducente;M;Illeso;0;;Non accertato;Inesploso
4221155;5;09/02/2019 18:30:00;;VIA ADELMO NICCOLAI;in prossimità;;del civico n.;29;;Veicolo in marcia contro ostacolo accidentale;;;;;;;;;;0;0;0;0;12.5705;41.9115;0;1;Autovettura privata;In marcia / fermata / arresto;;;;;;;
4221161;4;09/02/2019 17:50:00;Strada Urbana;VIA MONTE PELMO;in corrispondenza;;del civico n.;12;;Veicolo in marcia contro veicolo in sosta;Rettilineo;Una carreggiata a senso unico di marcia;Asciutto;Asfaltata;Assente;Sereno;Scarso;Sufficiente;Sufficiente;0;0;0;1;12.5347;41.94;-1;1;Autovettura privata;Allontanatosi;Conducente;F;Illeso;0;;Non accertato;
4221161;4;09/02/2019 17:50:00;Strada Urbana;VIA MONTE PELMO;in corrispondenza;;del civico n.;12;;Veicolo in marcia contro veicolo in sosta;Rettilineo;Una carreggiata a senso unico di marcia;Asciutto;Asfaltata;Assente;Sereno;Scarso;Sufficiente;Sufficiente;0;0;0;1;12.5347;41.94;-1;2;Autovettura privata;Sosta;;;;;;;
4221171;18;09/02/2019 18:25:00;Strada Urbana;VIA FRATEL GIUSEPPE LAZZARO;da specificare;;;;SNC;Veicolo in marcia contro ostacolo accidentale;Rettilineo;Una carreggiata a doppio senso;Asciutto;Asfaltata;Orizzontale;Sereno;Scarso;Buona;Sufficiente;0;0;0;1;12.4011;41.9134;-1;1;Autovettura privata;In marcia / fermata / arresto;Conducente;M;Illeso;0;;;
4221173;4;09/02/2019 13:30:00;Strada Urbana;VIA MONTE MASSICO;da specificare;;;;Pross. Via MONTE RESEGONE;Scontro laterale fra veicoli in marcia;Rettilineo;Due carreggiate;Asciutto;Asfaltata;Verticale ed orizzontale;Sereno;Normale;Buona;Ore Diurne;0;0;0;2;12.532;41.9513;-1;1;Autovettura privata;In marcia / fermata / arresto;Conducente;F;Illeso;0;;Non accertato;Inesploso
4221173;4;09/02/2019 13:30:00;Strada Urbana;VIA MONTE MASSICO;da specificare;;;;Pross. Via MONTE RESEGONE;Scontro laterale fra veicoli in marcia;Rettilineo;Due carreggiate;Asciutto;Asfaltata;Verticale ed orizzontale;Sereno;Normale;Buona;Ore Diurne;0;0;0;2;12.532;41.9513;-1;2;Autovettura privata;In marcia / fermata / arresto;Conducente;M;Illeso;0;;Non accertato;Inesploso
4221175;1;10/02/2019 03:30:00;Strada Urbana;VIA RATTAZZI;all'intersezione semaforizzata con;PIAZZA MANFREDO FANTI;PIAZZA MANFREDO FANTI;;;Scontro frontale/laterale DX fra veicoli in marcia;Incrocio;Una carreggiata a senso unico di marcia;Asciutto;Asfaltata;Verticale ed orizzontale;Nuvoloso;Scarso;Sufficiente;Sufficiente;5;0;0;2;12.5029;41.8973;-1;1;Autovettura privata;In marcia / fermata / arresto;Conducente;M;Illeso;0;;Non accertato;
4221175;1;10/02/2019 03:30:00;Strada Urbana;VIA RATTAZZI;all'intersezione semaforizzata con;PIAZZA MANFREDO FANTI;PIAZZA MANFREDO FANTI;;;Scontro frontale/laterale DX fra veicoli in marcia;Incrocio;Una carreggiata a senso unico di marcia;Asciutto;Asfaltata;Verticale ed orizzontale;Nuvoloso;Scarso;Sufficiente;Sufficiente;5;0;0;2;12.5029;41.8973;-1;1;Autovettura privata;In marcia / fermata / arresto;Passeggero;M;Illeso;0;;Non accertato;
4221175;1;10/02/2019 03:30:00;Strada Urbana;VIA RATTAZZI;all'intersezione semaforizzata con;PIAZZA MANFREDO FANTI;PIAZZA MANFREDO FANTI;;;Scontro frontale/laterale DX fra veicoli in marcia;Incrocio;Una carreggiata a senso unico di marcia;Asciutto;Asfaltata;Verticale ed orizzontale;Nuvoloso;Scarso;Sufficiente;Sufficiente;5;0;0;2;12.5029;41.8973;-1;2;Autovettura privata;In marcia / fermata / arresto;Conducente;M;Rimandato;0;NON DECEDUTO;Non accertato;
4221175;1;10/02/2019 03:30:00;Strada Urbana;VIA RATTAZZI;all'intersezione semaforizzata con;PIAZZA MANFREDO FANTI;PIAZZA MANFREDO FANTI;;;Scontro frontale/laterale DX fra veicoli in marcia;Incrocio;Una carreggiata a senso unico di marcia;Asciutto;Asfaltata;Verticale ed orizzontale;Nuvoloso;Scarso;Sufficiente;Sufficiente;5;0;0;2;12.5029;41.8973;-1;2;Autovettura privata;In marcia / fermata / arresto;Passeggero;F;Rimandato;0;NON DECEDUTO;Non accertato;
4221175;1;10/02/2019 03:30:00;Strada Urbana;VIA RATTAZZI;all'intersezione semaforizzata con;PIAZZA MANFREDO FANTI;PIAZZA MANFREDO FANTI;;;Scontro frontale/laterale DX fra veicoli in marcia;Incrocio;Una carreggiata a senso unico di marcia;Asciutto;Asfaltata;Verticale ed orizzontale;Nuvoloso;Scarso;Sufficiente;Sufficiente;5;0;0;2;12.5029;41.8973;-1;2;Autovettura privata;In marcia / fermata / arresto;Passeggero;M;Rimandato;0;NON DECEDUTO;Non accertato;
4221175;1;10/02/2019 03:30:00;Strada Urbana;VIA RATTAZZI;all'intersezione semaforizzata con;PIAZZA MANFREDO FANTI;PIAZZA MANFREDO FANTI;;;Scontro frontale/laterale DX fra veicoli in marcia;Incrocio;Una carreggiata a senso unico di marcia;Asciutto;Asfaltata;Verticale ed orizzontale;Nuvoloso;Scarso;Sufficiente;Sufficiente;5;0;0;2;12.5029;41.8973;-1;2;Autovettura privata;In marcia / fermata / arresto;Passeggero;F;Rimandato;0;NON DECEDUTO;;
4221175;1;10/02/2019 03:30:00;Strada Urbana;VIA RATTAZZI;all'intersezione semaforizzata con;PIAZZA MANFREDO FANTI;PIAZZA MANFREDO FANTI;;;Scontro frontale/laterale DX fra veicoli in marcia;Incrocio;Una carreggiata a senso unico di marcia;Asciutto;Asfaltata;Verticale ed orizzontale;Nuvoloso;Scarso;Sufficiente;Sufficiente;5;0;0;2;12.5029;41.8973;-1;2;Autovettura privata;In marcia / fermata / arresto;Passeggero;F;Rimandato;0;NON DECEDUTO;Non accertato;
4221175;1;10/02/2019 03:30:00;Strada Urbana;VIA RATTAZZI;all'intersezione semaforizzata con;PIAZZA MANFREDO FANTI;PIAZZA MANFREDO FANTI;;;Scontro frontale/laterale DX fra veicoli in marcia;Incrocio;Una carreggiata a senso unico di marcia;Asciutto;Asfaltata;Verticale ed orizzontale;Nuvoloso;Scarso;Sufficiente;Sufficiente;5;0;0;2;12.5029;41.8973;-1;3;Autovettura privata;Sosta;;;;;;;
4221175;1;10/02/2019 03:30:00;Strada Urbana;VIA RATTAZZI;all'intersezione semaforizzata con;PIAZZA MANFREDO FANTI;PIAZZA MANFREDO FANTI;;;Scontro frontale/laterale DX fra veicoli in marcia;Incrocio;Una carreggiata a senso unico di marcia;Asciutto;Asfaltata;Verticale ed orizzontale;Nuvoloso;Scarso;Sufficiente;Sufficiente;5;0;0;2;12.5029;41.8973;-1;4;Autovettura privata;Sosta;;;;;;;
4221175;1;10/02/2019 03:30:00;Strada Urbana;VIA RATTAZZI;all'intersezione semaforizzata con;PIAZZA MANFREDO FANTI;PIAZZA MANFREDO FANTI;;;Scontro frontale/laterale DX fra veicoli in marcia;Incrocio;Una carreggiata a senso unico di marcia;Asciutto;Asfaltata;Verticale ed orizzontale;Nuvoloso;Scarso;Sufficiente;Sufficiente;5;0;0;2;12.5029;41.8973;-1;5;Autovettura privata;Sosta;;;;;;;
4221175;1;10/02/2019 03:30:00;Strada Urbana;VIA RATTAZZI;all'intersezione semaforizzata con;PIAZZA MANFREDO FANTI;PIAZZA MANFREDO FANTI;;;Scontro frontale/laterale DX fra veicoli in marcia;Incrocio;Una carreggiata a senso unico di marcia;Asciutto;Asfaltata;Verticale ed orizzontale;Nuvoloso;Scarso;Sufficiente;Sufficiente;5;0;0;2;12.5029;41.8973;-1;6;Motociclo a solo;Sosta;;;;;;;
4221175;1;10/02/2019 03:30:00;Strada Urbana;VIA RATTAZZI;all'intersezione semaforizzata con;PIAZZA MANFREDO FANTI;PIAZZA MANFREDO FANTI;;;Scontro frontale/laterale DX fra veicoli in marcia;Incrocio;Una carreggiata a senso unico di marcia;Asciutto;Asfaltata;Verticale ed orizzontale;Nuvoloso;Scarso;Sufficiente;Sufficiente;5;0;0;2;12.5029;41.8973;-1;7;Motociclo a solo;Sosta;;;;;;;
4221175;1;10/02/2019 03:30:00;Strada Urbana;VIA RATTAZZI;all'intersezione semaforizzata con;PIAZZA MANFREDO FANTI;PIAZZA MANFREDO FANTI;;;Scontro frontale/laterale DX fra veicoli in marcia;Incrocio;Una carreggiata a senso unico di marcia;Asciutto;Asfaltata;Verticale ed orizzontale;Nuvoloso;Scarso;Sufficiente;Sufficiente;5;0;0;2;12.5029;41.8973;-1;8;Motociclo a solo;Sosta;;;;;;;
4221176;18;08/02/2019 14:55:00;Strada Urbana;VIA CARDINALE MASSIMI;in corrispondenza;;del civico n.;8;;Investimento di pedone;Pendenza;Una carreggiata a doppio senso;Asciutto;Asfaltata;Orizzontale;Sereno;Normale;Buona;Ore Diurne;1;0;0;1;12.4177;41.9072;-1;;;;Pedone;F;Rimandato;0;NON DECEDUTO;;
4221176;18;08/02/2019 14:55:00;Strada Urbana;VIA CARDINALE MASSIMI;in corrispondenza;;del civico n.;8;;Investimento di pedone;Pendenza;Una carreggiata a doppio senso;Asciutto;Asfaltata;Orizzontale;Sereno;Normale;Buona;Ore Diurne;1;0;0;1;12.4177;41.9072;-1;1;Autovettura privata;In marcia / fermata / arresto;Conducente;M;Illeso;0;;Non accertato;Inesploso
4221179;7;09/02/2019 09:50:00;Strada Urbana;VIA SALVIATI;all'intersezione con;VIA GUGLIELMO SANSONI;VIA GUGLIELMO SANSONI;;;Veicolo in marcia contro ostacolo accidentale;Incrocio;Una carreggiata a doppio senso;Asciutto;Asfaltata;Verticale;Sereno;Scarso;Buona;Ore Diurne;0;0;0;2;12.5824;41.9062;-1;1;Autovettura privata;In marcia / fermata / arresto;Conducente;M;Illeso;0;;;
4221179;7;09/02/2019 09:50:00;Strada Urbana;VIA SALVIATI;all'intersezione con;VIA GUGLIELMO SANSONI;VIA GUGLIELMO SANSONI;;;Veicolo in marcia contro ostacolo accidentale;Incrocio;Una carreggiata a doppio senso;Asciutto;Asfaltata;Verticale;Sereno;Scarso;Buona;Ore Diurne;0;0;0;2;12.5824;41.9062;-1;1;Autovettura privata;In marcia / fermata / arresto;Passeggero;F;Illeso;0;;;
4221181;18;08/02/2019 16:00:00;Strada Urbana;VIA MATTIA BATTISTINI;in prossimità;;del civico n.;149;;Veicolo in marcia contro ostacolo accidentale;Rettilineo;Una carreggiata a doppio senso;Asciutto;Asfaltata;Assente;Sereno;Normale;Buona;Ore Diurne;0;0;0;1;12.4174;41.9095;-1;1;Autovettura privata;In marcia / fermata / arresto;Conducente;M;Illeso;0;;;
4221184;5;10/02/2019 00:20:00;;VIA DI CASAL BOCCONE;in prossimità;;del civico n.;208;;Ribaltamento senza urto contro ostacolo fisso;;;;;;;;;;0;0;0;0;12.5561;41.96;0;1;Autovettura privata;In marcia / fermata / arresto;;;;;;;
4221187;13;10/02/2019 19:15:00;Strada Urbana;VIA DEL FOSSO DI DRAGONCELLO;da specificare;;;;ALTEZZA VIA DEI PESCATORI;Veicolo in marcia contro ostacolo fisso;Rettilineo;Una carreggiata a doppio senso;Asciutto;Con buche;Assente;Sereno;Normale;Buona;Insufficiente;0;0;0;1;12.3299;41.7577;-1;1;Autovettura privata;In marcia / fermata / arresto;Conducente;M;Illeso;0;;;
4221189;18;08/02/2019 17:00:00;Strada Urbana;VIA MATTIA BATTISTINI;in prossimità;;del civico n.;149;;Veicolo in marcia contro ostacolo accidentale;Rettilineo;Una carreggiata a doppio senso;Asciutto;Asfaltata;Assente;Sereno;Normale;Buona;Ore Diurne;0;0;0;1;12.4174;41.9095;-1;1;Motociclo a solo;In marcia / fermata / arresto;Conducente;M;Illeso;0;;;
4221191;5;10/02/2019 06:00:00;;VIA TINO BUAZZELLI;da specificare;;;;PROSSIMITA' VIA MAURIZIO ARENA;Veicolo in marcia contro ostacolo fisso;;;;;;;;;;0;0;0;0;12.5678;41.9415;0;1;Autovettura privata;In marcia / fermata / arresto;;;;;;;
4221199;18;08/02/2019 13:25:00;Strada Urbana;VIA DELLA MAGLIANELLA;in corrispondenza;;del civico n.;81;;Veicolo in marcia contro ostacolo accidentale;Rettilineo;Una carreggiata a doppio senso;Asciutto;Asfaltata;Assente;Sereno;Scarso;Buona;Ore Diurne;0;0;0;1;12.3796;41.8918;-1;1;Ciclomotore;In marcia / fermata / arresto;Conducente;F;Illeso;0;;;
4221200;5;10/02/2019 14:05:00;;VIA DOMENICO GRISOLIA;in prossimità;;del civico n.;30;;Veicolo in marcia contro ostacolo accidentale;;;;;;;;;;0;0;0;0;12.5914;41.9404;0;1;Autovettura privata;In marcia / fermata / arresto;;;;;;;
4221202;1;11/02/2019 00:05:00;Strada Urbana;VIA DELLA GRECA;all'intersezione con;PIAZZA DELLA BOCCA DELLA VERITA';PIAZZA DELLA BOCCA DELLA VERITA';;;Scontro frontale/laterale SX fra veicoli in marcia;Intersezione semaforizzata;Una carreggiata a doppio senso;Asciutto;Asfaltata;Verticale ed orizzontale;Sereno;Scarso;Sufficiente;Sufficiente;3;0;0;4;12.4812;41.888;-1;1;Autovettura privata;In marcia / fermata / arresto;Conducente;F;Illeso;0;;;Esploso
4221202;1;11/02/2019 00:05:00;Strada Urbana;VIA DELLA GRECA;all'intersezione con;PIAZZA DELLA BOCCA DELLA VERITA';PIAZZA DELLA BOCCA DELLA VERITA';;;Scontro frontale/laterale SX fra veicoli in marcia;Intersezione semaforizzata;Una carreggiata a doppio senso;Asciutto;Asfaltata;Verticale ed orizzontale;Sereno;Scarso;Sufficiente;Sufficiente;3;0;0;4;12.4812;41.888;-1;1;Autovettura privata;In marcia / fermata / arresto;Passeggero;F;Rimandato;0;NON DECEDUTO;Non accertato;Esploso
4221202;1;11/02/2019 00:05:00;Strada Urbana;VIA DELLA GRECA;all'intersezione con;PIAZZA DELLA BOCCA DELLA VERITA';PIAZZA DELLA BOCCA DELLA VERITA';;;Scontro frontale/laterale SX fra veicoli in marcia;Intersezione semaforizzata;Una carreggiata a doppio senso;Asciutto;Asfaltata;Verticale ed orizzontale;Sereno;Scarso;Sufficiente;Sufficiente;3;0;0;4;12.4812;41.888;-1;2;Autovettura pubblica;In marcia / fermata / arresto;Conducente;M;Rimandato;0;NON DECEDUTO;Non accertato;Esploso
4221202;1;11/02/2019 00:05:00;Strada Urbana;VIA DELLA GRECA;all'intersezione con;PIAZZA DELLA BOCCA DELLA VERITA';PIAZZA DELLA BOCCA DELLA VERITA';;;Scontro frontale/laterale SX fra veicoli in marcia;Intersezione semaforizzata;Una carreggiata a doppio senso;Asciutto;Asfaltata;Verticale ed orizzontale;Sereno;Scarso;Sufficiente;Sufficiente;3;0;0;4;12.4812;41.888;-1;2;Autovettura pubblica;In marcia / fermata / arresto;Passeggero;M;Illeso;0;;Non accertato;
4221202;1;11/02/2019 00:05:00;Strada Urbana;VIA DELLA GRECA;all'intersezione con;PIAZZA DELLA BOCCA DELLA VERITA';PIAZZA DELLA BOCCA DELLA VERITA';;;Scontro frontale/laterale SX fra veicoli in marcia;Intersezione semaforizzata;Una carreggiata a doppio senso;Asciutto;Asfaltata;Verticale ed orizzontale;Sereno;Scarso;Sufficiente;Sufficiente;3;0;0;4;12.4812;41.888;-1;2;Autovettura pubblica;In marcia / fermata / arresto;Passeggero;F;Illeso;0;;Non accertato;
4221202;1;11/02/2019 00:05:00;Strada Urbana;VIA DELLA GRECA;all'intersezione con;PIAZZA DELLA BOCCA DELLA VERITA';PIAZZA DELLA BOCCA DELLA VERITA';;;Scontro frontale/laterale SX fra veicoli in marcia;Intersezione semaforizzata;Una carreggiata a doppio senso;Asciutto;Asfaltata;Verticale ed orizzontale;Sereno;Scarso;Sufficiente;Sufficiente;3;0;0;4;12.4812;41.888;-1;2;Autovettura pubblica;In marcia / fermata / arresto;Passeggero;F;Rimandato;0;NON DECEDUTO;Non accertato;
4221202;1;11/02/2019 00:05:00;Strada Urbana;VIA DELLA GRECA;all'intersezione con;PIAZZA DELLA BOCCA DELLA VERITA';PIAZZA DELLA BOCCA DELLA VERITA';;;Scontro frontale/laterale SX fra veicoli in marcia;Intersezione semaforizzata;Una carreggiata a doppio senso;Asciutto;Asfaltata;Verticale ed orizzontale;Sereno;Scarso;Sufficiente;Sufficiente;3;0;0;4;12.4812;41.888;-1;2;Autovettura pubblica;In marcia / fermata / arresto;Passeggero;F;Illeso;0;;Non accertato;
4221208;19;09/02/2019 12:45:00;Strada Urbana;VIA PIETRO BEMBO;in corrispondenza;;del civico n.;36/A;;Scontro laterale fra veicoli in marcia;Rettilineo;Una carreggiata a doppio senso;Asciutto;Asfaltata;Assente;Sereno;Scarso;Buona;Ore Diurne;0;0;0;3;12.4134;41.9216;-1;1;Autovettura privata;In marcia / fermata / arresto;Conducente;M;Illeso;0;;;
4221208;19;09/02/2019 12:45:00;Strada Urbana;VIA PIETRO BEMBO;in corrispondenza;;del civico n.;36/A;;Scontro laterale fra veicoli in marcia;Rettilineo;Una carreggiata a doppio senso;Asciutto;Asfaltata;Assente;Sereno;Scarso;Buona;Ore Diurne;0;0;0;3;12.4134;41.9216;-1;2;Autovettura privata;In marcia / fermata / arresto;Conducente;M;Illeso;0;;;
4221208;19;09/02/2019 12:45:00;Strada Urbana;VIA PIETRO BEMBO;in corrispondenza;;del civico n.;36/A;;Scontro laterale fra veicoli in marcia;Rettilineo;Una carreggiata a doppio senso;Asciutto;Asfaltata;Assente;Sereno;Scarso;Buona;Ore Diurne;0;0;0;3;12.4134;41.9216;-1;2;Autovettura privata;In marcia / fermata / arresto;Passeggero;F;Illeso;0;;;
4221227;17;10/02/2019 12:13:00;Strada Urbana;VIA TRIONFALE;all'intersezione con;VIA TOMMASO CAMPANELLA;VIA TOMMASO CAMPANELLA;;;Scontro laterale fra veicoli in marcia;Intersezione stradale segnalata;Una carreggiata a senso unico di marcia;Asciutto;Asfaltata;Verticale ed orizzontale;Nuvoloso;Scarso;Buona;Ore Diurne;0;0;0;4;12.4539;41.9111;-1;1;Autovettura privata;In marcia / fermata / arresto;Conducente;F;Illeso;0;;;
4221227;17;10/02/2019 12:13:00;Strada Urbana;VIA TRIONFALE;all'intersezione con;VIA TOMMASO CAMPANELLA;VIA TOMMASO CAMPANELLA;;;Scontro laterale fra veicoli in marcia;Intersezione stradale segnalata;Una carreggiata a senso unico di marcia;Asciutto;Asfaltata;Verticale ed orizzontale;Nuvoloso;Scarso;Buona;Ore Diurne;0;0;0;4;12.4539;41.9111;-1;1;Autovettura privata;In marcia / fermata / arresto;Passeggero;F;Illeso;0;;;
4221227;17;10/02/2019 12:13:00;Strada Urbana;VIA TRIONFALE;all'intersezione con;VIA TOMMASO CAMPANELLA;VIA TOMMASO CAMPANELLA;;;Scontro laterale fra veicoli in marcia;Intersezione stradale segnalata;Una carreggiata a senso unico di marcia;Asciutto;Asfaltata;Verticale ed orizzontale;Nuvoloso;Scarso;Buona;Ore Diurne;0;0;0;4;12.4539;41.9111;-1;2;Autovettura privata;In marcia / fermata / arresto;Conducente;M;Illeso;0;;;
4221227;17;10/02/2019 12:13:00;Strada Urbana;VIA TRIONFALE;all'intersezione con;VIA TOMMASO CAMPANELLA;VIA TOMMASO CAMPANELLA;;;Scontro laterale fra veicoli in marcia;Intersezione stradale segnalata;Una carreggiata a senso unico di marcia;Asciutto;Asfaltata;Verticale ed orizzontale;Nuvoloso;Scarso;Buona;Ore Diurne;0;0;0;4;12.4539;41.9111;-1;2;Autovettura privata;In marcia / fermata / arresto;Passeggero;F;Illeso;0;;;
4221229;19;09/02/2019 16:30:00;Strada Urbana;VIA ENRICO PEZZI;in corrispondenza;;del civico n.;5;;Veicolo in marcia contro veicoli in sosta;Pendenza;Una carreggiata a senso unico di marcia;Asciutto;Asfaltata;Assente;Sereno;Scarso;Buona;Ore Diurne;0;0;0;0;12.4265;41.9254;-1;1;Autovettura privata;Sosta;;;;;;;
4221229;19;09/02/2019 16:30:00;Strada Urbana;VIA ENRICO PEZZI;in corrispondenza;;del civico n.;5;;Veicolo in marcia contro veicoli in sosta;Pendenza;Una carreggiata a senso unico di marcia;Asciutto;Asfaltata;Assente;Sereno;Scarso;Buona;Ore Diurne;0;0;0;0;12.4265;41.9254;-1;2;Autovettura privata;Sosta;;;;;;;
4221229;19;09/02/2019 16:30:00;Strada Urbana;VIA ENRICO PEZZI;in corrispondenza;;del civico n.;5;;Veicolo in marcia contro veicoli in sosta;Pendenza;Una carreggiata a senso unico di marcia;Asciutto;Asfaltata;Assente;Sereno;Scarso;Buona;Ore Diurne;0;0;0;0;12.4265;41.9254;-1;3;Autovettura privata;Sosta;;;;;;;
4221239;19;11/02/2019 01:25:00;Strada Urbana;VIA DI TORREVECCHIA;in corrispondenza;;del civico n.;f.c. 659;;Veicolo in marcia contro veicoli in sosta;Rettilineo;Una carreggiata a doppio senso;Asciutto;Asfaltata;Orizzontale;Sereno;Scarso;Buona;Sufficiente;1;0;0;1;12.4104;41.9207;-1;1;Autovettura privata;In marcia / fermata / arresto;Conducente;M;Illeso;0;;Non accertato;Esploso
4221239;19;11/02/2019 01:25:00;Strada Urbana;VIA DI TORREVECCHIA;in corrispondenza;;del civico n.;f.c. 659;;Veicolo in marcia contro veicoli in sosta;Rettilineo;Una carreggiata a doppio senso;Asciutto;Asfaltata;Orizzontale;Sereno;Scarso;Buona;Sufficiente;1;0;0;1;12.4104;41.9207;-1;1;Autovettura privata;In marcia / fermata / arresto;Passeggero;F;Rimandato;0;NON DECEDUTO;Non accertato;Esploso
4221239;19;11/02/2019 01:25:00;Strada Urbana;VIA DI TORREVECCHIA;in corrispondenza;;del civico n.;f.c. 659;;Veicolo in marcia contro veicoli in sosta;Rettilineo;Una carreggiata a doppio senso;Asciutto;Asfaltata;Orizzontale;Sereno;Scarso;Buona;Sufficiente;1;0;0;1;12.4104;41.9207;-1;2;Autovettura privata;Sosta;;;;;;;
4221239;19;11/02/2019 01:25:00;Strada Urbana;VIA DI TORREVECCHIA;in corrispondenza;;del civico n.;f.c. 659;;Veicolo in marcia contro veicoli in sosta;Rettilineo;Una carreggiata a doppio senso;Asciutto;Asfaltata;Orizzontale;Sereno;Scarso;Buona;Sufficiente;1;0;0;1;12.4104;41.9207;-1;3;Autocarro inferiore 35 q.;Sosta;;;;;;;
4221239;19;11/02/2019 01:25:00;Strada Urbana;VIA DI TORREVECCHIA;in corrispondenza;;del civico n.;f.c. 659;;Veicolo in marcia contro veicoli in sosta;Rettilineo;Una carreggiata a doppio senso;Asciutto;Asfaltata;Orizzontale;Sereno;Scarso;Buona;Sufficiente;1;0;0;1;12.4104;41.9207;-1;4;Autovettura privata;Sosta;;;;;;;
4221254;3;07/02/2019 08:00:00;Strada Urbana;VIA LORENZO IL MAGNIFICO;in prossimità;;del civico n.;104;;Investimento di pedone;Rettilineo;Una carreggiata a doppio senso;Asciutto;Asfaltata;Verticale ed orizzontale;Sereno;Normale;Sufficiente;Ore Diurne;1;0;0;1;12.5253;41.912;-1;;;;Pedone;F;Rimandato;0;NON DECEDUTO;;
4221254;3;07/02/2019 08:00:00;Strada Urbana;VIA LORENZO IL MAGNIFICO;in prossimità;;del civico n.;104;;Investimento di pedone;Rettilineo;Una carreggiata a doppio senso;Asciutto;Asfaltata;Verticale ed orizzontale;Sereno;Normale;Sufficiente;Ore Diurne;1;0;0;1;12.5253;41.912;-1;1;Autovettura privata;In marcia / fermata / arresto;Conducente;F;Illeso;0;;Non accertato;Inesploso