Protocollo;Gruppo;DataOraIncidente;Localizzazione1;STRADA1;Localizzazione2;STRADA2;Strada02;Chilometrica;DaSpecificare;NaturaIncidente;particolaritastrade;TipoStrada;FondoStradale;Pavimentazione;Segnaletica;CondizioneAtmosferica;Traffico;Visibilita;Illuminazione;NUM_FERITI;NUM_RISERVATA;NUM_MORTI;NUM_ILLESI;Longitudine;Latitudine;Confermato;Progressivo;TipoVeicolo;StatoVeicolo;TipoPersona;Sesso;Tipolesione;Deceduto;DecedutoDopo;CinturaCascoUtilizzato;Airbag;
4222222;7;11/02/2019 16:05:00;Strada Urbana;VIALE PALMIRO TOGLIATTI;all'intersezione semaforizzata con;VIA SANTI ROMANO;VIA SANTI ROMANO;;;Tamponamento;Incrocio;Due carreggiate;Asciutto;Asfaltata;Verticale ed orizzontale;Nuvoloso;Normale;Buona;Ore Diurne;4;0;0;1;12.5733;41.8872;-1;2;Autovettura privata;In marcia / fermata / arresto;Conducente;M;Rimandato;0;NON DECEDUTO;;
4222222;7;11/02/2019 16:05:00;Strada Urbana;VIALE PALMIRO TOGLIATTI;all'intersezione semaforizzata con;VIA SANTI ROMANO;VIA SANTI ROMANO;;;Tamponamento;Incrocio;Due carreggiate;Asciutto;Asfaltata;Verticale ed orizzontale;Nuvoloso;Normale;Buona;Ore Diurne;4;0;0;1;12.5733;41.8872;-1;2;Autovettura privata;In marcia / fermata / arresto;Passeggero;F;Rimandato;0;NON DECEDUTO;;
4222222;7;11/02/2019 16:05:00;Strada Urbana;VIALE PALMIRO TOGLIATTI;all'intersezione semaforizzata con;VIA SANTI ROMANO;VIA SANTI ROMANO;;;Tamponamento;Incrocio;Due carreggiate;Asciutto;Asfaltata;Verticale ed orizzontale;Nuvoloso;Normale;Buona;Ore Diurne;4;0;0;1;12.5733;41.8872;-1;2;Autovettura privata;In marcia / fermata / arresto;Passeggero;F;Rimandato;0;NON DECEDUTO;;
4222222;7;11/02/2019 16:05:00;Strada Urbana;VIALE PALMIRO TOGLIATTI;all'intersezione semaforizzata con;VIA SANTI ROMANO;VIA SANTI ROMANO;;;Tamponamento;Incrocio;Due carreggiate;Asciutto;Asfaltata;Verticale ed orizzontale;Nuvoloso;Normale;Buona;Ore Diurne;4;0;0;1;12.5733;41.8872;-1;2;Autovettura privata;In marcia / fermata / arresto;Passeggero;M;Illeso;0;;;
4222232;16;11/02/2019 11:30:00;Strada Urbana;VIA EDOARDO JENNER;in prossimità;;del civico n.;151;;Tamponamento;Rettilineo;Una carreggiata a doppio senso;Asciutto;Asfaltata;Verticale ed orizzontale;Nuvoloso;Normale;Buona;Ore Diurne;0;0;0;2;12.4457;41.8706;-1;1;Autovettura privata;In marcia / fermata / arresto;Conducente;F;Illeso;0;;Non accertato;
4222232;16;11/02/2019 11:30:00;Strada Urbana;VIA EDOARDO JENNER;in prossimità;;del civico n.;151;;Tamponamento;Rettilineo;Una carreggiata a doppio senso;Asciutto;Asfaltata;Verticale ed orizzontale;Nuvoloso;Normale;Buona;Ore Diurne;0;0;0;2;12.4457;41.8706;-1;2;Autovettura pubblica;In marcia / fermata / arresto;Conducente;M;Illeso;0;;Non accertato;
4222246;16;11/02/2019 12:05:00;Strada Urbana;VIA DI BRAVETTA;all'intersezione con;VIA SILVESTRI;VIA SILVESTRI;;;Scontro frontale/laterale SX fra veicoli in marcia;Incrocio;Una carreggiata a doppio senso;Asciutto;Asfaltata;Verticale ed orizzontale;Nuvoloso;Normale;Buona;Ore Diurne;1;0;0;2;12.4257;41.8762;-1;1;Autovettura privata;In marcia / fermata / arresto;Conducente;M;Illeso;0;;Non accertato;
4222246;16;11/02/2019 12:05:00;Strada Urbana;VIA DI BRAVETTA;all'intersezione con;VIA SILVESTRI;VIA SILVESTRI;;;Scontro frontale/laterale SX fra veicoli in marcia;Incrocio;Una carreggiata a doppio senso;Asciutto;Asfaltata;Verticale ed orizzontale;Nuvoloso;Normale;Buona;Ore Diurne;1;0;0;2;12.4257;41.8762;-1;2;Autovettura privata;In marcia / fermata / arresto;Conducente;M;Rimandato;0;NON DECEDUTO;Non accertato;
4222246;16;11/02/2019 12:05:00;Strada Urbana;VIA DI BRAVETTA;all'intersezione con;VIA SILVESTRI;VIA SILVESTRI;;;Scontro frontale/laterale SX fra veicoli in marcia;Incrocio;Una carreggiata a doppio senso;Asciutto;Asfaltata;Verticale ed orizzontale;Nuvoloso;Normale;Buona;Ore Diurne;1;0;0;2;12.4257;41.8762;-1;2;Autovettura privata;In marcia / fermata / arresto;Passeggero;F;Illeso;0;;Non accertato;
4222256;12;06/02/2019 09:25:00;Strada Urbana;VIA CINA;in prossimità;;del civico n.;40;;Veicolo in marcia contro ostacolo accidentale;Rettilineo;Una carreggiata a doppio senso;Asciutto;Asfaltata;Verticale ed orizzontale;Sereno;Intenso;Buona;Ore Diurne;0;0;0;1;12.4367;41.8159;-1;1;Autovettura privata;In marcia / fermata / arresto;Conducente;M;Illeso;0;;;
4222278;12;06/02/2019 15:00:00;Strada Urbana;VIALE OCEANO ATLANTICO ;all'intersezione con;VIALE CESARE PAVESE;VIALE CESARE PAVESE;;;Veicolo in marcia contro ostacolo accidentale;Intersezione stradale segnalata;Due carreggiate;Asciutto;Asfaltata;Verticale ed orizzontale;Sereno;Normale;Buona;Ore Diurne;0;0;0;1;12.4716;41.8202;-1;1;Autovettura privata;In marcia / fermata / arresto;Conducente;M;Illeso;0;;Utilizzato;Inesploso
4222305;12;06/02/2019 15:37:00;Strada Urbana;VIALE CRISTOFORO COLOMBO;da specificare;;;;ALT. CARLO LEVI;Veicolo in marcia contro ostacolo accidentale;Rettilineo;Una carreggiata a senso unico di marcia;Asciutto;Asfaltata;Verticale ed orizzontale;Sereno;Normale;Buona;Ore Diurne;0;0;0;1;12.4536;41.8089;-1;1;Autovettura di polizia;In marcia / fermata / arresto;Conducente;M;Illeso;0;;;
4222344;12;08/02/2019 08:10:00;Strada Urbana;VIALE DELL'UMANESIMO;da specificare;;;;PER OCEANO ATLANTICO;Scontro frontale fra veicoli in marcia;Rettilineo;Una carreggiata a doppio senso;Asciutto;Asfaltata;Verticale ed orizzontale;Sereno;Normale;Buona;Ore Diurne;0;0;0;5;12.4695;41.8232;-1;1;Autovettura privata;In marcia / fermata / arresto;Conducente;M;Illeso;0;;;
4222344;12;08/02/2019 08:10:00;Strada Urbana;VIALE DELL'UMANESIMO;da specificare;;;;PER OCEANO ATLANTICO;Scontro frontale fra veicoli in marcia;Rettilineo;Una carreggiata a doppio senso;Asciutto;Asfaltata;Verticale ed orizzontale;Sereno;Normale;Buona;Ore Diurne;0;0;0;5;12.4695;41.8232;-1;2;Autovettura privata;In marcia / fermata / arresto;Conducente;M;Illeso;0;;;
4222344;12;08/02/2019 08:10:00;Strada Urbana;VIALE DELL'UMANESIMO;da specificare;;;;PER OCEANO ATLANTICO;Scontro frontale fra veicoli in marcia;Rettilineo;Una carreggiata a doppio senso;Asciutto;Asfaltata;Verticale ed orizzontale;Sereno;Normale;Buona;Ore Diurne;0;0;0;5;12.4695;41.8232;-1;2;Autovettura privata;In marcia / fermata / arresto;Passeggero;M;Illeso;0;;;
4222344;12;08/02/2019 08:10:00;Strada Urbana;VIALE DELL'UMANESIMO;da specificare;;;;PER OCEANO ATLANTICO;Scontro frontale fra veicoli in marcia;Rettilineo;Una carreggiata a doppio senso;Asciutto;Asfaltata;Verticale ed orizzontale;Sereno;Normale;Buona;Ore Diurne;0;0;0;5;12.4695;41.8232;-1;2;Autovettura privata;In marcia / fermata / arresto;Passeggero;F;Illeso;0;;;
4222344;12;08/02/2019 08:10:00;Strada Urbana;VIALE DELL'UMANESIMO;da specificare;;;;PER OCEANO ATLANTICO;Scontro frontale fra veicoli in marcia;Rettilineo;Una carreggiata a doppio senso;Asciutto;Asfaltata;Verticale ed orizzontale;Sereno;Normale;Buona;Ore Diurne;0;0;0;5;12.4695;41.8232;-1;2;Autovettura privata;In marcia / fermata / arresto;Passeggero;F;Illeso;0;;;
4222373;12;08/02/2019 09:30:00;Regionale entro l'abitato;VIA PONTINA;all'intersezione con;VIA VALLE DI PERNA;VIA VALLE DI PERNA;;;Scontro frontale/laterale SX fra veicoli in marcia;Incrocio;Una carreggiata a doppio senso;Asciutto;Asfaltata;Verticale ed orizzontale;Sereno;Scarso;Buona;Ore Diurne;0;0;0;2;12.4474;41.7829;-1;1;Autovettura privata;In marcia / fermata / arresto;Conducente;M;Illeso;0;;;
4222373;12;08/02/2019 09:30:00;Regionale entro l'abitato;VIA PONTINA;all'intersezione con;VIA VALLE DI PERNA;VIA VALLE DI PERNA;;;Scontro frontale/laterale SX fra veicoli in marcia;Incrocio;Una carreggiata a doppio senso;Asciutto;Asfaltata;Verticale ed orizzontale;Sereno;Scarso;Buona;Ore Diurne;0;0;0;2;12.4474;41.7829;-1;2;Autocarro superiore 35 q.;In marcia / fermata / arresto;Conducente;M;Illeso;0;;;
4222727;1;10/02/2019 12:30:00;Strada Urbana;VIA DI MONTE BRIANZO;in prossimità;;del civico n.;46;;Veicolo in marcia contro ostacolo accidentale;Rettilineo;Una carreggiata a senso unico di marcia;Viscido da liquidi oleosi;In cubetti di porfido;Verticale ed orizzontale;Nuvoloso;Normale;Buona;Ore Diurne;1;0;0;1;12.4743;41.9029;-1;1;Autovettura pubblica;In marcia / fermata / arresto;Conducente;M;Illeso;0;;Non accertato;Inesploso
4222727;1;10/02/2019 12:30:00;Strada Urbana;VIA DI MONTE BRIANZO;in prossimità;;del civico n.;46;;Veicolo in marcia contro ostacolo accidentale;Rettilineo;Una carreggiata a senso unico di marcia;Viscido da liquidi oleosi;In cubetti di porfido;Verticale ed orizzontale;Nuvoloso;Normale;Buona;Ore Diurne;1;0;0;1;12.4743;41.9029;-1;2;Motociclo a solo;In marcia / fermata / arresto;Conducente;M;Rifiuta cure immediate;0;NON DECEDUTO;Non accertato;
4222736;15;11/02/2019 08:00:00;Strada Urbana;VIALE PARCO DE' MEDICI;da specificare;;;;prossimità rampa Roma Fiumicino;Scontro laterale fra veicoli in marcia;Rettilineo;Una carreggiata a senso unico di marcia;Asciutto;Asfaltata;Verticale ed orizzontale;Sereno;Normale;Buona;Ore Diurne;0;0;0;2;12.4155;41.8199;-1;1;Autovettura privata;In marcia / fermata / arresto;Conducente;M;Illeso;0;;Utilizzato;Inesploso
4222736;15;11/02/2019 08:00:00;Strada Urbana;VIALE PARCO DE' MEDICI;da specificare;;;;prossimità rampa Roma Fiumicino;Scontro laterale fra veicoli in marcia;Rettilineo;Una carreggiata a senso unico di marcia;Asciutto;Asfaltata;Verticale ed orizzontale;Sereno;Normale;Buona;Ore Diurne;0;0;0;2;12.4155;41.8199;-1;2;Autocarro inferiore 35 q.;In marcia / fermata / arresto;Conducente;M;Illeso;0;;Utilizzato;Inesploso
4222739;9;11/02/2019 14:20:00;Strada Urbana;VIA IVREA;in prossimità;;del civico n.;26;;Veicolo in marcia contro veicoli in sosta;Rettilineo;Una carreggiata a senso unico di marcia;Asciutto;Asfaltata;Verticale ed orizzontale;Nuvoloso;Scarso;Buona;Ore Diurne;0;0;0;1;12.5179;41.877;-1;1;Autovettura privata;In marcia / fermata / arresto;Conducente;F;Illeso;0;;Non accertato;Inesploso
4222739;9;11/02/2019 14:20:00;Strada Urbana;VIA IVREA;in prossimità;;del civico n.;26;;Veicolo in marcia contro veicoli in sosta;Rettilineo;Una carreggiata a senso unico di marcia;Asciutto;Asfaltata;Verticale ed orizzontale;Nuvoloso;Scarso;Buona;Ore Diurne;0;0;0;1;12.5179;41.877;-1;2;Motociclo a solo;Sosta;;;;;;;
4222739;9;11/02/2019 14:20:00;Strada Urbana;VIA IVREA;in prossimità;;del civico n.;26;;Veicolo in marcia contro veicoli in sosta;Rettilineo;Una carreggiata a senso unico di marcia;Asciutto;Asfaltata;Verticale ed orizzontale;Nuvoloso;Scarso;Buona;Ore Diurne;0;0;0;1;12.5179;41.877;-1;3;Motociclo a solo;Sosta;;;;;;;
4222739;9;11/02/2019 14:20:00;Strada Urbana;VIA IVREA;in prossimità;;del civico n.;26;;Veicolo in marcia contro veicoli in sosta;Rettilineo;Una carreggiata a senso unico di marcia;Asciutto;Asfaltata;Verticale ed orizzontale;Nuvoloso;Scarso;Buona;Ore Diurne;0;0;0;1;12.5179;41.877;-1;4;Motociclo a solo;Sosta;;;;;;;
4222739;9;11/02/2019 14:20:00;Strada Urbana;VIA IVREA;in prossimità;;del civico n.;26;;Veicolo in marcia contro veicoli in sosta;Rettilineo;Una carreggiata a senso unico di marcia;Asciutto;Asfaltata;Verticale ed orizzontale;Nuvoloso;Scarso;Buona;Ore Diurne;0;0;0;1;12.5179;41.877;-1;5;Motociclo a solo;Sosta;;;;;;;
4222745;11;11/02/2019 13:10:00;Strada Urbana;VIA LAURENTINA;da specificare;;;;palo Acea n. 442 (pross. civico 251);Tamponamento Multiplo;Rettilineo;Due carreggiate;Bagnato (pioggia);Asfaltata;Verticale ed orizzontale;Nuvoloso;Scarso;Buona;Ore Diurne;0;0;0;4;12.4817;41.8023;-1;1;Autovettura privata;In marcia / fermata / arresto;Conducente;M;Illeso;0;;;
4222745;11;11/02/2019 13:10:00;Strada Urbana;VIA LAURENTINA;da specificare;;;;palo Acea n. 442 (pross. civico 251);Tamponamento Multiplo;Rettilineo;Due carreggiate;Bagnato (pioggia);Asfaltata;Verticale ed orizzontale;Nuvoloso;Scarso;Buona;Ore Diurne;0;0;0;4;12.4817;41.8023;-1;1;Autovettura privata;In marcia / fermata / arresto;Passeggero;M;Illeso;0;;;
4222745;11;11/02/2019 13:10:00;Strada Urbana;VIA LAURENTINA;da specificare;;;;palo Acea n. 442 (pross. civico 251);Tamponamento Multiplo;Rettilineo;Due carreggiate;Bagnato (pioggia);Asfaltata;Verticale ed orizzontale;Nuvoloso;Scarso;Buona;Ore Diurne;0;0;0;4;12.4817;41.8023;-1;2;Autovettura privata;In marcia / fermata / arresto;Conducente;M;Illeso;0;;;
4222745;11;11/02/2019 13:10:00;Strada Urbana;VIA LAURENTINA;da specificare;;;;palo Acea n. 442 (pross. civico 251);Tamponamento Multiplo;Rettilineo;Due carreggiate;Bagnato (pioggia);Asfaltata;Verticale ed orizzontale;Nuvoloso;Scarso;Buona;Ore Diurne;0;0;0;4;12.4817;41.8023;-1;3;Autovettura privata;In marcia / fermata / arresto;Conducente;M;Illeso;0;;;
4222747;9;11/02/2019 17:20:00;Strada Urbana;VIA LA SPEZIA;da specificare;;;;fronte civico 26;Tamponamento Multiplo;Rettilineo;Una carreggiata a doppio senso;Bagnato (pioggia);Asfaltata;Verticale ed orizzontale;Pioggia in atto;Intenso;Buona;Sufficiente;0;0;0;6;12.5153;41.8863;-1;1;Autocarro inferiore 35 q.;In marcia / fermata / arresto;Conducente;M;Illeso;0;;Non accertato;Inesploso
4222747;9;11/02/2019 17:20:00;Strada Urbana;VIA LA SPEZIA;da specificare;;;;fronte civico 26;Tamponamento Multiplo;Rettilineo;Una carreggiata a doppio senso;Bagnato (pioggia);Asfaltata;Verticale ed orizzontale;Pioggia in atto;Intenso;Buona;Sufficiente;0;0;0;6;12.5153;41.8863;-1;1;Autocarro inferiore 35 q.;In marcia / fermata / arresto;Passeggero;M;Illeso;0;;Non accertato;Inesploso
4222747;9;11/02/2019 17:20:00;Strada Urbana;VIA LA SPEZIA;da specificare;;;;fronte civico 26;Tamponamento Multiplo;Rettilineo;Una carreggiata a doppio senso;Bagnato (pioggia);Asfaltata;Verticale ed orizzontale;Pioggia in atto;Intenso;Buona;Sufficiente;0;0;0;6;12.5153;41.8863;-1;2;Autovettura privata;In marcia / fermata / arresto;Conducente;M;Illeso;0;;Non accertato;Inesploso
4222747;9;11/02/2019 17:20:00;Strada Urbana;VIA LA SPEZIA;da specificare;;;;fronte civico 26;Tamponamento Multiplo;Rettilineo;Una carreggiata a doppio senso;Bagnato (pioggia);Asfaltata;Verticale ed orizzontale;Pioggia in atto;Intenso;Buona;Sufficiente;0;0;0;6;12.5153;41.8863;-1;2;Autovettura privata;In marcia / fermata / arresto;Passeggero;M;Illeso;0;;Non accertato;Inesploso
4222747;9;11/02/2019 17:20:00;Strada Urbana;VIA LA SPEZIA;da specificare;;;;fronte civico 26;Tamponamento Multiplo;Rettilineo;Una carreggiata a doppio senso;Bagnato (pioggia);Asfaltata;Verticale ed orizzontale;Pioggia in atto;Intenso;Buona;Sufficiente;0;0;0;6;12.5153;41.8863;-1;3;Autovettura privata;In marcia / fermata / arresto;Conducente;M;Illeso;0;;Non accertato;Inesploso
4222747;9;11/02/2019 17:20:00;Strada Urbana;VIA LA SPEZIA;da specificare;;;;fronte civico 26;Tamponamento Multiplo;Rettilineo;Una carreggiata a doppio senso;Bagnato (pioggia);Asfaltata;Verticale ed orizzontale;Pioggia in atto;Intenso;Buona;Sufficiente;0;0;0;6;12.5153;41.8863;-1;3;Autovettura privata;In marcia / fermata / arresto;Passeggero;F;Illeso;0;;Non accertato;Inesploso
4222765;8;11/02/2019 13:00:00;Strada Urbana;VIA DI TOR BELLA MONACA;in prossimità;;del palo luce n.;42;;Tamponamento Multiplo;Rettilineo;Due carreggiate;Bagnato (pioggia);Asfaltata;Verticale ed orizzontale;Pioggia in atto;Intenso;Sufficiente;Ore Diurne;1;0;0;2;12.6282;41.8763;-1;1;Autovettura privata;In marcia / fermata / arresto;Conducente;F;Illeso;0;;Non accertato;
4222765;8;11/02/2019 13:00:00;Strada Urbana;VIA DI TOR BELLA MONACA;in prossimità;;del palo luce n.;42;;Tamponamento Multiplo;Rettilineo;Due carreggiate;Bagnato (pioggia);Asfaltata;Verticale ed orizzontale;Pioggia in atto;Intenso;Sufficiente;Ore Diurne;1;0;0;2;12.6282;41.8763;-1;2;Autovettura privata;In marcia / fermata / arresto;Conducente;F;Rimandato;0;NON DECEDUTO;Non accertato;Inesploso
4222765;8;11/02/2019 13:00:00;Strada Urbana;VIA DI TOR BELLA MONACA;in prossimità;;del palo luce n.;42;;Tamponamento Multiplo;Rettilineo;Due carreggiate;Bagnato (pioggia);Asfaltata;Verticale ed orizzontale;Pioggia in atto;Intenso;Sufficiente;Ore Diurne;1;0;0;2;12.6282;41.8763;-1;3;Autovettura privata;In marcia / fermata / arresto;Conducente;M;Illeso;0;;Non accertato;
4222766;1;10/02/2019 00:15:00;Strada Urbana;VIA VENTI SETTEMBRE;in corrispondenza;;del civico n.;5;;Scontro frontale/laterale SX fra veicoli in marcia;Rettilineo;Una carreggiata a doppio senso;Asciutto;Asfaltata;Orizzontale;Sereno;Scarso;Sufficiente;Sufficiente;1;0;0;1;9.644;45.397;-1;1;Motociclo a solo;In marcia / fermata / arresto;Conducente;M;Rifiuta cure immediate;0;NON DECEDUTO;Non accertato;
4222766;1;10/02/2019 00:15:00;Strada Urbana;VIA VENTI SETTEMBRE;in corrispondenza;;del civico n.;5;;Scontro frontale/laterale SX fra veicoli in marcia;Rettilineo;Una carreggiata a doppio senso;Asciutto;Asfaltata;Orizzontale;Sereno;Scarso;Sufficiente;Sufficiente;1;0;0;1;9.644;45.397;-1;2;Autocarro inferiore 35 q.;In marcia / fermata / arresto;Conducente;M;Illeso;0;;Non accertato;Inesploso
4222767;12;08/02/2019 20:05:00;Strada Urbana;VIALE DEI CADUTI NELLA GUERRA DI LIBERAZIONE;in prossimità;;del civico n.;315;;Veicolo in marcia contro ostacolo accidentale;Curva a visuale libera;Una carreggiata a senso unico di marcia;Asciutto;Asfaltata;Verticale ed orizzontale;Nuvoloso;Scarso;Insufficiente;Insufficiente;0;0;0;2;12.4424;41.7836;-1;1;Autovettura privata;In marcia / fermata / arresto;Conducente;F;Illeso;0;;;
4222767;12;08/02/2019 20:05:00;Strada Urbana;VIALE DEI CADUTI NELLA GUERRA DI LIBERAZIONE;in prossimità;;del civico n.;315;;Veicolo in marcia contro ostacolo accidentale;Curva a visuale libera;Una carreggiata a senso unico di marcia;Asciutto;Asfaltata;Verticale ed orizzontale;Nuvoloso;Scarso;Insufficiente;Insufficiente;0;0;0;2;12.4424;41.7836;-1;1;Autovettura privata;In marcia / fermata / arresto;Passeggero;F;Illeso;0;;;
4222769;8;11/02/2019 16:00:00;Strada Urbana;VIA DELL'ARCHEOLOGIA;all'intersezione con;VIA DEI COCHI;VIA DEI COCHI;;;Scontro laterale fra veicoli in marcia;Intersezione non regolata/non segnalata;Una carreggiata a doppio senso;Asciutto;Asfaltata;Verticale ed orizzontale;Nuvoloso;Normale;Buona;Ore Diurne;1;0;0;3;12.6266;41.8807;-1;1;Autovettura privata;In marcia / fermata / arresto;Conducente;M;Ricoverato;0;NON DECEDUTO;Non accertato;
4222769;8;11/02/2019 16:00:00;Strada Urbana;VIA DELL'ARCHEOLOGIA;all'intersezione con;VIA DEI COCHI;VIA DEI COCHI;;;Scontro laterale fra veicoli in marcia;Intersezione non regolata/non segnalata;Una carreggiata a doppio senso;Asciutto;Asfaltata;Verticale ed orizzontale;Nuvoloso;Normale;Buona;Ore Diurne;1;0;0;3;12.6266;41.8807;-1;2;Autovettura privata;In marcia / fermata / arresto;Conducente;M;Illeso;0;;Non accertato;
4222769;8;11/02/2019 16:00:00;Strada Urbana;VIA DELL'ARCHEOLOGIA;all'intersezione con;VIA DEI COCHI;VIA DEI COCHI;;;Scontro laterale fra veicoli in marcia;Intersezione non regolata/non segnalata;Una carreggiata a doppio senso;Asciutto;Asfaltata;Verticale ed orizzontale;Nuvoloso;Normale;Buona;Ore Diurne;1;0;0;3;12.6266;41.8807;-1;2;Autovettura privata;In marcia / fermata / arresto;Passeggero;M;Illeso;0;;Non accertato;Esploso
4222769;8;11/02/2019 16:00:00;Strada Urbana;VIA DELL'ARCHEOLOGIA;all'intersezione con;VIA DEI COCHI;VIA DEI COCHI;;;Scontro laterale fra veicoli in marcia;Intersezione non regolata/non segnalata;Una carreggiata a doppio senso;Asciutto;Asfaltata;Verticale ed orizzontale;Nuvoloso;Normale;Buona;Ore Diurne;1;0;0;3;12.6266;41.8807;-1;3;Autovettura privata;In marcia / fermata / arresto;Conducente;M;Illeso;0;;;
4222770;5;11/02/2019 09:00:00;Strada Urbana;LARGO CAMERANO;all'intersezione con;VIA PIEVEBOVIGLIANA;VIA PIEVEBOVIGLIANA;;;Scontro frontale/laterale SX fra veicoli in marcia;Incrocio;Una carreggiata a doppio senso;Asciutto;Asfaltata;Verticale ed orizzontale;Nuvoloso;Normale;Sufficiente;Ore Diurne;0;0;0;2;12.587;41.9394;-1;1;Autovettura privata;In marcia / fermata / arresto;Conducente;F;Illeso;0;;Non accertato;Inesploso
4222770;5;11/02/2019 09:00:00;Strada Urbana;LARGO CAMERANO;all'intersezione con;VIA PIEVEBOVIGLIANA;VIA PIEVEBOVIGLIANA;;;Scontro frontale/laterale SX fra veicoli in marcia;Incrocio;Una carreggiata a doppio senso;Asciutto;Asfaltata;Verticale ed orizzontale;Nuvoloso;Normale;Sufficiente;Ore Diurne;0;0;0;2;12.587;41.9394;-1;2;Autovettura privata;In marcia / fermata / arresto;Conducente;F;Illeso;0;;Non accertato;Inesploso
4222770;5;11/02/2019 09:00:00;Strada Urbana;LARGO CAMERANO;all'intersezione con;VIA PIEVEBOVIGLIANA;VIA PIEVEBOVIGLIANA;;;Scontro frontale/laterale SX fra veicoli in marcia;Incrocio;Una carreggiata a doppio senso;Asciutto;Asfaltata;Verticale ed orizzontale;Nuvoloso;Normale;Sufficiente;Ore Diurne;0;0;0;2;12.587;41.9394;-1;3;Autovettura privata;Sosta;;;;;;;
4222779;8;11/02/2019 16:45:00;Strada Urbana;VIA ALFONSO ALBERGHETTI;all'intersezione con;VIA CARLO SARACENI;VIA CARLO SARACENI;;;Scontro frontale/laterale DX fra veicoli in marcia;Incrocio;Una carreggiata a senso unico di marcia;Bagnato (pioggia);Asfaltata;Verticale;Nuvoloso;Normale;Sufficiente;Ore Diurne;2;0;0;1;12.6254;41.8664;-1;1;Autovettura privata;In marcia / fermata / arresto;Conducente;M;Illeso;0;;Non accertato;Inesploso
4222779;8;11/02/2019 16:45:00;Strada Urbana;VIA ALFONSO ALBERGHETTI;all'intersezione con;VIA CARLO SARACENI;VIA CARLO SARACENI;;;Scontro frontale/laterale DX fra veicoli in marcia;Incrocio;Una carreggiata a senso unico di marcia;Bagnato (pioggia);Asfaltata;Verticale;Nuvoloso;Normale;Sufficiente;Ore Diurne;2;0;0;1;12.6254;41.8664;-1;2;Autovettura privata;In marcia / fermata / arresto;Conducente;M;Rimandato;0;NON DECEDUTO;Non accertato;Inesploso
4222779;8;11/02/2019 16:45:00;Strada Urbana;VIA ALFONSO ALBERGHETTI;all'intersezione con;VIA CARLO SARACENI;VIA CARLO SARACENI;;;Scontro frontale/laterale DX fra veicoli in marcia;Incrocio;Una carreggiata a senso unico di marcia;Bagnato (pioggia);Asfaltata;Verticale;Nuvoloso;Normale;Sufficiente;Ore Diurne;2;0;0;1;12.6254;41.8664;-1;2;Autovettura privata;In marcia / fermata / arresto;Passeggero;F;Rimandato;0;NON DECEDUTO;;
4222781;20;11/02/2019 08:35:00;Regionale entro l'abitato;VIA CASSIA;da specificare;;;;prossimità Via Sutri;Veicolo in marcia contro veicolo in sosta;Rettilineo;Una carreggiata a senso unico di marcia;Asciutto;Asfaltata;Verticale;Sereno;Normale;Buona;Ore Diurne;0;0;0;1;12.4662;41.9395;-1;1;Autovettura privata;Sosta;;;;;;;
4222781;20;11/02/2019 08:35:00;Regionale entro l'abitato;VIA CASSIA;da specificare;;;;prossimità Via Sutri;Veicolo in marcia contro veicolo in sosta;Rettilineo;Una carreggiata a senso unico di marcia;Asciutto;Asfaltata;Verticale;Sereno;Normale;Buona;Ore Diurne;0;0;0;1;12.4662;41.9395;-1;2;Autovettura privata;In marcia / fermata / arresto;Conducente;M;Illeso;0;;;
4222784;8;11/02/2019 19:00:00;Strada Urbana;VIA DEL FOSSO DI S. MAURA;da specificare;;;;altezza semaforo pedonale;Investimento di pedone;Rettilineo;Due carreggiate;Asciutto;Asfaltata;Verticale ed orizzontale;Nuvoloso;Normale;Sufficiente;Sufficiente;1;0;0;1;12.5947;41.858;-1;;;;Pedone;F;Rimandato;0;NON DECEDUTO;;
4222784;8;11/02/2019 19:00:00;Strada Urbana;VIA DEL FOSSO DI S. MAURA;da specificare;;;;altezza semaforo pedonale;Investimento di pedone;Rettilineo;Due carreggiate;Asciutto;Asfaltata;Verticale ed orizzontale;Nuvoloso;Normale;Sufficiente;Sufficiente;1;0;0;1;12.5947;41.858;-1;1;Autovettura privata;In marcia / fermata / arresto;Conducente;M;Illeso;0;;Non accertato;Inesploso
4222788;15;11/02/2019 10:35:00;Strada Urbana;VIALE VENTIMIGLIA;da specificare;;;;prossimità Via Capalbio;Scontro frontale/laterale SX fra veicoli in marcia;Rettilineo;Due carreggiate;Asciutto;Asfaltata;Verticale ed orizzontale;Nuvoloso;Normale;Buona;Ore Diurne;0;0;0;3;12.4384;41.8409;-1;1;Autovettura privata;In marcia / fermata / arresto;Conducente;F;Illeso;0;;Non accertato;Inesploso
4222788;15;11/02/2019 10:35:00;Strada Urbana;VIALE VENTIMIGLIA;da specificare;;;;prossimità Via Capalbio;Scontro frontale/laterale SX fra veicoli in marcia;Rettilineo;Due carreggiate;Asciutto;Asfaltata;Verticale ed orizzontale;Nuvoloso;Normale;Buona;Ore Diurne;0;0;0;3;12.4384;41.8409;-1;2;Autovettura privata;In marcia / fermata / arresto;Conducente;M;Illeso;0;;Non accertato;Inesploso
4222788;15;11/02/2019 10:35:00;Strada Urbana;VIALE VENTIMIGLIA;da specificare;;;;prossimità Via Capalbio;Scontro frontale/laterale SX fra veicoli in marcia;Rettilineo;Due carreggiate;Asciutto;Asfaltata;Verticale ed orizzontale;Nuvoloso;Normale;Buona;Ore Diurne;0;0;0;3;12.4384;41.8409;-1;2;Autovettura privata;In marcia / fermata / arresto;Passeggero;M;Illeso;0;;Non accertato;Inesploso