Protocollo;Gruppo;DataOraIncidente;Localizzazione1;STRADA1;Localizzazione2;STRADA2;Strada02;Chilometrica;DaSpecificare;NaturaIncidente;particolaritastrade;TipoStrada;FondoStradale;Pavimentazione;Segnaletica;CondizioneAtmosferica;Traffico;Visibilita;Illuminazione;NUM_FERITI;NUM_RISERVATA;NUM_MORTI;NUM_ILLESI;Longitudine;Latitudine;Confermato;Progressivo;TipoVeicolo;StatoVeicolo;TipoPersona;Sesso;Tipolesione;Deceduto;DecedutoDopo;CinturaCascoUtilizzato;Airbag;
4223350;12;10/02/2019 11:20:00;Strada Urbana;VIA DEL MARE;da specificare;;;;DIREZIONE OSTIA;Veicolo in marcia contro ostacolo accidentale;Rettilineo;Una carreggiata a doppio senso;Asciutto;Asfaltata;Verticale ed orizzontale;Sereno;Scarso;Buona;Ore Diurne;0;0;0;1;12.4632;41.8403;-1;1;Autovettura privata;In marcia / fermata / arresto;Conducente;M;Illeso;0;;;
4223380;12;10/02/2019 17:00:00;Provinciale entro l'abitato;VIA LAURENTINA;all'intersezione con;VIA DI CASTEL DI LEVA;VIA DI CASTEL DI LEVA;;;Scontro laterale fra veicoli in marcia;Rotatoria;Una carreggiata a senso unico di marcia;Asciutto;Asfaltata;Orizzontale;Sereno;Normale;Buona;Ore Diurne;0;0;0;4;12.4819;41.7882;-1;1;Autovettura privata;In marcia / fermata / arresto;Conducente;F;Illeso;0;;;
4223380;12;10/02/2019 17:00:00;Provinciale entro l'abitato;VIA LAURENTINA;all'intersezione con;VIA DI CASTEL DI LEVA;VIA DI CASTEL DI LEVA;;;Scontro laterale fra veicoli in marcia;Rotatoria;Una carreggiata a senso unico di marcia;Asciutto;Asfaltata;Orizzontale;Sereno;Normale;Buona;Ore Diurne;0;0;0;4;12.4819;41.7882;-1;1;Autovettura privata;In marcia / fermata / arresto;Passeggero;F;Illeso;0;;;
4223380;12;10/02/2019 17:00:00;Provinciale entro l'abitato;VIA LAURENTINA;all'intersezione con;VIA DI CASTEL DI LEVA;VIA DI CASTEL DI LEVA;;;Scontro laterale fra veicoli in marcia;Rotatoria;Una carreggiata a senso unico di marcia;Asciutto;Asfaltata;Orizzontale;Sereno;Normale;Buona;Ore Diurne;0;0;0;4;12.4819;41.7882;-1;2;Autovettura privata;In marcia / fermata / arresto;Conducente;F;Illeso;0;;;
4223380;12;10/02/2019 17:00:00;Provinciale entro l'abitato;VIA LAURENTINA;all'intersezione con;VIA DI CASTEL DI LEVA;VIA DI CASTEL DI LEVA;;;Scontro laterale fra veicoli in marcia;Rotatoria;Una carreggiata a senso unico di marcia;Asciutto;Asfaltata;Orizzontale;Sereno;Normale;Buona;Ore Diurne;0;0;0;4;12.4819;41.7882;-1;2;Autovettura privata;In marcia / fermata / arresto;Passeggero;F;Illeso;0;;;
4223389;4;11/02/2019 12:40:00;Strada Urbana;VIA NOMENTANA NUOVA;da specificare;;;;fronte civico 45;Tamponamento;Rettilineo;Una carreggiata a doppio senso;Bagnato (umidità in atto);Asfaltata;Verticale ed orizzontale;Nuvoloso;Normale;Buona;Ore Diurne;0;0;0;2;12.5315;41.9346;-1;1;Autovettura privata;In marcia / fermata / arresto;Conducente;F;Illeso;0;;;
4223389;4;11/02/2019 12:40:00;Strada Urbana;VIA NOMENTANA NUOVA;da specificare;;;;fronte civico 45;Tamponamento;Rettilineo;Una carreggiata a doppio senso;Bagnato (umidità in atto);Asfaltata;Verticale ed orizzontale;Nuvoloso;Normale;Buona;Ore Diurne;0;0;0;2;12.5315;41.9346;-1;2;Autovettura privata;In marcia / fermata / arresto;Conducente;F;Illeso;0;;;
4223466;4;11/02/2019 18:20:00;Strada Urbana;PIAZZA GIUSEPPE PRIMOLI;all'intersezione con;VIA RENATO FUCINI;VIA RENATO FUCINI;;;Scontro laterale fra veicoli in marcia;Rotatoria;Una carreggiata a senso unico di marcia;Bagnato (umidità in atto);Asfaltata;Verticale ed orizzontale;Nuvoloso;Normale;Buona;Sufficiente;0;0;0;3;12.5495;41.9498;-1;1;Autovettura privata;In marcia / fermata / arresto;Conducente;F;Illeso;0;;Non accertato;Inesploso
4223466;4;11/02/2019 18:20:00;Strada Urbana;PIAZZA GIUSEPPE PRIMOLI;all'intersezione con;VIA RENATO FUCINI;VIA RENATO FUCINI;;;Scontro laterale fra veicoli in marcia;Rotatoria;Una carreggiata a senso unico di marcia;Bagnato (umidità in atto);Asfaltata;Verticale ed orizzontale;Nuvoloso;Normale;Buona;Sufficiente;0;0;0;3;12.5495;41.9498;-1;2;Autovettura privata;In marcia / fermata / arresto;Conducente;M;Illeso;0;;Non accertato;Inesploso
4223466;4;11/02/2019 18:20:00;Strada Urbana;PIAZZA GIUSEPPE PRIMOLI;all'intersezione con;VIA RENATO FUCINI;VIA RENATO FUCINI;;;Scontro laterale fra veicoli in marcia;Rotatoria;Una carreggiata a senso unico di marcia;Bagnato (umidità in atto);Asfaltata;Verticale ed orizzontale;Nuvoloso;Normale;Buona;Sufficiente;0;0;0;3;12.5495;41.9498;-1;3;Autovettura privata;In marcia / fermata / arresto;Conducente;M;Illeso;0;;Non accertato;Inesploso
4223480;17;11/02/2019 17:30:00;Strada Urbana;VIA BARLETTA;in corrispondenza;;del civico n.;FR 13;;Veicolo in marcia contro ostacolo fisso;Rettilineo;Più di due carreggiate;Asciutto;Asfaltata;Verticale ed orizzontale;Nuvoloso;Normale;Buona;Sufficiente;0;0;0;1;12.4581;41.9103;-1;1;Autovettura privata;In marcia / fermata / arresto;Conducente;M;Illeso;0;;;
4223489;17;11/02/2019 17:30:00;Strada Urbana;VIA MOCENIGO;all'intersezione con;VIA FRANCESCO CARACCIOLO;VIA FRANCESCO CARACCIOLO;;;Scontro frontale/laterale DX fra veicoli in marcia;Intersezione stradale segnalata;Una carreggiata a senso unico di marcia;Asciutto;Asfaltata;Verticale;Nuvoloso;Normale;Buona;Sufficiente;2;0;0;1;12.4513;41.9085;-1;1;Autovettura privata;In marcia / fermata / arresto;Conducente;M;Illeso;0;;;
4223489;17;11/02/2019 17:30:00;Strada Urbana;VIA MOCENIGO;all'intersezione con;VIA FRANCESCO CARACCIOLO;VIA FRANCESCO CARACCIOLO;;;Scontro frontale/laterale DX fra veicoli in marcia;Intersezione stradale segnalata;Una carreggiata a senso unico di marcia;Asciutto;Asfaltata;Verticale;Nuvoloso;Normale;Buona;Sufficiente;2;0;0;1;12.4513;41.9085;-1;2;Motociclo a solo;In marcia / fermata / arresto;Conducente;M;Rimandato;0;NON DECEDUTO;;
4223489;17;11/02/2019 17:30:00;Strada Urbana;VIA MOCENIGO;all'intersezione con;VIA FRANCESCO CARACCIOLO;VIA FRANCESCO CARACCIOLO;;;Scontro frontale/laterale DX fra veicoli in marcia;Intersezione stradale segnalata;Una carreggiata a senso unico di marcia;Asciutto;Asfaltata;Verticale;Nuvoloso;Normale;Buona;Sufficiente;2;0;0;1;12.4513;41.9085;-1;2;Motociclo a solo;In marcia / fermata / arresto;Passeggero;F;Rimandato;0;NON DECEDUTO;;
4223494;4;11/02/2019 23:30:00;Statale;VIA SALARIA;da specificare;;;;DIREZIONE GRA ALT. AEROPORTO DELL'URBE;Tamponamento;Rettilineo;Due carreggiate;Asciutto;Asfaltata;Verticale ed orizzontale;Sereno;Normale;Sufficiente;Sufficiente;0;0;0;2;12.506;41.9545;-1;1;Autovettura privata;In marcia / fermata / arresto;Conducente;M;Illeso;0;;;Inesploso
4223494;4;11/02/2019 23:30:00;Statale;VIA SALARIA;da specificare;;;;DIREZIONE GRA ALT. AEROPORTO DELL'URBE;Tamponamento;Rettilineo;Due carreggiate;Asciutto;Asfaltata;Verticale ed orizzontale;Sereno;Normale;Sufficiente;Sufficiente;0;0;0;2;12.506;41.9545;-1;2;Ciclomotore;In marcia / fermata / arresto;Conducente;F;Illeso;0;;;
4223513;13;11/02/2019 18:50:00;Strada Urbana;VIA ESCHILO;da specificare;;;;altezza via carneade;Tamponamento;Rettilineo;Una carreggiata a doppio senso;Asciutto;Asfaltata;Assente;Nuvoloso;Intenso;Sufficiente;Sufficiente;0;0;0;4;12.3721;41.762;-1;1;Autovettura privata;In marcia / fermata / arresto;Conducente;F;Illeso;0;;;
4223513;13;11/02/2019 18:50:00;Strada Urbana;VIA ESCHILO;da specificare;;;;altezza via carneade;Tamponamento;Rettilineo;Una carreggiata a doppio senso;Asciutto;Asfaltata;Assente;Nuvoloso;Intenso;Sufficiente;Sufficiente;0;0;0;4;12.3721;41.762;-1;1;Autovettura privata;In marcia / fermata / arresto;Passeggero;M;Illeso;0;;;
4223513;13;11/02/2019 18:50:00;Strada Urbana;VIA ESCHILO;da specificare;;;;altezza via carneade;Tamponamento;Rettilineo;Una carreggiata a doppio senso;Asciutto;Asfaltata;Assente;Nuvoloso;Intenso;Sufficiente;Sufficiente;0;0;0;4;12.3721;41.762;-1;2;Autovettura privata;In marcia / fermata / arresto;Conducente;F;Illeso;0;;;
4223513;13;11/02/2019 18:50:00;Strada Urbana;VIA ESCHILO;da specificare;;;;altezza via carneade;Tamponamento;Rettilineo;Una carreggiata a doppio senso;Asciutto;Asfaltata;Assente;Nuvoloso;Intenso;Sufficiente;Sufficiente;0;0;0;4;12.3721;41.762;-1;2;Autovettura privata;In marcia / fermata / arresto;Passeggero;F;Illeso;0;;;
4223517;12;11/02/2019 13:40:00;Strada Urbana;VIA PONTINA;da specificare;;;;RAMPA DIR.  LATINA;Scontro laterale fra veicoli in marcia;Pendenza;Una carreggiata a senso unico di marcia;Asciutto;Asfaltata;Verticale ed orizzontale;Nuvoloso;Normale;Buona;Ore Diurne;0;0;0;2;12.4382;41.7602;-1;1;Autovettura privata;In marcia / fermata / arresto;Conducente;M;Illeso;0;;;
4223517;12;11/02/2019 13:40:00;Strada Urbana;VIA PONTINA;da specificare;;;;RAMPA DIR.  LATINA;Scontro laterale fra veicoli in marcia;Pendenza;Una carreggiata a senso unico di marcia;Asciutto;Asfaltata;Verticale ed orizzontale;Nuvoloso;Normale;Buona;Ore Diurne;0;0;0;2;12.4382;41.7602;-1;2;Autovettura privata;In marcia / fermata / arresto;Conducente;M;Illeso;0;;;
4223578;12;11/02/2019 09:35:00;Strada Urbana;VIALE DON PASQUINO BORGHI;da specificare;;;;in prossimità fronte civ. 96;Veicolo in marcia contro ostacolo accidentale;Rettilineo;Una carreggiata a senso unico di marcia;Asciutto;Con buche;Verticale ed orizzontale;Sereno;Normale;Buona;Ore Diurne;0;0;0;1;12.4453;41.8096;-1;1;Autovettura privata;In marcia / fermata / arresto;Conducente;M;Illeso;0;;;
4223579;4;11/02/2019 12:15:00;Strada Urbana;VIA ITALO SVEVO;in corrispondenza;;del civico n.;93;;Scontro laterale fra veicoli in marcia;Rettilineo;Una carreggiata a senso unico di marcia;Asciutto;Asfaltata;Assente;Nuvoloso;Normale;Buona;Ore Diurne;0;0;0;2;12.544;41.9482;-1;1;Autocarro inferiore 35 q.;In marcia / fermata / arresto;Conducente;M;Illeso;0;;;
4223579;4;11/02/2019 12:15:00;Strada Urbana;VIA ITALO SVEVO;in corrispondenza;;del civico n.;93;;Scontro laterale fra veicoli in marcia;Rettilineo;Una carreggiata a senso unico di marcia;Asciutto;Asfaltata;Assente;Nuvoloso;Normale;Buona;Ore Diurne;0;0;0;2;12.544;41.9482;-1;2;Autovettura privata;In marcia / fermata / arresto;Conducente;M;Illeso;0;;;
4223589;9;12/02/2019 07:50:00;Strada Urbana;VIALE CASTRENSE;all'intersezione semaforizzata con;VIA NOLA;VIA NOLA;;;Scontro laterale fra veicoli in marcia;Intersezione semaforizzata;Più di due carreggiate;Asciutto;Asfaltata;Verticale ed orizzontale;Sereno;Normale;Buona;Ore Diurne;0;0;0;3;12.5151;41.8872;-1;1;Autocarro inferiore 35 q.;In marcia / fermata / arresto;Conducente;M;Illeso;0;;Utilizzato;Inesploso
4223589;9;12/02/2019 07:50:00;Strada Urbana;VIALE CASTRENSE;all'intersezione semaforizzata con;VIA NOLA;VIA NOLA;;;Scontro laterale fra veicoli in marcia;Intersezione semaforizzata;Più di due carreggiate;Asciutto;Asfaltata;Verticale ed orizzontale;Sereno;Normale;Buona;Ore Diurne;0;0;0;3;12.5151;41.8872;-1;1;Autocarro inferiore 35 q.;In marcia / fermata / arresto;Passeggero;M;Illeso;0;;Utilizzato;Inesploso
4223589;9;12/02/2019 07:50:00;Strada Urbana;VIALE CASTRENSE;all'intersezione semaforizzata con;VIA NOLA;VIA NOLA;;;Scontro laterale fra veicoli in marcia;Intersezione semaforizzata;Più di due carreggiate;Asciutto;Asfaltata;Verticale ed orizzontale;Sereno;Normale;Buona;Ore Diurne;0;0;0;3;12.5151;41.8872;-1;2;Motociclo a solo;In marcia / fermata / arresto;Conducente;M;Illeso;0;;Utilizzato;
4223602;9;12/02/2019 11:30:00;Strada Urbana;VIA SATRICO;in prossimità;;del civico n.;60;;Scontro laterale fra veicoli in marcia;Rettilineo;Una carreggiata a doppio senso;Asciutto;Asfaltata;Verticale ed orizzontale;Sereno;Normale;Buona;Ore Diurne;0;0;0;2;12.5092;41.8762;-1;1;Autocarro inferiore 35 q.;In marcia / fermata / arresto;Conducente;M;Illeso;0;;Utilizzato;Inesploso
4223602;9;12/02/2019 11:30:00;Strada Urbana;VIA SATRICO;in prossimità;;del civico n.;60;;Scontro laterale fra veicoli in marcia;Rettilineo;Una carreggiata a doppio senso;Asciutto;Asfaltata;Verticale ed orizzontale;Sereno;Normale;Buona;Ore Diurne;0;0;0;2;12.5092;41.8762;-1;2;Autovettura privata;In marcia / fermata / arresto;Conducente;M;Illeso;0;;Utilizzato;Inesploso
4223788;9;12/02/2019 10:50:00;Strada Urbana;VIA TARANTO;all'intersezione con;VIA FOLIGNO;VIA FOLIGNO;;;Investimento di pedone;Incrocio;Una carreggiata a doppio senso;Asciutto;Asfaltata;Verticale ed orizzontale;Sereno;Normale;Buona;Ore Diurne;1;0;0;1;12.5185;41.8838;-1;;;;Pedone;M;Rimandato;0;NON DECEDUTO;;
4223788;9;12/02/2019 10:50:00;Strada Urbana;VIA TARANTO;all'intersezione con;VIA FOLIGNO;VIA FOLIGNO;;;Investimento di pedone;Incrocio;Una carreggiata a doppio senso;Asciutto;Asfaltata;Verticale ed orizzontale;Sereno;Normale;Buona;Ore Diurne;1;0;0;1;12.5185;41.8838;-1;1;Autovettura pubblica;In marcia / fermata / arresto;Conducente;M;Illeso;0;;Non accertato;
4223834;9;12/02/2019 12:00:00;Strada Urbana;VIA DELLA CAFFARELLETTA;all'intersezione con;VIA BARTOLOMEO PLATINA;VIA BARTOLOMEO PLATINA;;;Scontro frontale/laterale DX fra veicoli in marcia;Intersezione stradale segnalata;Una carreggiata a senso unico di marcia;Asciutto;Asfaltata;Verticale ed orizzontale;Sereno;Normale;Buona;Ore Diurne;0;0;0;3;12.516;41.8695;-1;1;Autovettura privata;In marcia / fermata / arresto;Conducente;M;Illeso;0;;Non accertato;Inesploso
4223834;9;12/02/2019 12:00:00;Strada Urbana;VIA DELLA CAFFARELLETTA;all'intersezione con;VIA BARTOLOMEO PLATINA;VIA BARTOLOMEO PLATINA;;;Scontro frontale/laterale DX fra veicoli in marcia;Intersezione stradale segnalata;Una carreggiata a senso unico di marcia;Asciutto;Asfaltata;Verticale ed orizzontale;Sereno;Normale;Buona;Ore Diurne;0;0;0;3;12.516;41.8695;-1;1;Autovettura privata;In marcia / fermata / arresto;Passeggero;F;Illeso;0;;;
4223834;9;12/02/2019 12:00:00;Strada Urbana;VIA DELLA CAFFARELLETTA;all'intersezione con;VIA BARTOLOMEO PLATINA;VIA BARTOLOMEO PLATINA;;;Scontro frontale/laterale DX fra veicoli in marcia;Intersezione stradale segnalata;Una carreggiata a senso unico di marcia;Asciutto;Asfaltata;Verticale ed orizzontale;Sereno;Normale;Buona;Ore Diurne;0;0;0;3;12.516;41.8695;-1;2;Autovettura privata;In marcia / fermata / arresto;Conducente;M;Illeso;0;;Non accertato;Inesploso
4223931;1;12/02/2019 09:30:00;Strada Urbana;VIA DELLA FERRATELLA IN LATERANO;all'intersezione semaforizzata con;VIA DEI LATERANI;VIA DEI LATERANI;;;Scontro laterale fra veicoli in marcia;Intersezione semaforizzata;Una carreggiata a senso unico di marcia;Asciutto;Asfaltata;Verticale ed orizzontale;Sereno;Normale;Buona;Ore Diurne;0;0;0;3;12.5009;41.8833;-1;1;Autovettura privata;In marcia / fermata / arresto;Conducente;M;Illeso;0;;Non accertato;Inesploso
4223931;1;12/02/2019 09:30:00;Strada Urbana;VIA DELLA FERRATELLA IN LATERANO;all'intersezione semaforizzata con;VIA DEI LATERANI;VIA DEI LATERANI;;;Scontro laterale fra veicoli in marcia;Intersezione semaforizzata;Una carreggiata a senso unico di marcia;Asciutto;Asfaltata;Verticale ed orizzontale;Sereno;Normale;Buona;Ore Diurne;0;0;0;3;12.5009;41.8833;-1;1;Autovettura privata;In marcia / fermata / arresto;Passeggero;M;Illeso;0;;Non accertato;Inesploso
4223931;1;12/02/2019 09:30:00;Strada Urbana;VIA DELLA FERRATELLA IN LATERANO;all'intersezione semaforizzata con;VIA DEI LATERANI;VIA DEI LATERANI;;;Scontro laterale fra veicoli in marcia;Intersezione semaforizzata;Una carreggiata a senso unico di marcia;Asciutto;Asfaltata;Verticale ed orizzontale;Sereno;Normale;Buona;Ore Diurne;0;0;0;3;12.5009;41.8833;-1;2;Autovettura privata;In marcia / fermata / arresto;Conducente;M;Illeso;0;;Non accertato;Inesploso
4223935;2;11/02/2019 08:20:00;Strada Urbana;PIAZZA BUENOS AIRES;all'intersezione con;VIALE REGINA MARGHERITA;VIALE REGINA MARGHERITA;;;Scontro laterale fra veicoli in marcia;Incrocio;Una carreggiata a senso unico di marcia;Asciutto;Asfaltata;Assente;Sereno;Intenso;Buona;Ore Diurne;0;0;0;1;12.5002;41.9182;-1;1;Autovettura pubblica;In marcia / fermata / arresto;Conducente;M;Illeso;0;;Non accertato;Inesploso
4223935;2;11/02/2019 08:20:00;Strada Urbana;PIAZZA BUENOS AIRES;all'intersezione con;VIALE REGINA MARGHERITA;VIALE REGINA MARGHERITA;;;Scontro laterale fra veicoli in marcia;Incrocio;Una carreggiata a senso unico di marcia;Asciutto;Asfaltata;Assente;Sereno;Intenso;Buona;Ore Diurne;0;0;0;1;12.5002;41.9182;-1;2;Autocarro inferiore 35 q.;In marcia / fermata / arresto;;;;;;;
4223947;13;11/02/2019 16:45:00;Strada Urbana;VIA DI DRAGONE;da specificare;;;;ALTEZZA SCUOLA M.U. TRAIANO;Scontro frontale fra veicoli in marcia;Rettilineo;Una carreggiata a doppio senso;Asciutto;Asfaltata;Assente;Sereno;Intenso;Buona;Ore Diurne;0;0;0;2;12.3326;41.7834;-1;1;Autovettura privata;In marcia / fermata / arresto;Conducente;F;Illeso;0;;;
4223947;13;11/02/2019 16:45:00;Strada Urbana;VIA DI DRAGONE;da specificare;;;;ALTEZZA SCUOLA M.U. TRAIANO;Scontro frontale fra veicoli in marcia;Rettilineo;Una carreggiata a doppio senso;Asciutto;Asfaltata;Assente;Sereno;Intenso;Buona;Ore Diurne;0;0;0;2;12.3326;41.7834;-1;2;Autovettura privata;In marcia / fermata / arresto;Conducente;M;Illeso;0;;Non accertato;
4223949;16;12/02/2019 12:10:00;Strada Urbana;VIALE DEI COLLI PORTUENSI;in corrispondenza;;del civico n.;106;;Investimento di pedone;Rettilineo;Due carreggiate;Asciutto;Asfaltata;Verticale ed orizzontale;Sereno;Normale;Buona;Ore Diurne;1;1;0;0;12.443;41.8722;-1;;;;Pedone;M;Prognosi riservata;0;NON DECEDUTO;;
4223949;16;12/02/2019 12:10:00;Strada Urbana;VIALE DEI COLLI PORTUENSI;in corrispondenza;;del civico n.;106;;Investimento di pedone;Rettilineo;Due carreggiate;Asciutto;Asfaltata;Verticale ed orizzontale;Sereno;Normale;Buona;Ore Diurne;1;1;0;0;12.443;41.8722;-1;1;Motociclo a solo;In marcia / fermata / arresto;Conducente;F;Rimandato;0;NON DECEDUTO;Non accertato;
4223949;16;12/02/2019 12:10:00;Strada Urbana;VIALE DEI COLLI PORTUENSI;in corrispondenza;;del civico n.;106;;Investimento di pedone;Rettilineo;Due carreggiate;Asciutto;Asfaltata;Verticale ed orizzontale;Sereno;Normale;Buona;Ore Diurne;1;1;0;0;12.443;41.8722;-1;2;Autovettura privata;Sosta;;;;;;;
4223966;1;12/02/2019 11:20:00;Strada Urbana;VIA DELLE TERME DI TRAIANO;in prossimità;;del civico n.;13;;Scontro frontale/laterale DX fra veicoli in marcia;Rettilineo;Una carreggiata a doppio senso;Asciutto;Asfaltata;Verticale ed orizzontale;Sereno;Scarso;Buona;Ore Diurne;1;0;0;1;;;0;1;Autovettura privata;In marcia / fermata / arresto;Conducente;M;Rifiuta cure immediate;0;NON DECEDUTO;Non accertato;Inesploso
4223966;1;12/02/2019 11:20:00;Strada Urbana;VIA DELLE TERME DI TRAIANO;in prossimità;;del civico n.;13;;Scontro frontale/laterale DX fra veicoli in marcia;Rettilineo;Una carreggiata a doppio senso;Asciutto;Asfaltata;Verticale ed orizzontale;Sereno;Scarso;Buona;Ore Diurne;1;0;0;1;;;0;2;Autovettura privata;In marcia / fermata / arresto;Conducente;F;Illeso;0;;Non accertato;
4223995;1;12/02/2019 10:15:00;Strada Urbana;VIA DEL PLEBISCITO;da specificare;;;;Fronte civico 17;Scontro laterale fra veicoli in marcia;Rettilineo;Due carreggiate;Asciutto;Asfaltata;Verticale ed orizzontale;Sereno;Normale;Buona;Ore Diurne;0;0;0;2;12.4792;41.896;-1;1;Autovettura privata;In marcia / fermata / arresto;Conducente;M;Illeso;0;;Non accertato;Inesploso
4223995;1;12/02/2019 10:15:00;Strada Urbana;VIA DEL PLEBISCITO;da specificare;;;;Fronte civico 17;Scontro laterale fra veicoli in marcia;Rettilineo;Due carreggiate;Asciutto;Asfaltata;Verticale ed orizzontale;Sereno;Normale;Buona;Ore Diurne;0;0;0;2;12.4792;41.896;-1;2;Autovettura pubblica;In marcia / fermata / arresto;Conducente;M;Illeso;0;;Non accertato;Inesploso
4224118;1;12/02/2019 09:45:00;Strada Urbana;LUNGOTEVERE TESTACCIO;all'intersezione con;VIA ROMOLO GESSI;VIA ROMOLO GESSI;;;Scontro frontale fra veicoli in marcia;Incrocio;Una carreggiata a doppio senso;Asciutto;Asfaltata;Verticale ed orizzontale;Sereno;Normale;Buona;Ore Diurne;1;0;0;1;12.4744;41.8818;-1;1;Autovettura privata;In marcia / fermata / arresto;Conducente;F;Illeso;0;;Non accertato;Inesploso
4224118;1;12/02/2019 09:45:00;Strada Urbana;LUNGOTEVERE TESTACCIO;all'intersezione con;VIA ROMOLO GESSI;VIA ROMOLO GESSI;;;Scontro frontale fra veicoli in marcia;Incrocio;Una carreggiata a doppio senso;Asciutto;Asfaltata;Verticale ed orizzontale;Sereno;Normale;Buona;Ore Diurne;1;0;0;1;12.4744;41.8818;-1;2;Motociclo a solo;In marcia / fermata / arresto;Conducente;M;Rimandato;0;NON DECEDUTO;Non accertato;
4224149;12;11/02/2019 20:45:00;Strada Urbana;VIA LAURENTINA;in prossimità;;del civico n.;634;;Tamponamento;Rettilineo;Due carreggiate;Asciutto;Asfaltata;Verticale ed orizzontale;Sereno;Normale;Buona;Sufficiente;2;0;0;1;12.4808;41.8208;-1;1;Autovettura privata;In marcia / fermata / arresto;Conducente;F;Illeso;0;;;
4224149;12;11/02/2019 20:45:00;Strada Urbana;VIA LAURENTINA;in prossimità;;del civico n.;634;;Tamponamento;Rettilineo;Due carreggiate;Asciutto;Asfaltata;Verticale ed orizzontale;Sereno;Normale;Buona;Sufficiente;2;0;0;1;12.4808;41.8208;-1;2;Autovettura privata;In marcia / fermata / arresto;Conducente;F;Rimandato;0;NON DECEDUTO;Utilizzato;
4224149;12;11/02/2019 20:45:00;Strada Urbana;VIA LAURENTINA;in prossimità;;del civico n.;634;;Tamponamento;Rettilineo;Due carreggiate;Asciutto;Asfaltata;Verticale ed orizzontale;Sereno;Normale;Buona;Sufficiente;2;0;0;1;12.4808;41.8208;-1;2;Autovettura privata;In marcia / fermata / arresto;Passeggero;F;Rimandato;0;NON DECEDUTO;;
4224160;1;12/02/2019 13:50:00;Strada Urbana;VIA GIOBERTI;in corrispondenza;;del civico n.;2;;Tamponamento;Rettilineo;Una carreggiata a senso unico di marcia;Asciutto;Asfaltata;Verticale ed orizzontale;Sereno;Normale;Buona;Ore Diurne;1;0;0;1;12.5015;41.8996;-1;1;Autovettura privata;In marcia / fermata / arresto;Conducente;M;Illeso;0;;Non accertato;Inesploso
4224160;1;12/02/2019 13:50:00;Strada Urbana;VIA GIOBERTI;in corrispondenza;;del civico n.;2;;Tamponamento;Rettilineo;Una carreggiata a senso unico di marcia;Asciutto;Asfaltata;Verticale ed orizzontale;Sereno;Normale;Buona;Ore Diurne;1;0;0;1;12.5015;41.8996;-1;1;Autovettura privata;In marcia / fermata / arresto;Passeggero;M;Rifiuta cure immediate;0;NON DECEDUTO;Non accertato;Inesploso
4224160;1;12/02/2019 13:50:00;Strada Urbana;VIA GIOBERTI;in corrispondenza;;del civico n.;2;;Tamponamento;Rettilineo;Una carreggiata a senso unico di marcia;Asciutto;Asfaltata;Verticale ed orizzontale;Sereno;Normale;Buona;Ore Diurne;1;0;0;1;12.5015;41.8996;-1;2;Autovettura pubblica;In marcia / fermata / arresto;;;;;;;
4224167;16;11/02/2019 19:30:00;Strada Urbana;VIA DELLA PISANA;in corrispondenza;;del civico n.;75;;Veicolo in marcia contro veicolo in sosta;Rettilineo;Una carreggiata a doppio senso;Asciutto;Asfaltata;Assente;Nuvoloso;Normale;Buona;Sufficiente;0;0;0;1;12.4199;41.8839;-1;1;Autovettura privata;Sosta;;;;;;;
4224167;16;11/02/2019 19:30:00;Strada Urbana;VIA DELLA PISANA;in corrispondenza;;del civico n.;75;;Veicolo in marcia contro veicolo in sosta;Rettilineo;Una carreggiata a doppio senso;Asciutto;Asfaltata;Assente;Nuvoloso;Normale;Buona;Sufficiente;0;0;0;1;12.4199;41.8839;-1;2;Autovettura privata;In marcia / fermata / arresto;Conducente;M;Illeso;0;;Non accertato;
4224172;10;12/02/2019 16:40:00;Strada Urbana;VIA BERNARDINO ALIMENA;in prossimità;;del civico n.;83;;Investimento di pedone;Rettilineo;Due carreggiate;Asciutto;Asfaltata;Verticale ed orizzontale;Sereno;Normale;Buona;Ore Diurne;2;0;0;1;12.6038;41.8476;-1;;;;Pedone;M;Rimandato;0;NON DECEDUTO;;
4224172;10;12/02/2019 16:40:00;Strada Urbana;VIA BERNARDINO ALIMENA;in prossimità;;del civico n.;83;;Investimento di pedone;Rettilineo;Due carreggiate;Asciutto;Asfaltata;Verticale ed orizzontale;Sereno;Normale;Buona;Ore Diurne;2;0;0;1;12.6038;41.8476;-1;;;;Pedone;M;Rimandato;0;NON DECEDUTO;;
4224172;10;12/02/2019 16:40:00;Strada Urbana;VIA BERNARDINO ALIMENA;in prossimità;;del civico n.;83;;Investimento di pedone;Rettilineo;Due carreggiate;Asciutto;Asfaltata;Verticale ed orizzontale;Sereno;Normale;Buona;Ore Diurne;2;0;0;1;12.6038;41.8476;-1;1;Autovettura privata;In marcia / fermata / arresto;Conducente;F;Illeso;0;;Non accertato;Inesploso
4224176;12;11/02/2019 08:20:00;Provinciale entro l'abitato;VIA DEL FOSSO DEL TORRINO;all'intersezione con;VIA OSTIENSE;VIA OSTIENSE;;;Infortunio per sola frenata improvvisa;Incrocio;Una carreggiata a doppio senso;Asciutto;Asfaltata;Verticale ed orizzontale;Sereno;Intenso;Buona;Ore Diurne;1;0;0;1;12.4342;41.8157;-1;1;Autovettura privata;In marcia / fermata / arresto;Conducente;M;Illeso;0;;;
4224176;12;11/02/2019 08:20:00;Provinciale entro l'abitato;VIA DEL FOSSO DEL TORRINO;all'intersezione con;VIA OSTIENSE;VIA OSTIENSE;;;Infortunio per sola frenata improvvisa;Incrocio;Una carreggiata a doppio senso;Asciutto;Asfaltata;Verticale ed orizzontale;Sereno;Intenso;Buona;Ore Diurne;1;0;0;1;12.4342;41.8157;-1;2;Motociclo a solo;In marcia / fermata / arresto;Conducente;M;Rimandato;0;NON DECEDUTO;;