Protocollo;Gruppo;DataOraIncidente;Localizzazione1;STRADA1;Localizzazione2;STRADA2;Strada02;Chilometrica;DaSpecificare;NaturaIncidente;particolaritastrade;TipoStrada;FondoStradale;Pavimentazione;Segnaletica;CondizioneAtmosferica;Traffico;Visibilita;Illuminazione;NUM_FERITI;NUM_RISERVATA;NUM_MORTI;NUM_ILLESI;Longitudine;Latitudine;Confermato;Progressivo;TipoVeicolo;StatoVeicolo;TipoPersona;Sesso;Tipolesione;Deceduto;DecedutoDopo;CinturaCascoUtilizzato;Airbag;
4226997;4;13/02/2019 17:15:00;Statale;VIA SALARIA;da specificare;;;;prossimità via Gaiole in Chianti;Tamponamento;Rettilineo;Due carreggiate;Asciutto;Asfaltata;Assente;Sereno;Intenso;Buona;Ore Diurne;0;0;0;3;12.5141;41.9923;-1;1;Autovettura privata;In marcia / fermata / arresto;Conducente;M;Illeso;0;;Non accertato;Inesploso
4226997;4;13/02/2019 17:15:00;Statale;VIA SALARIA;da specificare;;;;prossimità via Gaiole in Chianti;Tamponamento;Rettilineo;Due carreggiate;Asciutto;Asfaltata;Assente;Sereno;Intenso;Buona;Ore Diurne;0;0;0;3;12.5141;41.9923;-1;1;Autovettura privata;In marcia / fermata / arresto;Passeggero;M;Illeso;0;;Non accertato;Inesploso
4226997;4;13/02/2019 17:15:00;Statale;VIA SALARIA;da specificare;;;;prossimità via Gaiole in Chianti;Tamponamento;Rettilineo;Due carreggiate;Asciutto;Asfaltata;Assente;Sereno;Intenso;Buona;Ore Diurne;0;0;0;3;12.5141;41.9923;-1;2;Autovettura privata;In marcia / fermata / arresto;Conducente;M;Illeso;0;;Non accertato;Inesploso
4227030;4;13/02/2019 11:55:00;Strada Urbana;VIALE CARNARO;all'intersezione con;VIA BRENNERO;VIA BRENNERO;;;Tamponamento;Intersezione stradale segnalata;Una carreggiata a senso unico di marcia;Asciutto;Asfaltata;Verticale ed orizzontale;Sereno;Normale;Buona;Ore Diurne;0;0;0;2;12.5328;41.939;-1;1;Autovettura privata;In marcia / fermata / arresto;Conducente;M;Illeso;0;;Non accertato;Inesploso
4227030;4;13/02/2019 11:55:00;Strada Urbana;VIALE CARNARO;all'intersezione con;VIA BRENNERO;VIA BRENNERO;;;Tamponamento;Intersezione stradale segnalata;Una carreggiata a senso unico di marcia;Asciutto;Asfaltata;Verticale ed orizzontale;Sereno;Normale;Buona;Ore Diurne;0;0;0;2;12.5328;41.939;-1;2;Autovettura privata;In marcia / fermata / arresto;Conducente;M;Illeso;0;;Non accertato;Inesploso
4227043;12;13/02/2019 12:30:00;Strada Urbana;VIA PONTINA;all'intersezione con;VIA CARMELO MAESTRINI;VIA CARMELO MAESTRINI;;;Scontro frontale/laterale SX fra veicoli in marcia;Incrocio;Una carreggiata a doppio senso;Asciutto;Asfaltata;Verticale ed orizzontale;Sereno;Normale;Buona;Ore Diurne;0;0;0;3;12.452;41.794;-1;1;Autovettura privata;In marcia / fermata / arresto;Conducente;M;Illeso;0;;Utilizzato;Inesploso
4227043;12;13/02/2019 12:30:00;Strada Urbana;VIA PONTINA;all'intersezione con;VIA CARMELO MAESTRINI;VIA CARMELO MAESTRINI;;;Scontro frontale/laterale SX fra veicoli in marcia;Incrocio;Una carreggiata a doppio senso;Asciutto;Asfaltata;Verticale ed orizzontale;Sereno;Normale;Buona;Ore Diurne;0;0;0;3;12.452;41.794;-1;1;Autovettura privata;In marcia / fermata / arresto;Passeggero;F;Illeso;0;;Utilizzato;Inesploso
4227043;12;13/02/2019 12:30:00;Strada Urbana;VIA PONTINA;all'intersezione con;VIA CARMELO MAESTRINI;VIA CARMELO MAESTRINI;;;Scontro frontale/laterale SX fra veicoli in marcia;Incrocio;Una carreggiata a doppio senso;Asciutto;Asfaltata;Verticale ed orizzontale;Sereno;Normale;Buona;Ore Diurne;0;0;0;3;12.452;41.794;-1;2;Motociclo a solo;In marcia / fermata / arresto;Conducente;M;Illeso;0;;Utilizzato;
4227045;9;07/02/2019 15:40:00;;VIA APPIA NUOVA;all'intersezione semaforizzata con;VIA VETURIA;VIA VETURIA;;;Tamponamento;;;;;;;;;;0;0;0;1;;;0;2;Motociclo a solo;In marcia / fermata / arresto;Conducente;M;Illeso;0;;;
4227070;23;13/02/2019 09:30:00;Comunale extraurbana;VIA CRISTOFORO COLOMBO;all'intersezione semaforizzata con;VIA DEL CANALE DELLA LINGUA;VIA DEL CANALE DELLA LINGUA;;;Scontro frontale/laterale DX fra veicoli in marcia;Incrocio;Più di due carreggiate;Asciutto;Asfaltata;Verticale ed orizzontale;Sereno;Normale;Buona;Ore Diurne;0;0;0;2;12.4117;41.7811;-1;1;Autovettura privata;In marcia / fermata / arresto;Conducente;M;Illeso;0;;Non accertato;Inesploso
4227070;23;13/02/2019 09:30:00;Comunale extraurbana;VIA CRISTOFORO COLOMBO;all'intersezione semaforizzata con;VIA DEL CANALE DELLA LINGUA;VIA DEL CANALE DELLA LINGUA;;;Scontro frontale/laterale DX fra veicoli in marcia;Incrocio;Più di due carreggiate;Asciutto;Asfaltata;Verticale ed orizzontale;Sereno;Normale;Buona;Ore Diurne;0;0;0;2;12.4117;41.7811;-1;2;Autovettura privata;In marcia / fermata / arresto;Conducente;F;Illeso;0;;Non accertato;Inesploso
4227077;4;13/02/2019 21:10:00;Strada Urbana;VIA SERGIO TOFANO;all'intersezione con;VIA GIULIO PASQUATI;VIA GIULIO PASQUATI;;;Scontro frontale/laterale SX fra veicoli in marcia;Incrocio;Una carreggiata a senso unico di marcia;Asciutto;Asfaltata;Verticale ed orizzontale;Sereno;Scarso;Buona;Sufficiente;0;0;0;2;12.5329;41.9613;-1;1;Autovettura privata;In marcia / fermata / arresto;Conducente;M;Illeso;0;;;
4227077;4;13/02/2019 21:10:00;Strada Urbana;VIA SERGIO TOFANO;all'intersezione con;VIA GIULIO PASQUATI;VIA GIULIO PASQUATI;;;Scontro frontale/laterale SX fra veicoli in marcia;Incrocio;Una carreggiata a senso unico di marcia;Asciutto;Asfaltata;Verticale ed orizzontale;Sereno;Scarso;Buona;Sufficiente;0;0;0;2;12.5329;41.9613;-1;2;Autovettura privata;In marcia / fermata / arresto;Conducente;M;Illeso;0;;;
4227136;7;14/02/2019 10:00:00;Strada Urbana;VIA TOR DE' SCHIAVI;all'intersezione con;VIA DEI FAGGI;VIA DEI FAGGI;;;Scontro frontale/laterale DX fra veicoli in marcia;Intersezione stradale segnalata;Una carreggiata a doppio senso;Asciutto;Asfaltata;Verticale ed orizzontale;Sereno;Normale;Buona;Ore Diurne;1;0;0;2;12.5629;41.8842;-1;1;Autovettura privata;In marcia / fermata / arresto;Conducente;M;Illeso;0;;Non accertato;Inesploso
4227136;7;14/02/2019 10:00:00;Strada Urbana;VIA TOR DE' SCHIAVI;all'intersezione con;VIA DEI FAGGI;VIA DEI FAGGI;;;Scontro frontale/laterale DX fra veicoli in marcia;Intersezione stradale segnalata;Una carreggiata a doppio senso;Asciutto;Asfaltata;Verticale ed orizzontale;Sereno;Normale;Buona;Ore Diurne;1;0;0;2;12.5629;41.8842;-1;2;Motociclo a solo;In marcia / fermata / arresto;Conducente;M;Rimandato;0;NON DECEDUTO;;
4227136;7;14/02/2019 10:00:00;Strada Urbana;VIA TOR DE' SCHIAVI;all'intersezione con;VIA DEI FAGGI;VIA DEI FAGGI;;;Scontro frontale/laterale DX fra veicoli in marcia;Intersezione stradale segnalata;Una carreggiata a doppio senso;Asciutto;Asfaltata;Verticale ed orizzontale;Sereno;Normale;Buona;Ore Diurne;1;0;0;2;12.5629;41.8842;-1;3;Autovettura privata;In marcia / fermata / arresto;Conducente;M;Illeso;0;;Non accertato;Inesploso
4227156;12;13/02/2019 12:20:00;Strada Urbana;VIALE DON PASQUINO BORGHI;in prossimità;;del civico n.;214;;Investimento di pedone;Rettilineo;Una carreggiata a doppio senso;Asciutto;Asfaltata;Verticale ed orizzontale;Sereno;Normale;Buona;Ore Diurne;1;0;0;1;12.4425;41.8122;-1;;;;Pedone;M;Rimandato;0;NON DECEDUTO;;
4227156;12;13/02/2019 12:20:00;Strada Urbana;VIALE DON PASQUINO BORGHI;in prossimità;;del civico n.;214;;Investimento di pedone;Rettilineo;Una carreggiata a doppio senso;Asciutto;Asfaltata;Verticale ed orizzontale;Sereno;Normale;Buona;Ore Diurne;1;0;0;1;12.4425;41.8122;-1;1;Autovettura privata;In marcia / fermata / arresto;Conducente;F;Illeso;0;;;
4227172;12;13/02/2019 20:05:00;Regionale;VIA DEL MARE;da specificare;;;;ALT. KM9.800 DIR. OSTIA;Tamponamento Multiplo;Rettilineo;Una carreggiata a doppio senso;Asciutto;Asfaltata;Verticale ed orizzontale;Sereno;Normale;Insufficiente;Insufficiente;2;0;0;4;12.4383;41.8212;-1;1;Autovettura pubblica;In marcia / fermata / arresto;Conducente;F;Illeso;0;;Non accertato;
4227172;12;13/02/2019 20:05:00;Regionale;VIA DEL MARE;da specificare;;;;ALT. KM9.800 DIR. OSTIA;Tamponamento Multiplo;Rettilineo;Una carreggiata a doppio senso;Asciutto;Asfaltata;Verticale ed orizzontale;Sereno;Normale;Insufficiente;Insufficiente;2;0;0;4;12.4383;41.8212;-1;1;Autovettura pubblica;In marcia / fermata / arresto;Passeggero;M;Illeso;0;;;
4227172;12;13/02/2019 20:05:00;Regionale;VIA DEL MARE;da specificare;;;;ALT. KM9.800 DIR. OSTIA;Tamponamento Multiplo;Rettilineo;Una carreggiata a doppio senso;Asciutto;Asfaltata;Verticale ed orizzontale;Sereno;Normale;Insufficiente;Insufficiente;2;0;0;4;12.4383;41.8212;-1;2;Autovettura privata;In marcia / fermata / arresto;Conducente;F;Illeso;0;;;
4227172;12;13/02/2019 20:05:00;Regionale;VIA DEL MARE;da specificare;;;;ALT. KM9.800 DIR. OSTIA;Tamponamento Multiplo;Rettilineo;Una carreggiata a doppio senso;Asciutto;Asfaltata;Verticale ed orizzontale;Sereno;Normale;Insufficiente;Insufficiente;2;0;0;4;12.4383;41.8212;-1;2;Autovettura privata;In marcia / fermata / arresto;Passeggero;M;Rimandato;0;NON DECEDUTO;;
4227172;12;13/02/2019 20:05:00;Regionale;VIA DEL MARE;da specificare;;;;ALT. KM9.800 DIR. OSTIA;Tamponamento Multiplo;Rettilineo;Una carreggiata a doppio senso;Asciutto;Asfaltata;Verticale ed orizzontale;Sereno;Normale;Insufficiente;Insufficiente;2;0;0;4;12.4383;41.8212;-1;2;Autovettura privata;In marcia / fermata / arresto;Passeggero;F;Rimandato;0;NON DECEDUTO;;
4227172;12;13/02/2019 20:05:00;Regionale;VIA DEL MARE;da specificare;;;;ALT. KM9.800 DIR. OSTIA;Tamponamento Multiplo;Rettilineo;Una carreggiata a doppio senso;Asciutto;Asfaltata;Verticale ed orizzontale;Sereno;Normale;Insufficiente;Insufficiente;2;0;0;4;12.4383;41.8212;-1;3;Autovettura privata;In marcia / fermata / arresto;Conducente;M;Illeso;0;;;Esploso
4227312;12;13/02/2019 10:45:00;Strada Urbana;VIA CRISTOFORO COLOMBO;all'intersezione con;VIALE DELLA CIVILTA' DEL LAVORO;VIALE DELLA CIVILTA' DEL LAVORO;;;Scontro frontale/laterale DX fra veicoli in marcia;Intersezione semaforizzata;Due carreggiate;Asciutto;Asfaltata;Verticale ed orizzontale;Sereno;Normale;Buona;Ore Diurne;2;0;0;1;12.4714;41.835;-1;1;Autovettura privata;In marcia / fermata / arresto;Conducente;M;Illeso;0;;Non accertato;Esploso
4227312;12;13/02/2019 10:45:00;Strada Urbana;VIA CRISTOFORO COLOMBO;all'intersezione con;VIALE DELLA CIVILTA' DEL LAVORO;VIALE DELLA CIVILTA' DEL LAVORO;;;Scontro frontale/laterale DX fra veicoli in marcia;Intersezione semaforizzata;Due carreggiate;Asciutto;Asfaltata;Verticale ed orizzontale;Sereno;Normale;Buona;Ore Diurne;2;0;0;1;12.4714;41.835;-1;2;Autoambulanza;In marcia / fermata / arresto;Conducente;M;Rimandato;0;NON DECEDUTO;Non accertato;Inesploso
4227312;12;13/02/2019 10:45:00;Strada Urbana;VIA CRISTOFORO COLOMBO;all'intersezione con;VIALE DELLA CIVILTA' DEL LAVORO;VIALE DELLA CIVILTA' DEL LAVORO;;;Scontro frontale/laterale DX fra veicoli in marcia;Intersezione semaforizzata;Due carreggiate;Asciutto;Asfaltata;Verticale ed orizzontale;Sereno;Normale;Buona;Ore Diurne;2;0;0;1;12.4714;41.835;-1;2;Autoambulanza;In marcia / fermata / arresto;Passeggero;M;Rimandato;0;NON DECEDUTO;Non accertato;Inesploso
4227318;12;13/02/2019 17:20:00;Strada Urbana;VIA DI MEZZOCAMMINO;da specificare;;;;ALT. LARGO LA BARBERA;Investimento di pedone;Rettilineo;Una carreggiata a doppio senso;Asciutto;Asfaltata;Verticale ed orizzontale;Sereno;Normale;Buona;Ore Diurne;1;0;0;1;12.4457;41.7934;-1;;;;Pedone;F;Rimandato;0;NON DECEDUTO;;
4227318;12;13/02/2019 17:20:00;Strada Urbana;VIA DI MEZZOCAMMINO;da specificare;;;;ALT. LARGO LA BARBERA;Investimento di pedone;Rettilineo;Una carreggiata a doppio senso;Asciutto;Asfaltata;Verticale ed orizzontale;Sereno;Normale;Buona;Ore Diurne;1;0;0;1;12.4457;41.7934;-1;1;Autovettura privata;In marcia / fermata / arresto;Conducente;M;Illeso;0;;;
4227461;1;14/02/2019 08:10:00;Strada Urbana;PIAZZALE OSTIENSE;all'intersezione con;VIA RAFFAELE PERSICHETTI;VIA RAFFAELE PERSICHETTI;;;Investimento di pedone;Intersezione semaforizzata;Una carreggiata a senso unico di marcia;Asciutto;Asfaltata;Verticale ed orizzontale;Sereno;Normale;Buona;Ore Diurne;1;0;0;1;12.482;41.8762;-1;;;;Pedone;M;Rimandato;0;NON DECEDUTO;;
4227461;1;14/02/2019 08:10:00;Strada Urbana;PIAZZALE OSTIENSE;all'intersezione con;VIA RAFFAELE PERSICHETTI;VIA RAFFAELE PERSICHETTI;;;Investimento di pedone;Intersezione semaforizzata;Una carreggiata a senso unico di marcia;Asciutto;Asfaltata;Verticale ed orizzontale;Sereno;Normale;Buona;Ore Diurne;1;0;0;1;12.482;41.8762;-1;1;Autovettura privata;In marcia / fermata / arresto;Conducente;M;Illeso;0;;Non accertato;
4227488;1;13/02/2019 10:15:00;Strada Urbana;VIA EMANUELE FILIBERTO;in prossimità;;del civico n.;9;;Investimento di pedone;Rettilineo;Una carreggiata a doppio senso;Asciutto;Asfaltata;Verticale ed orizzontale;Sereno;Normale;Buona;Sufficiente;1;0;0;2;9.644;45.397;-1;;;;Pedone;F;Rimandato;0;NON DECEDUTO;;
4227488;1;13/02/2019 10:15:00;Strada Urbana;VIA EMANUELE FILIBERTO;in prossimità;;del civico n.;9;;Investimento di pedone;Rettilineo;Una carreggiata a doppio senso;Asciutto;Asfaltata;Verticale ed orizzontale;Sereno;Normale;Buona;Sufficiente;1;0;0;2;9.644;45.397;-1;1;Autovettura privata;In marcia / fermata / arresto;Conducente;M;Illeso;0;;Non accertato;Inesploso
4227488;1;13/02/2019 10:15:00;Strada Urbana;VIA EMANUELE FILIBERTO;in prossimità;;del civico n.;9;;Investimento di pedone;Rettilineo;Una carreggiata a doppio senso;Asciutto;Asfaltata;Verticale ed orizzontale;Sereno;Normale;Buona;Sufficiente;1;0;0;2;9.644;45.397;-1;1;Autovettura privata;In marcia / fermata / arresto;Passeggero;F;Illeso;0;;Non accertato;Inesploso
4227540;9;14/02/2019 09:00:00;Strada Urbana;PIAZZALE LABICANO;da specificare;;;;prossimità palo A.C.E.A. 7;Scontro laterale fra veicoli in marcia;Rettilineo;Due carreggiate;Asciutto;Asfaltata;Verticale ed orizzontale;Sereno;Intenso;Buona;Ore Diurne;0;0;0;3;12.5156;41.8912;-1;1;Autocarro superiore 35 q.;In marcia / fermata / arresto;Conducente;M;Illeso;0;;Non accertato;Inesploso
4227540;9;14/02/2019 09:00:00;Strada Urbana;PIAZZALE LABICANO;da specificare;;;;prossimità palo A.C.E.A. 7;Scontro laterale fra veicoli in marcia;Rettilineo;Due carreggiate;Asciutto;Asfaltata;Verticale ed orizzontale;Sereno;Intenso;Buona;Ore Diurne;0;0;0;3;12.5156;41.8912;-1;2;Autovettura privata;In marcia / fermata / arresto;Conducente;M;Illeso;0;;Non accertato;Inesploso
4227540;9;14/02/2019 09:00:00;Strada Urbana;PIAZZALE LABICANO;da specificare;;;;prossimità palo A.C.E.A. 7;Scontro laterale fra veicoli in marcia;Rettilineo;Due carreggiate;Asciutto;Asfaltata;Verticale ed orizzontale;Sereno;Intenso;Buona;Ore Diurne;0;0;0;3;12.5156;41.8912;-1;2;Autovettura privata;In marcia / fermata / arresto;Passeggero;F;Illeso;0;;Non accertato;Inesploso
4227549;9;14/02/2019 09:30:00;Strada Urbana;VIA APPIA NUOVA;in corrispondenza;;del civico n.;379;;Tamponamento;Rettilineo;Più di due carreggiate;Asciutto;Asfaltata;Verticale ed orizzontale;Sereno;Normale;Buona;Ore Diurne;2;0;0;1;12.5234;41.8745;-1;;;;Pedone;F;Rimandato;0;NON DECEDUTO;;
4227549;9;14/02/2019 09:30:00;Strada Urbana;VIA APPIA NUOVA;in corrispondenza;;del civico n.;379;;Tamponamento;Rettilineo;Più di due carreggiate;Asciutto;Asfaltata;Verticale ed orizzontale;Sereno;Normale;Buona;Ore Diurne;2;0;0;1;12.5234;41.8745;-1;1;Autovettura privata;In marcia / fermata / arresto;Conducente;F;Illeso;0;;Non accertato;Inesploso
4227549;9;14/02/2019 09:30:00;Strada Urbana;VIA APPIA NUOVA;in corrispondenza;;del civico n.;379;;Tamponamento;Rettilineo;Più di due carreggiate;Asciutto;Asfaltata;Verticale ed orizzontale;Sereno;Normale;Buona;Ore Diurne;2;0;0;1;12.5234;41.8745;-1;2;Motociclo a solo;In marcia / fermata / arresto;Conducente;M;Rimandato;0;NON DECEDUTO;Non accertato;
4227564;1;13/02/2019 10:45:00;Strada Urbana;VIA DEL TRAFORO;in corrispondenza;;del civico n.;131;;Investimento di pedone;Rettilineo;Una carreggiata a doppio senso;Asciutto;Asfaltata;Verticale ed orizzontale;Sereno;Normale;Buona;Ore Diurne;1;0;0;1;12.4862;41.9024;-1;;;;Pedone;M;Rimandato;0;NON DECEDUTO;;
4227564;1;13/02/2019 10:45:00;Strada Urbana;VIA DEL TRAFORO;in corrispondenza;;del civico n.;131;;Investimento di pedone;Rettilineo;Una carreggiata a doppio senso;Asciutto;Asfaltata;Verticale ed orizzontale;Sereno;Normale;Buona;Ore Diurne;1;0;0;1;12.4862;41.9024;-1;1;Autovettura privata;In marcia / fermata / arresto;Conducente;M;Illeso;0;;Non accertato;Inesploso
4227600;1;13/02/2019 11:20:00;Strada Urbana;VIA GUSTAVO MODENA;in prossimità;;del civico n.;92;;Veicolo in marcia contro ostacolo accidentale;Rettilineo;Una carreggiata a senso unico di marcia;Viscido da liquidi oleosi;Acciotolata;Verticale ed orizzontale;Sereno;Normale;Buona;Ore Diurne;2;0;0;0;12.4736;41.89;-1;1;Motociclo con passeggero;In marcia / fermata / arresto;Conducente;M;Rifiuta cure immediate;0;NON DECEDUTO;Non accertato;
4227600;1;13/02/2019 11:20:00;Strada Urbana;VIA GUSTAVO MODENA;in prossimità;;del civico n.;92;;Veicolo in marcia contro ostacolo accidentale;Rettilineo;Una carreggiata a senso unico di marcia;Viscido da liquidi oleosi;Acciotolata;Verticale ed orizzontale;Sereno;Normale;Buona;Ore Diurne;2;0;0;0;12.4736;41.89;-1;1;Motociclo con passeggero;In marcia / fermata / arresto;Passeggero;F;Rifiuta cure immediate;0;NON DECEDUTO;Non accertato;
4227650;1;13/02/2019 11:20:00;Strada Urbana;VIA GUSTAVO MODENA;in prossimità;;del civico n.;92;;Veicolo in marcia contro ostacolo accidentale;Rettilineo;Una carreggiata a senso unico di marcia;Viscido da liquidi oleosi;Acciotolata;Verticale ed orizzontale;Sereno;Normale;Buona;Ore Diurne;0;0;0;2;12.4736;41.89;-1;1;Motociclo con passeggero;In marcia / fermata / arresto;Conducente;M;Illeso;0;;Non accertato;
4227650;1;13/02/2019 11:20:00;Strada Urbana;VIA GUSTAVO MODENA;in prossimità;;del civico n.;92;;Veicolo in marcia contro ostacolo accidentale;Rettilineo;Una carreggiata a senso unico di marcia;Viscido da liquidi oleosi;Acciotolata;Verticale ed orizzontale;Sereno;Normale;Buona;Ore Diurne;0;0;0;2;12.4736;41.89;-1;1;Motociclo con passeggero;In marcia / fermata / arresto;Passeggero;F;Illeso;0;;Non accertato;
4227655;13;14/02/2019 08:00:00;Strada Urbana;VIA DEI PESCATORI;in prossimità;;del civico n.;391;;Veicolo in marcia contro ostacolo fisso;Rettilineo;Una carreggiata a senso unico di marcia;Asciutto;Con buche;Verticale;Sereno;Normale;Buona;Ore Diurne;0;0;0;3;12.352;41.7584;-1;1;Autovettura privata;In marcia / fermata / arresto;Conducente;M;Illeso;0;;;
4227655;13;14/02/2019 08:00:00;Strada Urbana;VIA DEI PESCATORI;in prossimità;;del civico n.;391;;Veicolo in marcia contro ostacolo fisso;Rettilineo;Una carreggiata a senso unico di marcia;Asciutto;Con buche;Verticale;Sereno;Normale;Buona;Ore Diurne;0;0;0;3;12.352;41.7584;-1;1;Autovettura privata;In marcia / fermata / arresto;Passeggero;M;Illeso;0;;;
4227655;13;14/02/2019 08:00:00;Strada Urbana;VIA DEI PESCATORI;in prossimità;;del civico n.;391;;Veicolo in marcia contro ostacolo fisso;Rettilineo;Una carreggiata a senso unico di marcia;Asciutto;Con buche;Verticale;Sereno;Normale;Buona;Ore Diurne;0;0;0;3;12.352;41.7584;-1;1;Autovettura privata;In marcia / fermata / arresto;Passeggero;F;Illeso;0;;;
4227685;1;13/02/2019 22:35:00;Strada Urbana;VIA LUIGI PETROSELLI;all'intersezione con;VIA DELLA MISERICORDIA;VIA DELLA MISERICORDIA;;;Veicolo in marcia contro ostacolo accidentale;Incrocio;Una carreggiata a doppio senso;Asciutto;In cubetti di porfido;Verticale ed orizzontale;Sereno;Scarso;Sufficiente;Sufficiente;1;0;0;0;12.4809;41.8902;-1;1;Motociclo a solo;In marcia / fermata / arresto;Conducente;F;Rimandato;0;NON DECEDUTO;;
4227693;2;09/02/2019 21:00:00;Strada Urbana;CIRCONVALLAZIONE NOMENTANA;da specificare;;;;altezza Ponte Nomentano;Veicolo in marcia contro ostacolo accidentale;Rettilineo;Una carreggiata a senso unico di marcia;Asciutto;Asfaltata;Verticale ed orizzontale;Sereno;Scarso;Sufficiente;Sufficiente;0;0;0;1;12.5219;41.9336;-1;1;Motociclo a solo;In marcia / fermata / arresto;Conducente;M;Illeso;0;;;
4227726;1;13/02/2019 16:30:00;Strada Urbana;VIA MERULANA;in prossimità;;del civico n.;141;;Infortunio per caduta del veicolo;Rettilineo;Una carreggiata a doppio senso;Asciutto;Asfaltata;Verticale ed orizzontale;Sereno;Normale;Buona;Ore Diurne;0;0;0;1;12.5044;41.8874;-1;1;Motociclo a solo;In marcia / fermata / arresto;Conducente;M;Illeso;0;;Non accertato;
4227739;1;13/02/2019 15:45:00;Strada Urbana;LARGO AMERIGO PETRUCCI;in prossimità;;del palo luce n.;3;;Scontro laterale fra veicoli in marcia;Curva a visuale libera;Una carreggiata a senso unico di marcia;Asciutto;Asfaltata;Orizzontale;Sereno;Normale;Buona;Ore Diurne;0;0;0;2;12.4809;41.8883;-1;1;Autocarro inferiore 35 q.;In marcia / fermata / arresto;Conducente;M;Illeso;0;;Non accertato;Inesploso
4227739;1;13/02/2019 15:45:00;Strada Urbana;LARGO AMERIGO PETRUCCI;in prossimità;;del palo luce n.;3;;Scontro laterale fra veicoli in marcia;Curva a visuale libera;Una carreggiata a senso unico di marcia;Asciutto;Asfaltata;Orizzontale;Sereno;Normale;Buona;Ore Diurne;0;0;0;2;12.4809;41.8883;-1;2;Autobus turistico;In marcia / fermata / arresto;Conducente;M;Illeso;0;;Non accertato;Inesploso
4227816;13;14/02/2019 08:40:00;Strada Urbana;VIA ALESSANDRO PIOLA CASELLI;all'intersezione con;VIA ANGELO OLIVIERI;VIA ANGELO OLIVIERI;;;Investimento di pedone;Intersezione stradale segnalata;Una carreggiata a doppio senso;Asciutto;Asfaltata;Verticale ed orizzontale;Sereno;Normale;Buona;Ore Diurne;1;0;0;1;12.2881;41.7373;-1;;;;Pedone;F;Rimandato;0;NON DECEDUTO;;
4227816;13;14/02/2019 08:40:00;Strada Urbana;VIA ALESSANDRO PIOLA CASELLI;all'intersezione con;VIA ANGELO OLIVIERI;VIA ANGELO OLIVIERI;;;Investimento di pedone;Intersezione stradale segnalata;Una carreggiata a doppio senso;Asciutto;Asfaltata;Verticale ed orizzontale;Sereno;Normale;Buona;Ore Diurne;1;0;0;1;12.2881;41.7373;-1;1;Autovettura privata;In marcia / fermata / arresto;Conducente;F;Illeso;0;;;
4227831;9;14/02/2019 13:45:00;Strada Urbana;VIA AMITERNO;all'intersezione con;VIA SANNIO;VIA SANNIO;;;Investimento di pedone;Incrocio;Una carreggiata a senso unico di marcia;Asciutto;Asfaltata;Verticale ed orizzontale;Sereno;Scarso;Buona;Ore Diurne;1;0;0;1;12.5066;41.8836;-1;;;;Pedone;F;Rimandato;0;NON DECEDUTO;;
4227831;9;14/02/2019 13:45:00;Strada Urbana;VIA AMITERNO;all'intersezione con;VIA SANNIO;VIA SANNIO;;;Investimento di pedone;Incrocio;Una carreggiata a senso unico di marcia;Asciutto;Asfaltata;Verticale ed orizzontale;Sereno;Scarso;Buona;Ore Diurne;1;0;0;1;12.5066;41.8836;-1;1;Autocarro inferiore 35 q.;In marcia / fermata / arresto;Conducente;M;Illeso;0;;Non accertato;Inesploso
4227849;19;14/02/2019 10:00:00;Strada Urbana;VIA DI S. MARIA DI GALERIA;in prossimità;;del civico n.;650;;Veicolo in marcia contro ostacolo accidentale;Rettilineo;Una carreggiata a doppio senso;Asciutto;Con buche;Assente;Sereno;Scarso;Buona;Ore Diurne;0;0;0;1;12.3152;42.0363;-1;1;Autovettura privata;In marcia / fermata / arresto;Conducente;M;Illeso;0;;Non accertato;
4227850;1;14/02/2019 12:00:00;Strada Urbana;VIA GIOVANNI AMENDOLA;all'intersezione con;VIA D'AZEGLIO;VIA D'AZEGLIO;;;Scontro frontale/laterale DX fra veicoli in marcia;Incrocio;Una carreggiata a doppio senso;Asciutto;Asfaltata;Verticale ed orizzontale;Sereno;Normale;Buona;Ore Diurne;1;0;0;1;12.4984;41.9008;-1;1;Autovettura privata;In marcia / fermata / arresto;Conducente;M;Illeso;0;;Non accertato;Inesploso
4227850;1;14/02/2019 12:00:00;Strada Urbana;VIA GIOVANNI AMENDOLA;all'intersezione con;VIA D'AZEGLIO;VIA D'AZEGLIO;;;Scontro frontale/laterale DX fra veicoli in marcia;Incrocio;Una carreggiata a doppio senso;Asciutto;Asfaltata;Verticale ed orizzontale;Sereno;Normale;Buona;Ore Diurne;1;0;0;1;12.4984;41.9008;-1;2;Motociclo a solo;In marcia / fermata / arresto;Conducente;M;Rimandato;0;NON DECEDUTO;Utilizzato;
4227852;13;14/02/2019 09:40:00;Strada Urbana;VIA DEI VELIERI;all'intersezione con;VIA DEI TRAGHETTI;VIA DEI TRAGHETTI;;;Scontro frontale/laterale DX fra veicoli in marcia;Incrocio;Due carreggiate;Asciutto;Asfaltata;Verticale ed orizzontale;Sereno;Normale;Buona;Ore Diurne;0;0;0;4;12.2757;41.7365;-1;1;Autovettura privata;In marcia / fermata / arresto;Conducente;F;Illeso;0;;;
4227852;13;14/02/2019 09:40:00;Strada Urbana;VIA DEI VELIERI;all'intersezione con;VIA DEI TRAGHETTI;VIA DEI TRAGHETTI;;;Scontro frontale/laterale DX fra veicoli in marcia;Incrocio;Due carreggiate;Asciutto;Asfaltata;Verticale ed orizzontale;Sereno;Normale;Buona;Ore Diurne;0;0;0;4;12.2757;41.7365;-1;1;Autovettura privata;In marcia / fermata / arresto;Passeggero;F;Illeso;0;;;