Protocollo;Gruppo;DataOraIncidente;Localizzazione1;STRADA1;Localizzazione2;STRADA2;Strada02;Chilometrica;DaSpecificare;NaturaIncidente;particolaritastrade;TipoStrada;FondoStradale;Pavimentazione;Segnaletica;CondizioneAtmosferica;Traffico;Visibilita;Illuminazione;NUM_FERITI;NUM_RISERVATA;NUM_MORTI;NUM_ILLESI;Longitudine;Latitudine;Confermato;Progressivo;TipoVeicolo;StatoVeicolo;TipoPersona;Sesso;Tipolesione;Deceduto;DecedutoDopo;CinturaCascoUtilizzato;Airbag;
4227852;13;14/02/2019 09:40:00;Strada Urbana;VIA DEI VELIERI;all'intersezione con;VIA DEI TRAGHETTI;VIA DEI TRAGHETTI;;;Scontro frontale/laterale DX fra veicoli in marcia;Incrocio;Due carreggiate;Asciutto;Asfaltata;Verticale ed orizzontale;Sereno;Normale;Buona;Ore Diurne;0;0;0;4;12.2757;41.7365;-1;2;Autovettura privata;In marcia / fermata / arresto;Conducente;M;Illeso;0;;;
4227852;13;14/02/2019 09:40:00;Strada Urbana;VIA DEI VELIERI;all'intersezione con;VIA DEI TRAGHETTI;VIA DEI TRAGHETTI;;;Scontro frontale/laterale DX fra veicoli in marcia;Incrocio;Due carreggiate;Asciutto;Asfaltata;Verticale ed orizzontale;Sereno;Normale;Buona;Ore Diurne;0;0;0;4;12.2757;41.7365;-1;2;Autovettura privata;In marcia / fermata / arresto;Passeggero;M;Illeso;0;;;
4227863;19;14/02/2019 10:20:00;Strada Urbana;VIA DI S. MARIA DI GALERIA;in corrispondenza;;del civico n.;213;;Veicolo in marcia contro ostacolo fisso;Rettilineo;Una carreggiata a doppio senso;Asciutto;Con buche;Verticale;Sereno;Scarso;Buona;Ore Diurne;0;0;0;1;12.3071;41.9826;-1;1;Autovettura privata;In marcia / fermata / arresto;Conducente;F;Illeso;0;;Non accertato;Inesploso
4227870;19;14/02/2019 12:50:00;Strada Urbana;VIA VINCENZO TOMASSINI;all'intersezione con;VIA AUGUSTO TEBALDI;VIA AUGUSTO TEBALDI;;;Scontro frontale/laterale SX fra veicoli in marcia;Incrocio;Una carreggiata a senso unico di marcia;Asciutto;Asfaltata;Verticale ed orizzontale;Sereno;Normale;Buona;Ore Diurne;0;0;0;4;12.4132;41.928;-1;1;Autovettura privata;In marcia / fermata / arresto;Conducente;M;Illeso;0;;Non accertato;Inesploso
4227870;19;14/02/2019 12:50:00;Strada Urbana;VIA VINCENZO TOMASSINI;all'intersezione con;VIA AUGUSTO TEBALDI;VIA AUGUSTO TEBALDI;;;Scontro frontale/laterale SX fra veicoli in marcia;Incrocio;Una carreggiata a senso unico di marcia;Asciutto;Asfaltata;Verticale ed orizzontale;Sereno;Normale;Buona;Ore Diurne;0;0;0;4;12.4132;41.928;-1;2;Autovettura privata;In marcia / fermata / arresto;Conducente;M;Illeso;0;;Non accertato;Inesploso
4227870;19;14/02/2019 12:50:00;Strada Urbana;VIA VINCENZO TOMASSINI;all'intersezione con;VIA AUGUSTO TEBALDI;VIA AUGUSTO TEBALDI;;;Scontro frontale/laterale SX fra veicoli in marcia;Incrocio;Una carreggiata a senso unico di marcia;Asciutto;Asfaltata;Verticale ed orizzontale;Sereno;Normale;Buona;Ore Diurne;0;0;0;4;12.4132;41.928;-1;2;Autovettura privata;In marcia / fermata / arresto;Passeggero;F;Illeso;0;;Non accertato;Inesploso
4227870;19;14/02/2019 12:50:00;Strada Urbana;VIA VINCENZO TOMASSINI;all'intersezione con;VIA AUGUSTO TEBALDI;VIA AUGUSTO TEBALDI;;;Scontro frontale/laterale SX fra veicoli in marcia;Incrocio;Una carreggiata a senso unico di marcia;Asciutto;Asfaltata;Verticale ed orizzontale;Sereno;Normale;Buona;Ore Diurne;0;0;0;4;12.4132;41.928;-1;2;Autovettura privata;In marcia / fermata / arresto;Passeggero;F;Illeso;0;;Non accertato;Inesploso
4227879;1;12/02/2019 13:10:00;Strada Urbana;PIAZZA DI S. MARIA MAGGIORE;in prossimità;;del civico n.;12B;;Investimento di pedone;Curva a visuale libera;Una carreggiata a senso unico di marcia;Sdrucciolevole (pietrisco);Con buche;Verticale ed orizzontale;Sereno;Normale;Buona;Ore Diurne;2;0;0;0;12.499;41.8968;-1;;;;Pedone;M;Rifiuta cure immediate;0;NON DECEDUTO;;
4227879;1;12/02/2019 13:10:00;Strada Urbana;PIAZZA DI S. MARIA MAGGIORE;in prossimità;;del civico n.;12B;;Investimento di pedone;Curva a visuale libera;Una carreggiata a senso unico di marcia;Sdrucciolevole (pietrisco);Con buche;Verticale ed orizzontale;Sereno;Normale;Buona;Ore Diurne;2;0;0;0;12.499;41.8968;-1;1;Ciclomotore;In marcia / fermata / arresto;Conducente;M;Rifiuta cure immediate;0;NON DECEDUTO;Non accertato;
4227907;20;14/02/2019 13:20:00;Strada Urbana;VIA LUIGI BODIO;all'intersezione con;VIA GIUSTINO FORTUNATO;VIA GIUSTINO FORTUNATO;;;Scontro frontale/laterale DX fra veicoli in marcia;Incrocio;Una carreggiata a senso unico di marcia;Asciutto;Asfaltata;Verticale;Sereno;Scarso;Buona;Ore Diurne;0;0;0;2;12.4657;41.9451;-1;1;Autovettura privata;In marcia / fermata / arresto;Conducente;F;Illeso;0;;Non accertato;Inesploso
4227907;20;14/02/2019 13:20:00;Strada Urbana;VIA LUIGI BODIO;all'intersezione con;VIA GIUSTINO FORTUNATO;VIA GIUSTINO FORTUNATO;;;Scontro frontale/laterale DX fra veicoli in marcia;Incrocio;Una carreggiata a senso unico di marcia;Asciutto;Asfaltata;Verticale;Sereno;Scarso;Buona;Ore Diurne;0;0;0;2;12.4657;41.9451;-1;2;Autovettura privata;In marcia / fermata / arresto;Conducente;M;Illeso;0;;Non accertato;Inesploso
4227907;20;14/02/2019 13:20:00;Strada Urbana;VIA LUIGI BODIO;all'intersezione con;VIA GIUSTINO FORTUNATO;VIA GIUSTINO FORTUNATO;;;Scontro frontale/laterale DX fra veicoli in marcia;Incrocio;Una carreggiata a senso unico di marcia;Asciutto;Asfaltata;Verticale;Sereno;Scarso;Buona;Ore Diurne;0;0;0;2;12.4657;41.9451;-1;3;Autovettura privata;Sosta;;;;;;;
4227907;20;14/02/2019 13:20:00;Strada Urbana;VIA LUIGI BODIO;all'intersezione con;VIA GIUSTINO FORTUNATO;VIA GIUSTINO FORTUNATO;;;Scontro frontale/laterale DX fra veicoli in marcia;Incrocio;Una carreggiata a senso unico di marcia;Asciutto;Asfaltata;Verticale;Sereno;Scarso;Buona;Ore Diurne;0;0;0;2;12.4657;41.9451;-1;4;Autovettura privata;Sosta;;;;;;;
4227907;20;14/02/2019 13:20:00;Strada Urbana;VIA LUIGI BODIO;all'intersezione con;VIA GIUSTINO FORTUNATO;VIA GIUSTINO FORTUNATO;;;Scontro frontale/laterale DX fra veicoli in marcia;Incrocio;Una carreggiata a senso unico di marcia;Asciutto;Asfaltata;Verticale;Sereno;Scarso;Buona;Ore Diurne;0;0;0;2;12.4657;41.9451;-1;5;Autovettura privata;Sosta;;;;;;;
4227936;20;14/02/2019 10:30:00;Strada Urbana;VIA DI GROTTAROSSA;da specificare;;;;100 mt dopo civico 997 ;Scontro frontale/laterale SX fra veicoli in marcia;Curva a visuale libera;Una carreggiata a doppio senso;Asciutto;Asfaltata;Verticale ed orizzontale;Sereno;Scarso;Buona;Ore Diurne;0;0;0;4;12.4629;41.9744;-1;1;Autovettura privata;In marcia / fermata / arresto;Conducente;M;Illeso;0;;Non accertato;
4227936;20;14/02/2019 10:30:00;Strada Urbana;VIA DI GROTTAROSSA;da specificare;;;;100 mt dopo civico 997 ;Scontro frontale/laterale SX fra veicoli in marcia;Curva a visuale libera;Una carreggiata a doppio senso;Asciutto;Asfaltata;Verticale ed orizzontale;Sereno;Scarso;Buona;Ore Diurne;0;0;0;4;12.4629;41.9744;-1;2;Autovettura privata;In marcia / fermata / arresto;Conducente;M;Illeso;0;;Non accertato;
4227936;20;14/02/2019 10:30:00;Strada Urbana;VIA DI GROTTAROSSA;da specificare;;;;100 mt dopo civico 997 ;Scontro frontale/laterale SX fra veicoli in marcia;Curva a visuale libera;Una carreggiata a doppio senso;Asciutto;Asfaltata;Verticale ed orizzontale;Sereno;Scarso;Buona;Ore Diurne;0;0;0;4;12.4629;41.9744;-1;2;Autovettura privata;In marcia / fermata / arresto;Passeggero;F;Illeso;0;;;
4227936;20;14/02/2019 10:30:00;Strada Urbana;VIA DI GROTTAROSSA;da specificare;;;;100 mt dopo civico 997 ;Scontro frontale/laterale SX fra veicoli in marcia;Curva a visuale libera;Una carreggiata a doppio senso;Asciutto;Asfaltata;Verticale ed orizzontale;Sereno;Scarso;Buona;Ore Diurne;0;0;0;4;12.4629;41.9744;-1;2;Autovettura privata;In marcia / fermata / arresto;Passeggero;M;Illeso;0;;;
4227962;6;14/02/2019 13:05:00;Strada Urbana;VIA PLACIDO ZURLA;in corrispondenza;;del civico n.;120;;Veicolo in marcia contro veicoli in sosta;Rettilineo;Una carreggiata a senso unico di marcia;Asciutto;Asfaltata;Verticale ed orizzontale;Sereno;Scarso;Buona;Ore Diurne;0;0;0;2;12.5339;41.8832;-1;1;Autovettura privata;In marcia / fermata / arresto;Conducente;M;Illeso;0;;Non accertato;Inesploso
4227962;6;14/02/2019 13:05:00;Strada Urbana;VIA PLACIDO ZURLA;in corrispondenza;;del civico n.;120;;Veicolo in marcia contro veicoli in sosta;Rettilineo;Una carreggiata a senso unico di marcia;Asciutto;Asfaltata;Verticale ed orizzontale;Sereno;Scarso;Buona;Ore Diurne;0;0;0;2;12.5339;41.8832;-1;1;Autovettura privata;In marcia / fermata / arresto;Passeggero;M;Illeso;0;;Non accertato;Inesploso
4227962;6;14/02/2019 13:05:00;Strada Urbana;VIA PLACIDO ZURLA;in corrispondenza;;del civico n.;120;;Veicolo in marcia contro veicoli in sosta;Rettilineo;Una carreggiata a senso unico di marcia;Asciutto;Asfaltata;Verticale ed orizzontale;Sereno;Scarso;Buona;Ore Diurne;0;0;0;2;12.5339;41.8832;-1;2;Autovettura privata;Sosta;;;;;;;
4227962;6;14/02/2019 13:05:00;Strada Urbana;VIA PLACIDO ZURLA;in corrispondenza;;del civico n.;120;;Veicolo in marcia contro veicoli in sosta;Rettilineo;Una carreggiata a senso unico di marcia;Asciutto;Asfaltata;Verticale ed orizzontale;Sereno;Scarso;Buona;Ore Diurne;0;0;0;2;12.5339;41.8832;-1;3;Autovettura privata;Sosta;;;;;;;
4227983;18;13/02/2019 11:00:00;Strada Urbana;VIA DI CASAL SELCE;in corrispondenza;;del civico n.;394/a;;Scontro laterale fra veicoli in marcia;Rettilineo;Una carreggiata a doppio senso;Asciutto;Asfaltata;Verticale ed orizzontale;Sereno;Scarso;Buona;Ore Diurne;1;0;0;1;12.3534;41.918;-1;1;Autocarro inferiore 35 q.;In marcia / fermata / arresto;Conducente;M;Illeso;0;;;
4227983;18;13/02/2019 11:00:00;Strada Urbana;VIA DI CASAL SELCE;in corrispondenza;;del civico n.;394/a;;Scontro laterale fra veicoli in marcia;Rettilineo;Una carreggiata a doppio senso;Asciutto;Asfaltata;Verticale ed orizzontale;Sereno;Scarso;Buona;Ore Diurne;1;0;0;1;12.3534;41.918;-1;2;Motociclo a solo;In marcia / fermata / arresto;Conducente;M;Rifiuta cure immediate;0;NON DECEDUTO;;
4227995;18;13/02/2019 11:40:00;Statale;VIA AURELIA;in prossimità;;della chilometrica;11.2;;Tamponamento;Rettilineo;Due carreggiate;Asciutto;Asfaltata;Verticale ed orizzontale;Sereno;Normale;Buona;Ore Diurne;0;0;0;2;12.371;41.8881;-1;1;Autocarro inferiore 35 q.;In marcia / fermata / arresto;Conducente;M;Illeso;0;;;
4227995;18;13/02/2019 11:40:00;Statale;VIA AURELIA;in prossimità;;della chilometrica;11.2;;Tamponamento;Rettilineo;Due carreggiate;Asciutto;Asfaltata;Verticale ed orizzontale;Sereno;Normale;Buona;Ore Diurne;0;0;0;2;12.371;41.8881;-1;2;Autovettura privata;In marcia / fermata / arresto;Conducente;M;Illeso;0;;;
4228001;18;13/02/2019 17:00:00;Strada Urbana;VIA DI CASALOTTI;in prossimità;;del civico n.;80/i;;Investimento di pedone;Rettilineo;Una carreggiata a doppio senso;Asciutto;Asfaltata;Verticale ed orizzontale;Sereno;Normale;Buona;Ore Diurne;1;0;0;1;12.3725;41.9164;-1;;;;Pedone;M;Rimandato;0;NON DECEDUTO;;
4228001;18;13/02/2019 17:00:00;Strada Urbana;VIA DI CASALOTTI;in prossimità;;del civico n.;80/i;;Investimento di pedone;Rettilineo;Una carreggiata a doppio senso;Asciutto;Asfaltata;Verticale ed orizzontale;Sereno;Normale;Buona;Ore Diurne;1;0;0;1;12.3725;41.9164;-1;1;Autovettura privata;Allontanatosi;Conducente;M;Illeso;0;;;
4228014;18;14/02/2019 08:00:00;Strada Urbana;CIRCONVALLAZIONE CORNELIA;all'intersezione semaforizzata con;PIAZZA DEI GIURECONSULTI;PIAZZA DEI GIURECONSULTI;;;Tamponamento;Intersezione semaforizzata;Due carreggiate;Asciutto;Asfaltata;Verticale ed orizzontale;Sereno;Normale;Buona;Ore Diurne;0;0;0;3;12.4259;41.902;-1;1;Motociclo a solo;In marcia / fermata / arresto;Conducente;M;Illeso;0;;;
4228014;18;14/02/2019 08:00:00;Strada Urbana;CIRCONVALLAZIONE CORNELIA;all'intersezione semaforizzata con;PIAZZA DEI GIURECONSULTI;PIAZZA DEI GIURECONSULTI;;;Tamponamento;Intersezione semaforizzata;Due carreggiate;Asciutto;Asfaltata;Verticale ed orizzontale;Sereno;Normale;Buona;Ore Diurne;0;0;0;3;12.4259;41.902;-1;2;Motociclo con passeggero;In marcia / fermata / arresto;Conducente;F;Illeso;0;;;
4228014;18;14/02/2019 08:00:00;Strada Urbana;CIRCONVALLAZIONE CORNELIA;all'intersezione semaforizzata con;PIAZZA DEI GIURECONSULTI;PIAZZA DEI GIURECONSULTI;;;Tamponamento;Intersezione semaforizzata;Due carreggiate;Asciutto;Asfaltata;Verticale ed orizzontale;Sereno;Normale;Buona;Ore Diurne;0;0;0;3;12.4259;41.902;-1;2;Motociclo con passeggero;In marcia / fermata / arresto;Passeggero;M;Illeso;0;;;
4228025;6;14/02/2019 17:05:00;Strada Urbana;VIA DEI GORDIANI;all'intersezione con;VIA CHECCO DURANTE;VIA CHECCO DURANTE;;;Scontro laterale fra veicoli in marcia;Incrocio;Più di due carreggiate;Asciutto;Asfaltata;Verticale ed orizzontale;Sereno;Normale;Sufficiente;Ore Diurne;0;0;0;3;12.5532;41.8814;-1;1;Autovettura privata;In marcia / fermata / arresto;Conducente;M;Illeso;0;;Non utilizzato;Inesploso
4228025;6;14/02/2019 17:05:00;Strada Urbana;VIA DEI GORDIANI;all'intersezione con;VIA CHECCO DURANTE;VIA CHECCO DURANTE;;;Scontro laterale fra veicoli in marcia;Incrocio;Più di due carreggiate;Asciutto;Asfaltata;Verticale ed orizzontale;Sereno;Normale;Sufficiente;Ore Diurne;0;0;0;3;12.5532;41.8814;-1;1;Autovettura privata;In marcia / fermata / arresto;Passeggero;F;Illeso;0;;Non accertato;Inesploso
4228025;6;14/02/2019 17:05:00;Strada Urbana;VIA DEI GORDIANI;all'intersezione con;VIA CHECCO DURANTE;VIA CHECCO DURANTE;;;Scontro laterale fra veicoli in marcia;Incrocio;Più di due carreggiate;Asciutto;Asfaltata;Verticale ed orizzontale;Sereno;Normale;Sufficiente;Ore Diurne;0;0;0;3;12.5532;41.8814;-1;2;Autocarro inferiore 35 q.;In marcia / fermata / arresto;Conducente;M;Illeso;0;;Non accertato;Inesploso
4228028;6;14/02/2019 17:40:00;Strada Urbana;VIA ARIANO IRPINO;in corrispondenza;;del civico n.;38;;Veicolo in marcia contro veicolo in sosta;Rettilineo;Una carreggiata a senso unico di marcia;Asciutto;Asfaltata;Verticale ed orizzontale;Sereno;Normale;Buona;Sufficiente;0;0;0;1;12.5431;41.892;-1;1;Autovettura privata;In marcia / fermata / arresto;Conducente;F;Illeso;0;;Non accertato;Inesploso
4228028;6;14/02/2019 17:40:00;Strada Urbana;VIA ARIANO IRPINO;in corrispondenza;;del civico n.;38;;Veicolo in marcia contro veicolo in sosta;Rettilineo;Una carreggiata a senso unico di marcia;Asciutto;Asfaltata;Verticale ed orizzontale;Sereno;Normale;Buona;Sufficiente;0;0;0;1;12.5431;41.892;-1;2;Autovettura privata;Sosta;;;;;;;
4228029;11;14/02/2019 14:30:00;Strada Urbana;VIALE CRISTOFORO COLOMBO;in prossimità;;del palo luce n.;211;;Scontro laterale fra veicoli in marcia;Rettilineo;Più di due carreggiate;Asciutto;Asfaltata;Verticale ed orizzontale;Sereno;Normale;Buona;Ore Diurne;0;1;0;2;12.4121;41.786;-1;1;Autovettura privata;In marcia / fermata / arresto;Conducente;M;Illeso;0;;Non accertato;
4228029;11;14/02/2019 14:30:00;Strada Urbana;VIALE CRISTOFORO COLOMBO;in prossimità;;del palo luce n.;211;;Scontro laterale fra veicoli in marcia;Rettilineo;Più di due carreggiate;Asciutto;Asfaltata;Verticale ed orizzontale;Sereno;Normale;Buona;Ore Diurne;0;1;0;2;12.4121;41.786;-1;1;Autovettura privata;In marcia / fermata / arresto;Passeggero;F;Illeso;0;;;
4228029;11;14/02/2019 14:30:00;Strada Urbana;VIALE CRISTOFORO COLOMBO;in prossimità;;del palo luce n.;211;;Scontro laterale fra veicoli in marcia;Rettilineo;Più di due carreggiate;Asciutto;Asfaltata;Verticale ed orizzontale;Sereno;Normale;Buona;Ore Diurne;0;1;0;2;12.4121;41.786;-1;2;Motociclo a solo;In marcia / fermata / arresto;Conducente;M;Prognosi riservata;0;NON DECEDUTO;Non accertato;
4228038;3;13/02/2019 13:15:00;Strada Urbana;CIRCONVALLAZIONE NOMENTANA;in corrispondenza;;del civico n.;494;;Veicolo in marcia contro ostacolo fisso;Rettilineo;Più di due carreggiate;Asciutto;Asfaltata;Verticale ed orizzontale;Sereno;Normale;Buona;Ore Diurne;0;0;0;1;12.5279;41.9121;-1;1;Autovettura privata;In marcia / fermata / arresto;Conducente;M;Illeso;0;;Non accertato;Esploso
4228042;3;13/02/2019 11:45:00;Strada Urbana;PIAZZA DELLA CROCE ROSSA;in prossimità;;del civico n.;snc;;Scontro laterale fra veicoli in marcia;Rettilineo;Una carreggiata a senso unico di marcia;Asciutto;Asfaltata;Verticale;Sereno;Normale;Buona;Ore Diurne;1;0;0;1;12.5047;41.9087;-1;1;Motociclo a solo;In marcia / fermata / arresto;Conducente;M;Rifiuta cure immediate;0;NON DECEDUTO;Non accertato;
4228042;3;13/02/2019 11:45:00;Strada Urbana;PIAZZA DELLA CROCE ROSSA;in prossimità;;del civico n.;snc;;Scontro laterale fra veicoli in marcia;Rettilineo;Una carreggiata a senso unico di marcia;Asciutto;Asfaltata;Verticale;Sereno;Normale;Buona;Ore Diurne;1;0;0;1;12.5047;41.9087;-1;2;Autovettura privata;In marcia / fermata / arresto;Conducente;M;Illeso;0;;Non accertato;Inesploso
4228047;3;14/02/2019 09:40:00;Strada Urbana;VIA GIOVANNI DA PROCIDA;all'intersezione con;VIA ELEONORA D'ARBOREA;VIA ELEONORA D'ARBOREA;;;Scontro frontale/laterale DX fra veicoli in marcia;Intersezione stradale segnalata;Una carreggiata a senso unico di marcia;Asciutto;Asfaltata;Verticale ed orizzontale;Sereno;Normale;Buona;Ore Diurne;1;0;0;1;12.5244;41.911;-1;1;Autovettura privata;In marcia / fermata / arresto;Conducente;F;Illeso;0;;;Inesploso
4228047;3;14/02/2019 09:40:00;Strada Urbana;VIA GIOVANNI DA PROCIDA;all'intersezione con;VIA ELEONORA D'ARBOREA;VIA ELEONORA D'ARBOREA;;;Scontro frontale/laterale DX fra veicoli in marcia;Intersezione stradale segnalata;Una carreggiata a senso unico di marcia;Asciutto;Asfaltata;Verticale ed orizzontale;Sereno;Normale;Buona;Ore Diurne;1;0;0;1;12.5244;41.911;-1;2;Motociclo a solo;In marcia / fermata / arresto;Conducente;M;Ricoverato;0;NON DECEDUTO;;
4228418;11;14/02/2019 16:30:00;Strada Urbana;CIRCONVALLAZIONE OSTIENSE;in corrispondenza;;del civico n.;139;;Scontro laterale fra veicoli in marcia;Rettilineo;Due carreggiate;Asciutto;Asfaltata;Verticale ed orizzontale;Sereno;Normale;Buona;Ore Diurne;0;0;0;2;12.4855;41.8675;-1;1;Autovettura privata;In marcia / fermata / arresto;Conducente;M;Illeso;0;;;
4228418;11;14/02/2019 16:30:00;Strada Urbana;CIRCONVALLAZIONE OSTIENSE;in corrispondenza;;del civico n.;139;;Scontro laterale fra veicoli in marcia;Rettilineo;Due carreggiate;Asciutto;Asfaltata;Verticale ed orizzontale;Sereno;Normale;Buona;Ore Diurne;0;0;0;2;12.4855;41.8675;-1;2;Autovettura privata;In marcia / fermata / arresto;Conducente;M;Illeso;0;;;
4228422;11;14/02/2019 20:45:00;Strada Urbana;VIALE GUGLIELMO MARCONI;in prossimità;;del palo luce n.;90;;Investimento di pedone;Rettilineo;Due carreggiate;Asciutto;Asfaltata;Verticale ed orizzontale;Sereno;Normale;Buona;Sufficiente;0;0;0;2;12.4745;41.8497;-1;;;;Pedone sconosciuto;;Illeso;0;;;
4228422;11;14/02/2019 20:45:00;Strada Urbana;VIALE GUGLIELMO MARCONI;in prossimità;;del palo luce n.;90;;Investimento di pedone;Rettilineo;Due carreggiate;Asciutto;Asfaltata;Verticale ed orizzontale;Sereno;Normale;Buona;Sufficiente;0;0;0;2;12.4745;41.8497;-1;1;Autovettura pubblica;In marcia / fermata / arresto;Conducente;M;Illeso;0;;Non accertato;
4228430;5;14/02/2019 07:30:00;Strada Urbana;VIA TIBURTINA;in prossimità;;del civico n.;1210;;Scontro laterale fra veicoli in marcia;Rettilineo;Due carreggiate;Asciutto;Asfaltata;Verticale ed orizzontale;Sereno;Intenso;Buona;Ore Diurne;0;0;0;2;12.6033;41.9337;-1;1;Autocarro superiore 35 q.;In marcia / fermata / arresto;Conducente;M;Illeso;0;;Non accertato;Inesploso
4228430;5;14/02/2019 07:30:00;Strada Urbana;VIA TIBURTINA;in prossimità;;del civico n.;1210;;Scontro laterale fra veicoli in marcia;Rettilineo;Due carreggiate;Asciutto;Asfaltata;Verticale ed orizzontale;Sereno;Intenso;Buona;Ore Diurne;0;0;0;2;12.6033;41.9337;-1;2;Autovettura privata;In marcia / fermata / arresto;Conducente;M;Illeso;0;;Non accertato;Inesploso
4228433;20;14/02/2019 14:30:00;Regionale entro l'abitato;VIA CASSIA;da specificare;;;;altezza Via Labranca;Tamponamento Multiplo;Rettilineo;Una carreggiata a doppio senso;Asciutto;Asfaltata;Orizzontale;Sereno;Normale;Buona;Ore Diurne;1;0;0;4;12.4006;41.9885;-1;1;Autovettura privata;In marcia / fermata / arresto;Conducente;F;Illeso;0;;Non accertato;Inesploso
4228433;20;14/02/2019 14:30:00;Regionale entro l'abitato;VIA CASSIA;da specificare;;;;altezza Via Labranca;Tamponamento Multiplo;Rettilineo;Una carreggiata a doppio senso;Asciutto;Asfaltata;Orizzontale;Sereno;Normale;Buona;Ore Diurne;1;0;0;4;12.4006;41.9885;-1;1;Autovettura privata;In marcia / fermata / arresto;Passeggero;F;Illeso;0;;Non accertato;Inesploso
4228433;20;14/02/2019 14:30:00;Regionale entro l'abitato;VIA CASSIA;da specificare;;;;altezza Via Labranca;Tamponamento Multiplo;Rettilineo;Una carreggiata a doppio senso;Asciutto;Asfaltata;Orizzontale;Sereno;Normale;Buona;Ore Diurne;1;0;0;4;12.4006;41.9885;-1;1;Autovettura privata;In marcia / fermata / arresto;Passeggero;M;Illeso;0;;Non accertato;Inesploso
4228433;20;14/02/2019 14:30:00;Regionale entro l'abitato;VIA CASSIA;da specificare;;;;altezza Via Labranca;Tamponamento Multiplo;Rettilineo;Una carreggiata a doppio senso;Asciutto;Asfaltata;Orizzontale;Sereno;Normale;Buona;Ore Diurne;1;0;0;4;12.4006;41.9885;-1;2;Autovettura privata;In marcia / fermata / arresto;Conducente;F;Rifiuta cure immediate;0;NON DECEDUTO;Non accertato;Inesploso
4228433;20;14/02/2019 14:30:00;Regionale entro l'abitato;VIA CASSIA;da specificare;;;;altezza Via Labranca;Tamponamento Multiplo;Rettilineo;Una carreggiata a doppio senso;Asciutto;Asfaltata;Orizzontale;Sereno;Normale;Buona;Ore Diurne;1;0;0;4;12.4006;41.9885;-1;3;Autovettura privata;In marcia / fermata / arresto;Conducente;M;Illeso;0;;Non accertato;Inesploso
4228444;11;14/02/2019 15:05:00;Strada Urbana;VIALE GUGLIELMO MARCONI;in corrispondenza;;del civico n.;440;;Investimento di pedone;Rettilineo;Due carreggiate;Asciutto;Asfaltata;Verticale ed orizzontale;Sereno;Normale;Buona;Ore Diurne;1;0;0;1;12.4711;41.8568;-1;;;;Pedone;M;Rimandato;0;NON DECEDUTO;;
4228444;11;14/02/2019 15:05:00;Strada Urbana;VIALE GUGLIELMO MARCONI;in corrispondenza;;del civico n.;440;;Investimento di pedone;Rettilineo;Due carreggiate;Asciutto;Asfaltata;Verticale ed orizzontale;Sereno;Normale;Buona;Ore Diurne;1;0;0;1;12.4711;41.8568;-1;1;Autovettura privata;In marcia / fermata / arresto;Conducente;M;Illeso;0;;;
4228445;11;14/02/2019 18:00:00;Strada Urbana;LUNGOTEVERE DI S. PAOLO;da specificare;;;;prossimità VIALE DI S.PAOLO;Scontro frontale/laterale SX fra veicoli in marcia;Rettilineo;Una carreggiata a doppio senso;Asciutto;Asfaltata;Verticale ed orizzontale;Sereno;Intenso;Buona;Sufficiente;1;0;0;3;12.4743;41.8596;-1;1;Autovettura privata;In marcia / fermata / arresto;Conducente;M;Illeso;0;;;
4228445;11;14/02/2019 18:00:00;Strada Urbana;LUNGOTEVERE DI S. PAOLO;da specificare;;;;prossimità VIALE DI S.PAOLO;Scontro frontale/laterale SX fra veicoli in marcia;Rettilineo;Una carreggiata a doppio senso;Asciutto;Asfaltata;Verticale ed orizzontale;Sereno;Intenso;Buona;Sufficiente;1;0;0;3;12.4743;41.8596;-1;1;Autovettura privata;In marcia / fermata / arresto;Passeggero;M;Illeso;0;;;
4228445;11;14/02/2019 18:00:00;Strada Urbana;LUNGOTEVERE DI S. PAOLO;da specificare;;;;prossimità VIALE DI S.PAOLO;Scontro frontale/laterale SX fra veicoli in marcia;Rettilineo;Una carreggiata a doppio senso;Asciutto;Asfaltata;Verticale ed orizzontale;Sereno;Intenso;Buona;Sufficiente;1;0;0;3;12.4743;41.8596;-1;1;Autovettura privata;In marcia / fermata / arresto;Passeggero;M;Illeso;0;;;
4228445;11;14/02/2019 18:00:00;Strada Urbana;LUNGOTEVERE DI S. PAOLO;da specificare;;;;prossimità VIALE DI S.PAOLO;Scontro frontale/laterale SX fra veicoli in marcia;Rettilineo;Una carreggiata a doppio senso;Asciutto;Asfaltata;Verticale ed orizzontale;Sereno;Intenso;Buona;Sufficiente;1;0;0;3;12.4743;41.8596;-1;2;Motociclo a solo;In marcia / fermata / arresto;Conducente;F;Ricoverato;0;NON DECEDUTO;;
4228458;8;14/02/2019 17:40:00;Strada Urbana;VIA FRANCESCO MERLINI;da specificare;;;;prossimità Via Acquaroni;Investimento di pedone;Rettilineo;Una carreggiata a senso unico di marcia;Asciutto;Asfaltata;Orizzontale;Sereno;Normale;Buona;Ore Diurne;1;0;0;1;12.6424;41.8676;-1;;;;Pedone;F;Rimandato;0;NON DECEDUTO;;
4228458;8;14/02/2019 17:40:00;Strada Urbana;VIA FRANCESCO MERLINI;da specificare;;;;prossimità Via Acquaroni;Investimento di pedone;Rettilineo;Una carreggiata a senso unico di marcia;Asciutto;Asfaltata;Orizzontale;Sereno;Normale;Buona;Ore Diurne;1;0;0;1;12.6424;41.8676;-1;1;Autocarro inferiore 35 q.;In marcia / fermata / arresto;Conducente;F;Illeso;0;;Non accertato;Inesploso
4228461;5;14/02/2019 17:30:00;;VIA CASTROPIGNANO;in corrispondenza;;del civico n.;6;;Veicoli in marcia contro veicolo fermo;;;;;;;;;;0;0;0;0;12.6466;41.9324;0;1;Autovettura privata;In marcia / fermata / arresto;;;;;;;