Protocollo;Gruppo;DataOraIncidente;Localizzazione1;STRADA1;Localizzazione2;STRADA2;Strada02;Chilometrica;DaSpecificare;NaturaIncidente;particolaritastrade;TipoStrada;FondoStradale;Pavimentazione;Segnaletica;CondizioneAtmosferica;Traffico;Visibilita;Illuminazione;NUM_FERITI;NUM_RISERVATA;NUM_MORTI;NUM_ILLESI;Longitudine;Latitudine;Confermato;Progressivo;TipoVeicolo;StatoVeicolo;TipoPersona;Sesso;Tipolesione;Deceduto;DecedutoDopo;CinturaCascoUtilizzato;Airbag;
4230603;3;15/02/2019 13:30:00;Strada Urbana;VIA TIBURTINA;da specificare;;;;ponte Portonaccio prossimità via Masaniello;Scontro laterale fra veicoli in marcia;Rettilineo;Una carreggiata a doppio senso;Asciutto;Asfaltata;Verticale ed orizzontale;Sereno;Normale;Buona;Ore Diurne;3;0;0;0;12.5322;41.9083;-1;2;Autovettura privata;In marcia / fermata / arresto;Conducente;F;Rifiuta cure immediate;0;NON DECEDUTO;;
4230607;3;15/02/2019 19:00:00;Strada Urbana;VIA NOMENTANA;da specificare;;;;fronte civico 50;Tamponamento Multiplo;Rettilineo;Più di due carreggiate;Asciutto;Asfaltata;Verticale ed orizzontale;Sereno;Intenso;Buona;Sufficiente;0;0;0;3;12.5072;41.913;-1;1;Autovettura privata;In marcia / fermata / arresto;Conducente;M;Illeso;0;;;
4230607;3;15/02/2019 19:00:00;Strada Urbana;VIA NOMENTANA;da specificare;;;;fronte civico 50;Tamponamento Multiplo;Rettilineo;Più di due carreggiate;Asciutto;Asfaltata;Verticale ed orizzontale;Sereno;Intenso;Buona;Sufficiente;0;0;0;3;12.5072;41.913;-1;2;Autovettura privata;In marcia / fermata / arresto;Conducente;M;Illeso;0;;;
4230607;3;15/02/2019 19:00:00;Strada Urbana;VIA NOMENTANA;da specificare;;;;fronte civico 50;Tamponamento Multiplo;Rettilineo;Più di due carreggiate;Asciutto;Asfaltata;Verticale ed orizzontale;Sereno;Intenso;Buona;Sufficiente;0;0;0;3;12.5072;41.913;-1;3;Autovettura privata;In marcia / fermata / arresto;Conducente;F;Illeso;0;;;
4230611;5;15/02/2019 08:15:00;Strada Urbana;PIAZZA TOMMASO DE CRISTOFORIS;in corrispondenza;;del civico n.;1;;Veicolo in marcia contro veicoli in sosta;Rotatoria;Una carreggiata a senso unico di marcia;Asciutto;Asfaltata;Verticale ed orizzontale;Sereno;Normale;Buona;Ore Diurne;0;0;0;2;12.5347;41.9004;-1;1;Autovettura privata;In marcia / fermata / arresto;Conducente;M;Illeso;0;;Non accertato;Inesistente
4230611;5;15/02/2019 08:15:00;Strada Urbana;PIAZZA TOMMASO DE CRISTOFORIS;in corrispondenza;;del civico n.;1;;Veicolo in marcia contro veicoli in sosta;Rotatoria;Una carreggiata a senso unico di marcia;Asciutto;Asfaltata;Verticale ed orizzontale;Sereno;Normale;Buona;Ore Diurne;0;0;0;2;12.5347;41.9004;-1;1;Autovettura privata;In marcia / fermata / arresto;Passeggero;M;Illeso;0;;Non accertato;Inesistente
4230611;5;15/02/2019 08:15:00;Strada Urbana;PIAZZA TOMMASO DE CRISTOFORIS;in corrispondenza;;del civico n.;1;;Veicolo in marcia contro veicoli in sosta;Rotatoria;Una carreggiata a senso unico di marcia;Asciutto;Asfaltata;Verticale ed orizzontale;Sereno;Normale;Buona;Ore Diurne;0;0;0;2;12.5347;41.9004;-1;2;Autovettura privata;Sosta;;;;;;;
4230611;5;15/02/2019 08:15:00;Strada Urbana;PIAZZA TOMMASO DE CRISTOFORIS;in corrispondenza;;del civico n.;1;;Veicolo in marcia contro veicoli in sosta;Rotatoria;Una carreggiata a senso unico di marcia;Asciutto;Asfaltata;Verticale ed orizzontale;Sereno;Normale;Buona;Ore Diurne;0;0;0;2;12.5347;41.9004;-1;3;Autovettura privata;Sosta;;;;;;;
4230611;5;15/02/2019 08:15:00;Strada Urbana;PIAZZA TOMMASO DE CRISTOFORIS;in corrispondenza;;del civico n.;1;;Veicolo in marcia contro veicoli in sosta;Rotatoria;Una carreggiata a senso unico di marcia;Asciutto;Asfaltata;Verticale ed orizzontale;Sereno;Normale;Buona;Ore Diurne;0;0;0;2;12.5347;41.9004;-1;4;Autovettura privata;Sosta;;;;;;;
4230615;3;15/02/2019 19:05:00;Strada Urbana;VIA TIBURTINA;da specificare;;;;fronte civico 259/A;Investimento di pedone;Rettilineo;Più di due carreggiate;Asciutto;Asfaltata;Verticale ed orizzontale;Sereno;Normale;Sufficiente;Insufficiente;1;0;0;1;12.5235;41.9072;-1;;;;Pedone;M;Rimandato;0;NON DECEDUTO;;
4230615;3;15/02/2019 19:05:00;Strada Urbana;VIA TIBURTINA;da specificare;;;;fronte civico 259/A;Investimento di pedone;Rettilineo;Più di due carreggiate;Asciutto;Asfaltata;Verticale ed orizzontale;Sereno;Normale;Sufficiente;Insufficiente;1;0;0;1;12.5235;41.9072;-1;1;Autovettura privata;In marcia / fermata / arresto;Conducente;M;Illeso;0;;Non accertato;Inesploso
4230617;5;15/02/2019 13:30:00;Strada Urbana;VIA DI CASAL DEI PAZZI;in prossimità;;del civico n.;35;;Investimento di pedone;Rettilineo;Una carreggiata a doppio senso;Asciutto;Asfaltata;Orizzontale;Sereno;Normale;Buona;Ore Diurne;1;0;0;2;12.5706;41.9261;-1;;;;Pedone;F;Rimandato;0;NON DECEDUTO;;
4230617;5;15/02/2019 13:30:00;Strada Urbana;VIA DI CASAL DEI PAZZI;in prossimità;;del civico n.;35;;Investimento di pedone;Rettilineo;Una carreggiata a doppio senso;Asciutto;Asfaltata;Orizzontale;Sereno;Normale;Buona;Ore Diurne;1;0;0;2;12.5706;41.9261;-1;1;Autovettura privata;In marcia / fermata / arresto;Conducente;F;Illeso;0;;Non accertato;Inesploso
4230617;5;15/02/2019 13:30:00;Strada Urbana;VIA DI CASAL DEI PAZZI;in prossimità;;del civico n.;35;;Investimento di pedone;Rettilineo;Una carreggiata a doppio senso;Asciutto;Asfaltata;Orizzontale;Sereno;Normale;Buona;Ore Diurne;1;0;0;2;12.5706;41.9261;-1;1;Autovettura privata;In marcia / fermata / arresto;Passeggero;F;Illeso;0;;Non accertato;Inesploso
4230621;23;15/02/2019 10:45:00;Comunale extraurbana;PIAZZALE CRISTOFORO COLOMBO;da specificare;;;;corrispondenza Lungomare Lutazio Catulo;Investimento di pedone;Rotatoria;Due carreggiate;Asciutto;Asfaltata;Verticale ed orizzontale;Sereno;Scarso;Buona;Ore Diurne;1;0;0;1;12.3175;41.7143;-1;;;;Pedone;M;Rifiuta cure immediate;0;NON DECEDUTO;;
4230621;23;15/02/2019 10:45:00;Comunale extraurbana;PIAZZALE CRISTOFORO COLOMBO;da specificare;;;;corrispondenza Lungomare Lutazio Catulo;Investimento di pedone;Rotatoria;Due carreggiate;Asciutto;Asfaltata;Verticale ed orizzontale;Sereno;Scarso;Buona;Ore Diurne;1;0;0;1;12.3175;41.7143;-1;1;Autovettura privata;In marcia / fermata / arresto;Conducente;M;Illeso;0;;Non accertato;Inesploso
4230625;5;15/02/2019 16:45:00;Strada Urbana;VIA BELMONTE IN SABINA;all'intersezione con;VIALE GIUSEPPE CAPPI;VIALE GIUSEPPE CAPPI;;;Scontro laterale fra veicoli in marcia;Incrocio;Una carreggiata a senso unico di marcia;Asciutto;Asfaltata;Verticale ed orizzontale;Sereno;Normale;Buona;Ore Diurne;0;0;0;4;12.5902;41.9447;-1;1;Autovettura privata;In marcia / fermata / arresto;Conducente;M;Illeso;0;;Non accertato;Inesploso
4230625;5;15/02/2019 16:45:00;Strada Urbana;VIA BELMONTE IN SABINA;all'intersezione con;VIALE GIUSEPPE CAPPI;VIALE GIUSEPPE CAPPI;;;Scontro laterale fra veicoli in marcia;Incrocio;Una carreggiata a senso unico di marcia;Asciutto;Asfaltata;Verticale ed orizzontale;Sereno;Normale;Buona;Ore Diurne;0;0;0;4;12.5902;41.9447;-1;1;Autovettura privata;In marcia / fermata / arresto;Passeggero;M;Illeso;0;;Non accertato;Inesploso
4230625;5;15/02/2019 16:45:00;Strada Urbana;VIA BELMONTE IN SABINA;all'intersezione con;VIALE GIUSEPPE CAPPI;VIALE GIUSEPPE CAPPI;;;Scontro laterale fra veicoli in marcia;Incrocio;Una carreggiata a senso unico di marcia;Asciutto;Asfaltata;Verticale ed orizzontale;Sereno;Normale;Buona;Ore Diurne;0;0;0;4;12.5902;41.9447;-1;2;Autovettura privata;In marcia / fermata / arresto;Conducente;M;Illeso;0;;Non accertato;Inesploso
4230625;5;15/02/2019 16:45:00;Strada Urbana;VIA BELMONTE IN SABINA;all'intersezione con;VIALE GIUSEPPE CAPPI;VIALE GIUSEPPE CAPPI;;;Scontro laterale fra veicoli in marcia;Incrocio;Una carreggiata a senso unico di marcia;Asciutto;Asfaltata;Verticale ed orizzontale;Sereno;Normale;Buona;Ore Diurne;0;0;0;4;12.5902;41.9447;-1;2;Autovettura privata;In marcia / fermata / arresto;Passeggero;F;Illeso;0;;Non accertato;Inesploso
4230630;17;15/02/2019 15:50:00;Strada Urbana;LUNGOTEVERE PRATI;in prossimità;;del civico n.;5;;Tamponamento;Rettilineo;Una carreggiata a senso unico di marcia;Asciutto;Asfaltata;Verticale ed orizzontale;Sereno;Normale;Buona;Ore Diurne;0;0;0;2;12.4723;41.9039;-1;1;Autovettura privata;In marcia / fermata / arresto;Conducente;M;Illeso;0;;;
4230630;17;15/02/2019 15:50:00;Strada Urbana;LUNGOTEVERE PRATI;in prossimità;;del civico n.;5;;Tamponamento;Rettilineo;Una carreggiata a senso unico di marcia;Asciutto;Asfaltata;Verticale ed orizzontale;Sereno;Normale;Buona;Ore Diurne;0;0;0;2;12.4723;41.9039;-1;2;Autovettura pubblica;In marcia / fermata / arresto;Conducente;M;Illeso;0;;;
4230632;5;15/02/2019 16:45:00;Strada Urbana;VIA RINALDO D'AQUINO;da specificare;;;;dir. Nomentana confluenza con via B. Orbicciani ;Tamponamento Multiplo;Rettilineo;Due carreggiate;Asciutto;Asfaltata;Verticale ed orizzontale;Sereno;Normale;Buona;Ore Diurne;0;0;0;2;12.6031;41.9556;-1;1;Autovettura privata;In marcia / fermata / arresto;Conducente;F;Illeso;0;;Non accertato;Inesploso
4230632;5;15/02/2019 16:45:00;Strada Urbana;VIA RINALDO D'AQUINO;da specificare;;;;dir. Nomentana confluenza con via B. Orbicciani ;Tamponamento Multiplo;Rettilineo;Due carreggiate;Asciutto;Asfaltata;Verticale ed orizzontale;Sereno;Normale;Buona;Ore Diurne;0;0;0;2;12.6031;41.9556;-1;2;Autovettura privata;In marcia / fermata / arresto;Conducente;F;Illeso;0;;Non accertato;Inesploso
4230632;5;15/02/2019 16:45:00;Strada Urbana;VIA RINALDO D'AQUINO;da specificare;;;;dir. Nomentana confluenza con via B. Orbicciani ;Tamponamento Multiplo;Rettilineo;Due carreggiate;Asciutto;Asfaltata;Verticale ed orizzontale;Sereno;Normale;Buona;Ore Diurne;0;0;0;2;12.6031;41.9556;-1;3;Autovettura privata;Allontanatosi;;;;;;;
4230637;5;15/02/2019 19:05:00;Strada Urbana;VIALE DELLA SERENISSIMA;da specificare;;;;svincolo A24 direzione Prenestina;Scontro laterale fra veicoli in marcia;Rettilineo;Una carreggiata a senso unico di marcia;Asciutto;Asfaltata;Verticale ed orizzontale;Sereno;Intenso;Buona;Sufficiente;0;0;0;2;12.557;41.9024;-1;1;Autocarro inferiore 35 q.;In marcia / fermata / arresto;Conducente;M;Illeso;0;;Non accertato;Inesploso
4230637;5;15/02/2019 19:05:00;Strada Urbana;VIALE DELLA SERENISSIMA;da specificare;;;;svincolo A24 direzione Prenestina;Scontro laterale fra veicoli in marcia;Rettilineo;Una carreggiata a senso unico di marcia;Asciutto;Asfaltata;Verticale ed orizzontale;Sereno;Intenso;Buona;Sufficiente;0;0;0;2;12.557;41.9024;-1;2;Autovettura privata;In marcia / fermata / arresto;Conducente;F;Illeso;0;;Non accertato;Inesploso
4230639;5;15/02/2019 19:40:00;Strada Urbana;VIA TIBURTINA;da specificare;;;;prossimità Via MASANIELLO;Scontro frontale/laterale SX fra veicoli in marcia;Rettilineo;Una carreggiata a doppio senso;Asciutto;Asfaltata;Verticale ed orizzontale;Sereno;Scarso;Buona;Sufficiente;0;0;0;1;12.5322;41.9083;-1;1;Autovettura privata;In marcia / fermata / arresto;Conducente;M;Illeso;0;;Non accertato;
4230639;5;15/02/2019 19:40:00;Strada Urbana;VIA TIBURTINA;da specificare;;;;prossimità Via MASANIELLO;Scontro frontale/laterale SX fra veicoli in marcia;Rettilineo;Una carreggiata a doppio senso;Asciutto;Asfaltata;Verticale ed orizzontale;Sereno;Scarso;Buona;Sufficiente;0;0;0;1;12.5322;41.9083;-1;2;Motociclo a solo;In marcia / fermata / arresto;;;;;;;
4230666;5;15/02/2019 22:00:00;Strada Urbana;VIA DEI MONTI DI PIETRALATA;in prossimità;;del civico n.;79;;Veicolo in marcia contro veicoli in sosta;Rettilineo;Una carreggiata a senso unico di marcia;Asciutto;Asfaltata;Verticale ed orizzontale;Sereno;Scarso;Sufficiente;Sufficiente;0;0;0;0;12.535;41.9108;-1;1;Autovettura privata;Allontanatosi;;;;;;;
4230666;5;15/02/2019 22:00:00;Strada Urbana;VIA DEI MONTI DI PIETRALATA;in prossimità;;del civico n.;79;;Veicolo in marcia contro veicoli in sosta;Rettilineo;Una carreggiata a senso unico di marcia;Asciutto;Asfaltata;Verticale ed orizzontale;Sereno;Scarso;Sufficiente;Sufficiente;0;0;0;0;12.535;41.9108;-1;2;Autovettura privata;Sosta;;;;;;;
4230666;5;15/02/2019 22:00:00;Strada Urbana;VIA DEI MONTI DI PIETRALATA;in prossimità;;del civico n.;79;;Veicolo in marcia contro veicoli in sosta;Rettilineo;Una carreggiata a senso unico di marcia;Asciutto;Asfaltata;Verticale ed orizzontale;Sereno;Scarso;Sufficiente;Sufficiente;0;0;0;0;12.535;41.9108;-1;3;Autovettura privata;Sosta;;;;;;;
4230666;5;15/02/2019 22:00:00;Strada Urbana;VIA DEI MONTI DI PIETRALATA;in prossimità;;del civico n.;79;;Veicolo in marcia contro veicoli in sosta;Rettilineo;Una carreggiata a senso unico di marcia;Asciutto;Asfaltata;Verticale ed orizzontale;Sereno;Scarso;Sufficiente;Sufficiente;0;0;0;0;12.535;41.9108;-1;4;Autovettura privata;Sosta;;;;;;;
4230666;5;15/02/2019 22:00:00;Strada Urbana;VIA DEI MONTI DI PIETRALATA;in prossimità;;del civico n.;79;;Veicolo in marcia contro veicoli in sosta;Rettilineo;Una carreggiata a senso unico di marcia;Asciutto;Asfaltata;Verticale ed orizzontale;Sereno;Scarso;Sufficiente;Sufficiente;0;0;0;0;12.535;41.9108;-1;5;Autovettura privata;Sosta;;;;;;;
4230675;17;15/02/2019 21:20:00;Strada Urbana;VIALE GIUSEPPE MAZZINI;all'intersezione con;VIA TOMMASO GULLI;VIA TOMMASO GULLI;;;Scontro frontale/laterale SX fra veicoli in marcia;Incrocio;Una carreggiata a senso unico di marcia;Asciutto;Asfaltata;Verticale ed orizzontale;Sereno;Scarso;Sufficiente;Sufficiente;0;0;0;3;12.4576;41.9151;-1;1;Autovettura privata;In marcia / fermata / arresto;Conducente;M;Illeso;0;;;
4230675;17;15/02/2019 21:20:00;Strada Urbana;VIALE GIUSEPPE MAZZINI;all'intersezione con;VIA TOMMASO GULLI;VIA TOMMASO GULLI;;;Scontro frontale/laterale SX fra veicoli in marcia;Incrocio;Una carreggiata a senso unico di marcia;Asciutto;Asfaltata;Verticale ed orizzontale;Sereno;Scarso;Sufficiente;Sufficiente;0;0;0;3;12.4576;41.9151;-1;1;Autovettura privata;In marcia / fermata / arresto;Passeggero;M;Illeso;0;;;
4230675;17;15/02/2019 21:20:00;Strada Urbana;VIALE GIUSEPPE MAZZINI;all'intersezione con;VIA TOMMASO GULLI;VIA TOMMASO GULLI;;;Scontro frontale/laterale SX fra veicoli in marcia;Incrocio;Una carreggiata a senso unico di marcia;Asciutto;Asfaltata;Verticale ed orizzontale;Sereno;Scarso;Sufficiente;Sufficiente;0;0;0;3;12.4576;41.9151;-1;2;Autovettura privata;In marcia / fermata / arresto;Conducente;M;Illeso;0;;;
4230680;17;15/02/2019 18:40:00;Strada Urbana;VIA DI PRATO FALCONE;all'intersezione con;VIALE DEI GLADIATORI;VIALE DEI GLADIATORI;;;Veicolo in marcia contro ostacolo accidentale;Incrocio;Una carreggiata a senso unico di marcia;Asciutto;Asfaltata;Verticale ed orizzontale;Sereno;Scarso;Buona;Sufficiente;0;0;0;1;12.4568;41.9257;0;1;Autovettura privata;In marcia / fermata / arresto;Conducente;F;Illeso;0;;;
4230786;17;16/02/2019 01:00:00;Strada Urbana;PIAZZA MONTE GRAPPA;all'intersezione con;VIALE GIUSEPPE MAZZINI;VIALE GIUSEPPE MAZZINI;;;Scontro frontale/laterale DX fra veicoli in marcia;Intersezione semaforizzata;Più di due carreggiate;Asciutto;Asfaltata;Verticale ed orizzontale;Sereno;Scarso;Buona;Sufficiente;2;0;0;0;12.4692;41.9182;-1;1;Autovettura privata;In marcia / fermata / arresto;Conducente;M;Rimandato;0;NON DECEDUTO;Non accertato;
4230786;17;16/02/2019 01:00:00;Strada Urbana;PIAZZA MONTE GRAPPA;all'intersezione con;VIALE GIUSEPPE MAZZINI;VIALE GIUSEPPE MAZZINI;;;Scontro frontale/laterale DX fra veicoli in marcia;Intersezione semaforizzata;Più di due carreggiate;Asciutto;Asfaltata;Verticale ed orizzontale;Sereno;Scarso;Buona;Sufficiente;2;0;0;0;12.4692;41.9182;-1;2;Autovettura privata;In marcia / fermata / arresto;Conducente;M;Rimandato;0;NON DECEDUTO;;
4230808;15;15/02/2019 16:30:00;Strada Urbana;VIA CRISTOFORO SABBADINO;all'intersezione semaforizzata con;VIALE DI PESCINA GAGLIARDA;VIALE DI PESCINA GAGLIARDA;;;Veicolo in marcia contro ostacolo fisso;Intersezione semaforizzata;Una carreggiata a doppio senso;Asciutto;Asfaltata;Verticale ed orizzontale;Sereno;Normale;Buona;Ore Diurne;0;0;0;3;12.31;41.8211;-1;1;Autobus di linea;In marcia / fermata / arresto;Conducente;M;Illeso;0;;;
4230808;15;15/02/2019 16:30:00;Strada Urbana;VIA CRISTOFORO SABBADINO;all'intersezione semaforizzata con;VIALE DI PESCINA GAGLIARDA;VIALE DI PESCINA GAGLIARDA;;;Veicolo in marcia contro ostacolo fisso;Intersezione semaforizzata;Una carreggiata a doppio senso;Asciutto;Asfaltata;Verticale ed orizzontale;Sereno;Normale;Buona;Ore Diurne;0;0;0;3;12.31;41.8211;-1;1;Autobus di linea;In marcia / fermata / arresto;Passeggero;F;Illeso;0;;;
4230808;15;15/02/2019 16:30:00;Strada Urbana;VIA CRISTOFORO SABBADINO;all'intersezione semaforizzata con;VIALE DI PESCINA GAGLIARDA;VIALE DI PESCINA GAGLIARDA;;;Veicolo in marcia contro ostacolo fisso;Intersezione semaforizzata;Una carreggiata a doppio senso;Asciutto;Asfaltata;Verticale ed orizzontale;Sereno;Normale;Buona;Ore Diurne;0;0;0;3;12.31;41.8211;-1;1;Autobus di linea;In marcia / fermata / arresto;Passeggero;M;Illeso;0;;;
4230814;15;16/02/2019 03:00:00;Strada Urbana;VIA QUIRINO MAJORANA;all'intersezione con;VIA PORTUENSE;VIA PORTUENSE;;;Veicolo in marcia contro veicoli in sosta;Incrocio;Una carreggiata a senso unico di marcia;Asciutto;Asfaltata;Verticale;Sereno;Scarso;Sufficiente;Sufficiente;0;0;0;0;12.4621;41.8685;-1;1;Autovettura privata;Sosta;;;;;;;
4230814;15;16/02/2019 03:00:00;Strada Urbana;VIA QUIRINO MAJORANA;all'intersezione con;VIA PORTUENSE;VIA PORTUENSE;;;Veicolo in marcia contro veicoli in sosta;Incrocio;Una carreggiata a senso unico di marcia;Asciutto;Asfaltata;Verticale;Sereno;Scarso;Sufficiente;Sufficiente;0;0;0;0;12.4621;41.8685;-1;2;Autovettura privata;Sosta;;;;;;;
4230818;15;16/02/2019 00:10:00;Strada Urbana;VIALE PROSPERO COLONNA;all'intersezione con;VIA PIETRO VENTURI;VIA PIETRO VENTURI;;;Scontro frontale/laterale DX fra veicoli in marcia;Incrocio;Una carreggiata a senso unico di marcia;Asciutto;Asfaltata;Verticale ed orizzontale;Sereno;Scarso;Sufficiente;Sufficiente;0;0;0;2;12.4527;41.8563;-1;1;Autovettura privata;In marcia / fermata / arresto;Conducente;M;Illeso;0;;Non accertato;Inesploso
4230818;15;16/02/2019 00:10:00;Strada Urbana;VIALE PROSPERO COLONNA;all'intersezione con;VIA PIETRO VENTURI;VIA PIETRO VENTURI;;;Scontro frontale/laterale DX fra veicoli in marcia;Incrocio;Una carreggiata a senso unico di marcia;Asciutto;Asfaltata;Verticale ed orizzontale;Sereno;Scarso;Sufficiente;Sufficiente;0;0;0;2;12.4527;41.8563;-1;2;Autovettura privata;In marcia / fermata / arresto;Conducente;M;Illeso;0;;Non accertato;Esploso
4230823;15;15/02/2019 17:45:00;Strada Urbana;VIA SAMUGHEO;in prossimità;;del civico n.;12A;;Scontro laterale fra veicoli in marcia;Rettilineo;Una carreggiata a doppio senso;Asciutto;Asfaltata;Assente;Sereno;Scarso;Sufficiente;Sufficiente;0;0;0;2;12.3473;41.8463;-1;1;Autovettura privata;In marcia / fermata / arresto;Conducente;M;Illeso;0;;Non accertato;Inesploso
4230823;15;15/02/2019 17:45:00;Strada Urbana;VIA SAMUGHEO;in prossimità;;del civico n.;12A;;Scontro laterale fra veicoli in marcia;Rettilineo;Una carreggiata a doppio senso;Asciutto;Asfaltata;Assente;Sereno;Scarso;Sufficiente;Sufficiente;0;0;0;2;12.3473;41.8463;-1;2;Autovettura privata;In marcia / fermata / arresto;Conducente;M;Illeso;0;;Non accertato;Inesploso
4230824;15;15/02/2019 15:50:00;Strada Urbana;VIA PORTUENSE;all'intersezione con;VIA GAETANO ASTOLFI;VIA GAETANO ASTOLFI;;;Scontro laterale fra veicoli in marcia;Intersezione semaforizzata;Una carreggiata a doppio senso;Asciutto;Asfaltata;Verticale ed orizzontale;Sereno;Normale;Buona;Ore Diurne;0;0;0;3;12.414;41.8469;-1;1;Autocarro inferiore 35 q.;In marcia / fermata / arresto;Conducente;M;Illeso;0;;Non accertato;Inesploso
4230824;15;15/02/2019 15:50:00;Strada Urbana;VIA PORTUENSE;all'intersezione con;VIA GAETANO ASTOLFI;VIA GAETANO ASTOLFI;;;Scontro laterale fra veicoli in marcia;Intersezione semaforizzata;Una carreggiata a doppio senso;Asciutto;Asfaltata;Verticale ed orizzontale;Sereno;Normale;Buona;Ore Diurne;0;0;0;3;12.414;41.8469;-1;1;Autocarro inferiore 35 q.;In marcia / fermata / arresto;Passeggero;M;Illeso;0;;Non accertato;Inesploso
4230824;15;15/02/2019 15:50:00;Strada Urbana;VIA PORTUENSE;all'intersezione con;VIA GAETANO ASTOLFI;VIA GAETANO ASTOLFI;;;Scontro laterale fra veicoli in marcia;Intersezione semaforizzata;Una carreggiata a doppio senso;Asciutto;Asfaltata;Verticale ed orizzontale;Sereno;Normale;Buona;Ore Diurne;0;0;0;3;12.414;41.8469;-1;2;Motociclo a solo;In marcia / fermata / arresto;Conducente;M;Illeso;0;;Non accertato;
4230863;17;15/02/2019 17:00:00;Strada Urbana;VIALE VATICANO;all'intersezione con;VIA SANTAMAURA;VIA SANTAMAURA;;;Investimento di pedone;Incrocio;Una carreggiata a doppio senso;Asciutto;Asfaltata;Verticale ed orizzontale;Sereno;Normale;Buona;Ore Diurne;3;0;0;0;12.4543;41.9073;0;;;;Pedone;F;Rimandato;0;NON DECEDUTO;;
4230863;17;15/02/2019 17:00:00;Strada Urbana;VIALE VATICANO;all'intersezione con;VIA SANTAMAURA;VIA SANTAMAURA;;;Investimento di pedone;Incrocio;Una carreggiata a doppio senso;Asciutto;Asfaltata;Verticale ed orizzontale;Sereno;Normale;Buona;Ore Diurne;3;0;0;0;12.4543;41.9073;0;;;;Pedone;F;Rimandato;0;NON DECEDUTO;;
4230863;17;15/02/2019 17:00:00;Strada Urbana;VIALE VATICANO;all'intersezione con;VIA SANTAMAURA;VIA SANTAMAURA;;;Investimento di pedone;Incrocio;Una carreggiata a doppio senso;Asciutto;Asfaltata;Verticale ed orizzontale;Sereno;Normale;Buona;Ore Diurne;3;0;0;0;12.4543;41.9073;0;1;Motociclo a solo;In marcia / fermata / arresto;Conducente;M;Rimandato;0;NON DECEDUTO;;
4230936;12;15/02/2019 16:30:00;Strada Urbana;VIA TOMMASO ARCIDIACONO;all'intersezione con;VIA PIER ALESSANDRO PARAVIA;VIA PIER ALESSANDRO PARAVIA;;;Scontro frontale/laterale SX fra veicoli in marcia;Incrocio;Una carreggiata a doppio senso;Asciutto;Asfaltata;Verticale ed orizzontale;Sereno;Normale;Sufficiente;Ore Diurne;1;0;0;1;12.5071;41.8229;-1;1;Motociclo a solo;In marcia / fermata / arresto;Conducente;M;Rimandato;0;NON DECEDUTO;Utilizzato;
4230936;12;15/02/2019 16:30:00;Strada Urbana;VIA TOMMASO ARCIDIACONO;all'intersezione con;VIA PIER ALESSANDRO PARAVIA;VIA PIER ALESSANDRO PARAVIA;;;Scontro frontale/laterale SX fra veicoli in marcia;Incrocio;Una carreggiata a doppio senso;Asciutto;Asfaltata;Verticale ed orizzontale;Sereno;Normale;Sufficiente;Ore Diurne;1;0;0;1;12.5071;41.8229;-1;2;Autovettura privata;In marcia / fermata / arresto;Conducente;M;Illeso;0;;;
4230957;9;15/02/2019 14:15:00;Strada Urbana;PIAZZALE LABICANO;da specificare;;;;fronte prossimità VIA CASILINA;Scontro laterale fra veicoli in marcia;Rettilineo;Più di due carreggiate;Asciutto;Asfaltata;Verticale ed orizzontale;Sereno;Normale;Buona;Ore Diurne;1;0;0;2;12.5155;41.8911;-1;1;Autocarro inferiore 35 q.;In marcia / fermata / arresto;Conducente;M;Illeso;0;;Non accertato;Inesploso
4230957;9;15/02/2019 14:15:00;Strada Urbana;PIAZZALE LABICANO;da specificare;;;;fronte prossimità VIA CASILINA;Scontro laterale fra veicoli in marcia;Rettilineo;Più di due carreggiate;Asciutto;Asfaltata;Verticale ed orizzontale;Sereno;Normale;Buona;Ore Diurne;1;0;0;2;12.5155;41.8911;-1;2;Motociclo con passeggero;In marcia / fermata / arresto;Conducente;M;Rimandato;0;NON DECEDUTO;Non accertato;
4230957;9;15/02/2019 14:15:00;Strada Urbana;PIAZZALE LABICANO;da specificare;;;;fronte prossimità VIA CASILINA;Scontro laterale fra veicoli in marcia;Rettilineo;Più di due carreggiate;Asciutto;Asfaltata;Verticale ed orizzontale;Sereno;Normale;Buona;Ore Diurne;1;0;0;2;12.5155;41.8911;-1;2;Motociclo con passeggero;In marcia / fermata / arresto;Passeggero;M;Illeso;0;;Non accertato;
4230958;9;16/02/2019 12:45:00;Strada Urbana;VIA APPIA NUOVA;in prossimità;;del civico n.;3;;Scontro laterale fra veicoli in marcia;Rettilineo;Due carreggiate;Asciutto;Asfaltata;Assente;Sereno;Normale;Buona;Ore Diurne;0;0;0;3;12.5102;41.8853;-1;1;Autovettura di polizia;In marcia / fermata / arresto;Conducente;M;Illeso;0;;Non accertato;Inesploso
4230958;9;16/02/2019 12:45:00;Strada Urbana;VIA APPIA NUOVA;in prossimità;;del civico n.;3;;Scontro laterale fra veicoli in marcia;Rettilineo;Due carreggiate;Asciutto;Asfaltata;Assente;Sereno;Normale;Buona;Ore Diurne;0;0;0;3;12.5102;41.8853;-1;1;Autovettura di polizia;In marcia / fermata / arresto;Passeggero;M;Illeso;0;;Non accertato;Inesploso