Protocollo;Gruppo;DataOraIncidente;Localizzazione1;STRADA1;Localizzazione2;STRADA2;Strada02;Chilometrica;DaSpecificare;NaturaIncidente;particolaritastrade;TipoStrada;FondoStradale;Pavimentazione;Segnaletica;CondizioneAtmosferica;Traffico;Visibilita;Illuminazione;NUM_FERITI;NUM_RISERVATA;NUM_MORTI;NUM_ILLESI;Longitudine;Latitudine;Confermato;Progressivo;TipoVeicolo;StatoVeicolo;TipoPersona;Sesso;Tipolesione;Deceduto;DecedutoDopo;CinturaCascoUtilizzato;Airbag;
4231940;12;16/02/2019 16:20:00;Statale entro l'abitato;VIA OSTIENSE;da specificare;;;;altezza VIA DELL'IPPICA;Tamponamento Multiplo;Rettilineo;Una carreggiata a doppio senso;Asciutto;Asfaltata;Verticale ed orizzontale;Sereno;Scarso;Buona;Ore Diurne;0;0;0;7;12.4362;41.8195;-1;4;Autovettura privata;In marcia / fermata / arresto;Passeggero;F;Illeso;0;;;
4231949;12;16/02/2019 17:55:00;Provinciale;VIA PONTINA;da specificare;;;;alt. rampa Via Acqua Acetosa Ostiense;Tamponamento;Rettilineo;Due carreggiate;Asciutto;Asfaltata;Verticale ed orizzontale;Sereno;Scarso;Buona;Ore Diurne;2;0;0;4;12.4562;41.8066;-1;1;Autovettura privata;In marcia / fermata / arresto;Conducente;M;Illeso;0;;;
4231949;12;16/02/2019 17:55:00;Provinciale;VIA PONTINA;da specificare;;;;alt. rampa Via Acqua Acetosa Ostiense;Tamponamento;Rettilineo;Due carreggiate;Asciutto;Asfaltata;Verticale ed orizzontale;Sereno;Scarso;Buona;Ore Diurne;2;0;0;4;12.4562;41.8066;-1;1;Autovettura privata;In marcia / fermata / arresto;Passeggero;M;Rimandato;0;NON DECEDUTO;;
4231949;12;16/02/2019 17:55:00;Provinciale;VIA PONTINA;da specificare;;;;alt. rampa Via Acqua Acetosa Ostiense;Tamponamento;Rettilineo;Due carreggiate;Asciutto;Asfaltata;Verticale ed orizzontale;Sereno;Scarso;Buona;Ore Diurne;2;0;0;4;12.4562;41.8066;-1;1;Autovettura privata;In marcia / fermata / arresto;Passeggero;M;Illeso;0;;;
4231949;12;16/02/2019 17:55:00;Provinciale;VIA PONTINA;da specificare;;;;alt. rampa Via Acqua Acetosa Ostiense;Tamponamento;Rettilineo;Due carreggiate;Asciutto;Asfaltata;Verticale ed orizzontale;Sereno;Scarso;Buona;Ore Diurne;2;0;0;4;12.4562;41.8066;-1;2;Autovettura privata;In marcia / fermata / arresto;Conducente;M;Illeso;0;;;
4231949;12;16/02/2019 17:55:00;Provinciale;VIA PONTINA;da specificare;;;;alt. rampa Via Acqua Acetosa Ostiense;Tamponamento;Rettilineo;Due carreggiate;Asciutto;Asfaltata;Verticale ed orizzontale;Sereno;Scarso;Buona;Ore Diurne;2;0;0;4;12.4562;41.8066;-1;2;Autovettura privata;In marcia / fermata / arresto;Passeggero;M;Illeso;0;;;
4231949;12;16/02/2019 17:55:00;Provinciale;VIA PONTINA;da specificare;;;;alt. rampa Via Acqua Acetosa Ostiense;Tamponamento;Rettilineo;Due carreggiate;Asciutto;Asfaltata;Verticale ed orizzontale;Sereno;Scarso;Buona;Ore Diurne;2;0;0;4;12.4562;41.8066;-1;2;Autovettura privata;In marcia / fermata / arresto;Passeggero;M;Rimandato;0;NON DECEDUTO;;
4231955;12;16/02/2019 19:20:00;Strada Urbana;VIADOTTO DELLA MAGLIANA;da specificare;;;;sottovia C.COLOMBO dir. FIUMICINO;Veicolo in marcia contro ostacolo accidentale;Rettilineo;Una carreggiata a senso unico di marcia;Asciutto;Strada pavimentata dissestata;Verticale ed orizzontale;Sereno;Scarso;Buona;Insufficiente;0;0;0;2;12.475;41.8412;-1;1;Autovettura di polizia;In marcia / fermata / arresto;Conducente;M;Illeso;0;;Non accertato;Inesploso
4231955;12;16/02/2019 19:20:00;Strada Urbana;VIADOTTO DELLA MAGLIANA;da specificare;;;;sottovia C.COLOMBO dir. FIUMICINO;Veicolo in marcia contro ostacolo accidentale;Rettilineo;Una carreggiata a senso unico di marcia;Asciutto;Strada pavimentata dissestata;Verticale ed orizzontale;Sereno;Scarso;Buona;Insufficiente;0;0;0;2;12.475;41.8412;-1;1;Autovettura di polizia;In marcia / fermata / arresto;Passeggero;M;Illeso;0;;Non accertato;Inesploso
4231970;12;16/02/2019 20:25:00;Strada Urbana;VIA CRISTOFORO COLOMBO;da specificare;;;;in prossimità dell'HOTEL COLOMBO direz. Pomezia;Tamponamento Multiplo;Rettilineo;Più di due carreggiate;Asciutto;Asfaltata;Verticale ed orizzontale;Sereno;Intenso;Buona;Insufficiente;1;0;0;7;12.46;41.8133;-1;1;Autovettura privata;In marcia / fermata / arresto;Conducente;F;Illeso;0;;Utilizzato;Inesploso
4231970;12;16/02/2019 20:25:00;Strada Urbana;VIA CRISTOFORO COLOMBO;da specificare;;;;in prossimità dell'HOTEL COLOMBO direz. Pomezia;Tamponamento Multiplo;Rettilineo;Più di due carreggiate;Asciutto;Asfaltata;Verticale ed orizzontale;Sereno;Intenso;Buona;Insufficiente;1;0;0;7;12.46;41.8133;-1;1;Autovettura privata;In marcia / fermata / arresto;Passeggero;M;Illeso;0;;Utilizzato;Inesploso
4231970;12;16/02/2019 20:25:00;Strada Urbana;VIA CRISTOFORO COLOMBO;da specificare;;;;in prossimità dell'HOTEL COLOMBO direz. Pomezia;Tamponamento Multiplo;Rettilineo;Più di due carreggiate;Asciutto;Asfaltata;Verticale ed orizzontale;Sereno;Intenso;Buona;Insufficiente;1;0;0;7;12.46;41.8133;-1;1;Autovettura privata;In marcia / fermata / arresto;Passeggero;F;Illeso;0;;Utilizzato;Inesploso
4231970;12;16/02/2019 20:25:00;Strada Urbana;VIA CRISTOFORO COLOMBO;da specificare;;;;in prossimità dell'HOTEL COLOMBO direz. Pomezia;Tamponamento Multiplo;Rettilineo;Più di due carreggiate;Asciutto;Asfaltata;Verticale ed orizzontale;Sereno;Intenso;Buona;Insufficiente;1;0;0;7;12.46;41.8133;-1;1;Autovettura privata;In marcia / fermata / arresto;Passeggero;F;Illeso;0;;Utilizzato;Inesploso
4231970;12;16/02/2019 20:25:00;Strada Urbana;VIA CRISTOFORO COLOMBO;da specificare;;;;in prossimità dell'HOTEL COLOMBO direz. Pomezia;Tamponamento Multiplo;Rettilineo;Più di due carreggiate;Asciutto;Asfaltata;Verticale ed orizzontale;Sereno;Intenso;Buona;Insufficiente;1;0;0;7;12.46;41.8133;-1;1;Autovettura privata;In marcia / fermata / arresto;Passeggero;F;Illeso;0;;Utilizzato;Inesploso
4231970;12;16/02/2019 20:25:00;Strada Urbana;VIA CRISTOFORO COLOMBO;da specificare;;;;in prossimità dell'HOTEL COLOMBO direz. Pomezia;Tamponamento Multiplo;Rettilineo;Più di due carreggiate;Asciutto;Asfaltata;Verticale ed orizzontale;Sereno;Intenso;Buona;Insufficiente;1;0;0;7;12.46;41.8133;-1;2;Autovettura privata;In marcia / fermata / arresto;Conducente;M;Rimandato;0;NON DECEDUTO;Utilizzato;Inesploso
4231970;12;16/02/2019 20:25:00;Strada Urbana;VIA CRISTOFORO COLOMBO;da specificare;;;;in prossimità dell'HOTEL COLOMBO direz. Pomezia;Tamponamento Multiplo;Rettilineo;Più di due carreggiate;Asciutto;Asfaltata;Verticale ed orizzontale;Sereno;Intenso;Buona;Insufficiente;1;0;0;7;12.46;41.8133;-1;3;Autovettura privata;In marcia / fermata / arresto;Conducente;M;Illeso;0;;Utilizzato;Inesploso
4231970;12;16/02/2019 20:25:00;Strada Urbana;VIA CRISTOFORO COLOMBO;da specificare;;;;in prossimità dell'HOTEL COLOMBO direz. Pomezia;Tamponamento Multiplo;Rettilineo;Più di due carreggiate;Asciutto;Asfaltata;Verticale ed orizzontale;Sereno;Intenso;Buona;Insufficiente;1;0;0;7;12.46;41.8133;-1;3;Autovettura privata;In marcia / fermata / arresto;Passeggero;F;Illeso;0;;Utilizzato;Inesploso
4231997;12;16/02/2019 20:40:00;Strada Urbana;VIADOTTO DELLA MAGLIANA;da specificare;;;;alt. svincolo immissione Via d. Magliana dir. EUR;Tamponamento;Rettilineo;Due carreggiate;Asciutto;Asfaltata;Verticale ed orizzontale;Sereno;Normale;Buona;Sufficiente;0;0;0;3;12.4565;41.84;-1;1;Autovettura privata;In marcia / fermata / arresto;Conducente;M;Illeso;0;;Utilizzato;Inesploso
4231997;12;16/02/2019 20:40:00;Strada Urbana;VIADOTTO DELLA MAGLIANA;da specificare;;;;alt. svincolo immissione Via d. Magliana dir. EUR;Tamponamento;Rettilineo;Due carreggiate;Asciutto;Asfaltata;Verticale ed orizzontale;Sereno;Normale;Buona;Sufficiente;0;0;0;3;12.4565;41.84;-1;1;Autovettura privata;In marcia / fermata / arresto;Passeggero;M;Illeso;0;;Utilizzato;Inesploso
4231997;12;16/02/2019 20:40:00;Strada Urbana;VIADOTTO DELLA MAGLIANA;da specificare;;;;alt. svincolo immissione Via d. Magliana dir. EUR;Tamponamento;Rettilineo;Due carreggiate;Asciutto;Asfaltata;Verticale ed orizzontale;Sereno;Normale;Buona;Sufficiente;0;0;0;3;12.4565;41.84;-1;2;Ciclomotore;In marcia / fermata / arresto;Conducente;M;Illeso;0;;Utilizzato;
4232350;10;16/02/2019 19:30:00;Strada Urbana;VIA DEI CASTANI;in corrispondenza;;del civico n.;260;;Investimento di pedone;Rettilineo;Due carreggiate;Asciutto;Asfaltata;Verticale ed orizzontale;Sereno;Intenso;Sufficiente;Sufficiente;1;0;0;1;12.5652;41.8889;-1;;;;Pedone;M;Rimandato;0;NON DECEDUTO;;
4232350;10;16/02/2019 19:30:00;Strada Urbana;VIA DEI CASTANI;in corrispondenza;;del civico n.;260;;Investimento di pedone;Rettilineo;Due carreggiate;Asciutto;Asfaltata;Verticale ed orizzontale;Sereno;Intenso;Sufficiente;Sufficiente;1;0;0;1;12.5652;41.8889;-1;1;Autovettura privata;In marcia / fermata / arresto;Conducente;F;Illeso;0;;Non accertato;Inesploso
4232374;10;17/02/2019 12:05:00;Strada Urbana;VIA APPIA PIGNATELLI;all'intersezione semaforizzata con;VIA ERODE ATTICO;VIA ERODE ATTICO;;;Scontro frontale/laterale DX fra veicoli in marcia;Intersezione semaforizzata;Una carreggiata a doppio senso;Asciutto;Asfaltata;Verticale ed orizzontale;Sereno;Normale;Buona;Ore Diurne;1;0;0;3;12.5457;41.8396;-1;1;Autovettura privata;In marcia / fermata / arresto;Conducente;M;Illeso;0;;Non accertato;Inesploso
4232374;10;17/02/2019 12:05:00;Strada Urbana;VIA APPIA PIGNATELLI;all'intersezione semaforizzata con;VIA ERODE ATTICO;VIA ERODE ATTICO;;;Scontro frontale/laterale DX fra veicoli in marcia;Intersezione semaforizzata;Una carreggiata a doppio senso;Asciutto;Asfaltata;Verticale ed orizzontale;Sereno;Normale;Buona;Ore Diurne;1;0;0;3;12.5457;41.8396;-1;1;Autovettura privata;In marcia / fermata / arresto;Passeggero;F;Illeso;0;;Non accertato;Inesploso
4232374;10;17/02/2019 12:05:00;Strada Urbana;VIA APPIA PIGNATELLI;all'intersezione semaforizzata con;VIA ERODE ATTICO;VIA ERODE ATTICO;;;Scontro frontale/laterale DX fra veicoli in marcia;Intersezione semaforizzata;Una carreggiata a doppio senso;Asciutto;Asfaltata;Verticale ed orizzontale;Sereno;Normale;Buona;Ore Diurne;1;0;0;3;12.5457;41.8396;-1;1;Autovettura privata;In marcia / fermata / arresto;Passeggero;F;Illeso;0;;Non accertato;Inesploso
4232374;10;17/02/2019 12:05:00;Strada Urbana;VIA APPIA PIGNATELLI;all'intersezione semaforizzata con;VIA ERODE ATTICO;VIA ERODE ATTICO;;;Scontro frontale/laterale DX fra veicoli in marcia;Intersezione semaforizzata;Una carreggiata a doppio senso;Asciutto;Asfaltata;Verticale ed orizzontale;Sereno;Normale;Buona;Ore Diurne;1;0;0;3;12.5457;41.8396;-1;2;Motociclo a solo;In marcia / fermata / arresto;Conducente;M;Ricoverato;0;NON DECEDUTO;Non accertato;
4232392;15;17/02/2019 15:20:00;Strada Urbana;VIA DEGLI ADIMARI;all'intersezione con;VIA DEI BADOER;VIA DEI BADOER;;;Veicolo in marcia contro veicolo in sosta;Incrocio;Una carreggiata a senso unico di marcia;Asciutto;Asfaltata;Verticale;Sereno;Scarso;Buona;Ore Diurne;0;0;0;1;12.4243;41.8524;-1;1;Autovettura privata;In marcia / fermata / arresto;Conducente;M;Illeso;0;;Utilizzato;Inesploso
4232392;15;17/02/2019 15:20:00;Strada Urbana;VIA DEGLI ADIMARI;all'intersezione con;VIA DEI BADOER;VIA DEI BADOER;;;Veicolo in marcia contro veicolo in sosta;Incrocio;Una carreggiata a senso unico di marcia;Asciutto;Asfaltata;Verticale;Sereno;Scarso;Buona;Ore Diurne;0;0;0;1;12.4243;41.8524;-1;2;Autovettura privata;Sosta;;;;;;;
4232396;15;17/02/2019 10:40:00;Strada Urbana;VIA POGGIO VERDE;da specificare;;;;prossimità Via Maccagnani;Investimento di pedone;Rettilineo;Una carreggiata a senso unico di marcia;Asciutto;Asfaltata;Verticale ed orizzontale;Sereno;Scarso;Buona;Ore Diurne;1;0;0;1;12.4159;41.8534;-1;;;;Pedone;F;Ricoverato;0;NON DECEDUTO;;
4232396;15;17/02/2019 10:40:00;Strada Urbana;VIA POGGIO VERDE;da specificare;;;;prossimità Via Maccagnani;Investimento di pedone;Rettilineo;Una carreggiata a senso unico di marcia;Asciutto;Asfaltata;Verticale ed orizzontale;Sereno;Scarso;Buona;Ore Diurne;1;0;0;1;12.4159;41.8534;-1;1;Autovettura privata;In marcia / fermata / arresto;Conducente;M;Illeso;0;;Utilizzato;Inesploso
4232402;15;17/02/2019 12:30:00;Strada Urbana;VIA QUIRINO MAJORANA;in corrispondenza;;del civico n.;229;;Scontro frontale/laterale SX fra veicoli in marcia;Rettilineo;Due carreggiate;Asciutto;Asfaltata;Verticale ed orizzontale;Sereno;Normale;Buona;Ore Diurne;1;0;0;2;12.4611;41.8695;-1;1;Autovettura privata;In marcia / fermata / arresto;Conducente;F;Illeso;0;;Non accertato;Inesploso
4232402;15;17/02/2019 12:30:00;Strada Urbana;VIA QUIRINO MAJORANA;in corrispondenza;;del civico n.;229;;Scontro frontale/laterale SX fra veicoli in marcia;Rettilineo;Due carreggiate;Asciutto;Asfaltata;Verticale ed orizzontale;Sereno;Normale;Buona;Ore Diurne;1;0;0;2;12.4611;41.8695;-1;1;Autovettura privata;In marcia / fermata / arresto;Passeggero;F;Illeso;0;;Non accertato;Inesploso
4232402;15;17/02/2019 12:30:00;Strada Urbana;VIA QUIRINO MAJORANA;in corrispondenza;;del civico n.;229;;Scontro frontale/laterale SX fra veicoli in marcia;Rettilineo;Due carreggiate;Asciutto;Asfaltata;Verticale ed orizzontale;Sereno;Normale;Buona;Ore Diurne;1;0;0;2;12.4611;41.8695;-1;2;Autovettura privata;In marcia / fermata / arresto;Conducente;M;Rifiuta cure immediate;0;NON DECEDUTO;Non accertato;Inesploso
4232405;20;16/02/2019 17:00:00;Strada Urbana;VIA CASSIA NUOVA;all'intersezione semaforizzata con;VIA VILFREDO PARETO;VIA VILFREDO PARETO;;;Scontro frontale/laterale DX fra veicoli in marcia;Intersezione semaforizzata;Una carreggiata a doppio senso;Asciutto;Asfaltata;Verticale ed orizzontale;Sereno;Normale;Buona;Ore Diurne;2;0;0;2;12.4648;41.9537;-1;1;Autovettura privata;In marcia / fermata / arresto;Conducente;F;Illeso;0;;Non accertato;
4232405;20;16/02/2019 17:00:00;Strada Urbana;VIA CASSIA NUOVA;all'intersezione semaforizzata con;VIA VILFREDO PARETO;VIA VILFREDO PARETO;;;Scontro frontale/laterale DX fra veicoli in marcia;Intersezione semaforizzata;Una carreggiata a doppio senso;Asciutto;Asfaltata;Verticale ed orizzontale;Sereno;Normale;Buona;Ore Diurne;2;0;0;2;12.4648;41.9537;-1;1;Autovettura privata;In marcia / fermata / arresto;Passeggero;F;Illeso;0;;Non accertato;
4232405;20;16/02/2019 17:00:00;Strada Urbana;VIA CASSIA NUOVA;all'intersezione semaforizzata con;VIA VILFREDO PARETO;VIA VILFREDO PARETO;;;Scontro frontale/laterale DX fra veicoli in marcia;Intersezione semaforizzata;Una carreggiata a doppio senso;Asciutto;Asfaltata;Verticale ed orizzontale;Sereno;Normale;Buona;Ore Diurne;2;0;0;2;12.4648;41.9537;-1;2;Autovettura privata;In marcia / fermata / arresto;Conducente;F;Rimandato;0;NON DECEDUTO;Non accertato;
4232405;20;16/02/2019 17:00:00;Strada Urbana;VIA CASSIA NUOVA;all'intersezione semaforizzata con;VIA VILFREDO PARETO;VIA VILFREDO PARETO;;;Scontro frontale/laterale DX fra veicoli in marcia;Intersezione semaforizzata;Una carreggiata a doppio senso;Asciutto;Asfaltata;Verticale ed orizzontale;Sereno;Normale;Buona;Ore Diurne;2;0;0;2;12.4648;41.9537;-1;2;Autovettura privata;In marcia / fermata / arresto;Passeggero;F;Rimandato;0;NON DECEDUTO;Non accertato;
4232406;7;16/02/2019 17:15:00;Strada Urbana;PIAZZA CESARE DE CUPIS;all'intersezione con;VIA DI TOR SAPIENZA;VIA DI TOR SAPIENZA;;;Scontro laterale fra veicoli in marcia;Rotatoria;Una carreggiata a doppio senso;Asciutto;Asfaltata;Verticale ed orizzontale;Sereno;Intenso;Buona;Ore Diurne;0;0;0;3;12.5898;41.9042;-1;1;Autovettura privata;In marcia / fermata / arresto;Conducente;M;Illeso;0;;Non accertato;Inesploso
4232406;7;16/02/2019 17:15:00;Strada Urbana;PIAZZA CESARE DE CUPIS;all'intersezione con;VIA DI TOR SAPIENZA;VIA DI TOR SAPIENZA;;;Scontro laterale fra veicoli in marcia;Rotatoria;Una carreggiata a doppio senso;Asciutto;Asfaltata;Verticale ed orizzontale;Sereno;Intenso;Buona;Ore Diurne;0;0;0;3;12.5898;41.9042;-1;2;Autovettura privata;In marcia / fermata / arresto;Conducente;F;Illeso;0;;Non accertato;Inesploso
4232406;7;16/02/2019 17:15:00;Strada Urbana;PIAZZA CESARE DE CUPIS;all'intersezione con;VIA DI TOR SAPIENZA;VIA DI TOR SAPIENZA;;;Scontro laterale fra veicoli in marcia;Rotatoria;Una carreggiata a doppio senso;Asciutto;Asfaltata;Verticale ed orizzontale;Sereno;Intenso;Buona;Ore Diurne;0;0;0;3;12.5898;41.9042;-1;2;Autovettura privata;In marcia / fermata / arresto;Passeggero;F;Illeso;0;;Non accertato;Inesploso
4232414;15;17/02/2019 12:15:00;Strada Urbana;VIA PORTUENSE;all'intersezione con;VIA SENORBI;VIA SENORBI;;;Tamponamento;Incrocio;Una carreggiata a doppio senso;Asciutto;Asfaltata;Verticale ed orizzontale;Sereno;Scarso;Buona;Ore Diurne;0;0;0;2;12.414;41.8469;-1;1;Autobus urbano;In marcia / fermata / arresto;Conducente;M;Illeso;0;;Non accertato;Inesploso
4232414;15;17/02/2019 12:15:00;Strada Urbana;VIA PORTUENSE;all'intersezione con;VIA SENORBI;VIA SENORBI;;;Tamponamento;Incrocio;Una carreggiata a doppio senso;Asciutto;Asfaltata;Verticale ed orizzontale;Sereno;Scarso;Buona;Ore Diurne;0;0;0;2;12.414;41.8469;-1;2;Autocarro inferiore 35 q.;In marcia / fermata / arresto;Conducente;M;Illeso;0;;Non accertato;Inesploso
4232423;19;16/02/2019 12:20:00;Strada Urbana;VIA TRIONFALE;in corrispondenza;;del civico n.;10692;;Tamponamento Multiplo;Rettilineo;Una carreggiata a doppio senso;Asciutto;Asfaltata;Orizzontale;Sereno;Normale;Buona;Ore Diurne;0;0;0;5;12.4124;41.9551;-1;1;Autoveicolo trasp.promisc.;In marcia / fermata / arresto;Conducente;M;Illeso;0;;Non accertato;Inesploso
4232423;19;16/02/2019 12:20:00;Strada Urbana;VIA TRIONFALE;in corrispondenza;;del civico n.;10692;;Tamponamento Multiplo;Rettilineo;Una carreggiata a doppio senso;Asciutto;Asfaltata;Orizzontale;Sereno;Normale;Buona;Ore Diurne;0;0;0;5;12.4124;41.9551;-1;2;Autovettura privata;In marcia / fermata / arresto;Conducente;M;Illeso;0;;;
4232423;19;16/02/2019 12:20:00;Strada Urbana;VIA TRIONFALE;in corrispondenza;;del civico n.;10692;;Tamponamento Multiplo;Rettilineo;Una carreggiata a doppio senso;Asciutto;Asfaltata;Orizzontale;Sereno;Normale;Buona;Ore Diurne;0;0;0;5;12.4124;41.9551;-1;3;Autovettura privata;In marcia / fermata / arresto;Conducente;M;Illeso;0;;Non accertato;Inesploso
4232423;19;16/02/2019 12:20:00;Strada Urbana;VIA TRIONFALE;in corrispondenza;;del civico n.;10692;;Tamponamento Multiplo;Rettilineo;Una carreggiata a doppio senso;Asciutto;Asfaltata;Orizzontale;Sereno;Normale;Buona;Ore Diurne;0;0;0;5;12.4124;41.9551;-1;3;Autovettura privata;In marcia / fermata / arresto;Passeggero;F;Illeso;0;;;
4232423;19;16/02/2019 12:20:00;Strada Urbana;VIA TRIONFALE;in corrispondenza;;del civico n.;10692;;Tamponamento Multiplo;Rettilineo;Una carreggiata a doppio senso;Asciutto;Asfaltata;Orizzontale;Sereno;Normale;Buona;Ore Diurne;0;0;0;5;12.4124;41.9551;-1;3;Autovettura privata;In marcia / fermata / arresto;Passeggero;M;Illeso;0;;;
4232428;11;17/02/2019 01:00:00;Strada Urbana;VIA GIUSEPPE LIBETTA;all'intersezione con;VIA GIULIO ROCCO;VIA GIULIO ROCCO;;;Veicolo in marcia contro veicolo in sosta;Incrocio;Una carreggiata a senso unico di marcia;Asciutto;Asfaltata;Verticale ed orizzontale;Sereno;Scarso;Buona;Sufficiente;1;0;0;0;12.4807;41.8636;-1;1;Autovettura privata;Sosta;;;;;;;
4232428;11;17/02/2019 01:00:00;Strada Urbana;VIA GIUSEPPE LIBETTA;all'intersezione con;VIA GIULIO ROCCO;VIA GIULIO ROCCO;;;Veicolo in marcia contro veicolo in sosta;Incrocio;Una carreggiata a senso unico di marcia;Asciutto;Asfaltata;Verticale ed orizzontale;Sereno;Scarso;Buona;Sufficiente;1;0;0;0;12.4807;41.8636;-1;2;Motociclo a solo;In marcia / fermata / arresto;Conducente;M;Rimandato;0;NON DECEDUTO;Non accertato;
4232430;10;17/02/2019 14:10:00;Strada Urbana;VIALE TITO LABIENO;all'intersezione con;VIA CAIO ATEIO CAPITONE;VIA CAIO ATEIO CAPITONE;;;Scontro frontale/laterale SX fra veicoli in marcia;Incrocio;Due carreggiate;Asciutto;Asfaltata;Verticale ed orizzontale;Sereno;Normale;Buona;Ore Diurne;0;0;0;4;12.5631;41.85;-1;1;Autovettura privata;In marcia / fermata / arresto;Conducente;M;Illeso;0;;Non accertato;
4232430;10;17/02/2019 14:10:00;Strada Urbana;VIALE TITO LABIENO;all'intersezione con;VIA CAIO ATEIO CAPITONE;VIA CAIO ATEIO CAPITONE;;;Scontro frontale/laterale SX fra veicoli in marcia;Incrocio;Due carreggiate;Asciutto;Asfaltata;Verticale ed orizzontale;Sereno;Normale;Buona;Ore Diurne;0;0;0;4;12.5631;41.85;-1;1;Autovettura privata;In marcia / fermata / arresto;Passeggero;F;Illeso;0;;Utilizzato;Inesploso
4232430;10;17/02/2019 14:10:00;Strada Urbana;VIALE TITO LABIENO;all'intersezione con;VIA CAIO ATEIO CAPITONE;VIA CAIO ATEIO CAPITONE;;;Scontro frontale/laterale SX fra veicoli in marcia;Incrocio;Due carreggiate;Asciutto;Asfaltata;Verticale ed orizzontale;Sereno;Normale;Buona;Ore Diurne;0;0;0;4;12.5631;41.85;-1;2;Autovettura privata;In marcia / fermata / arresto;Conducente;M;Illeso;0;;Non accertato;Inesploso
4232430;10;17/02/2019 14:10:00;Strada Urbana;VIALE TITO LABIENO;all'intersezione con;VIA CAIO ATEIO CAPITONE;VIA CAIO ATEIO CAPITONE;;;Scontro frontale/laterale SX fra veicoli in marcia;Incrocio;Due carreggiate;Asciutto;Asfaltata;Verticale ed orizzontale;Sereno;Normale;Buona;Ore Diurne;0;0;0;4;12.5631;41.85;-1;2;Autovettura privata;In marcia / fermata / arresto;Passeggero;F;Illeso;0;;Non utilizzato;Inesploso
4232431;15;17/02/2019 19:30:00;Strada Urbana;VIA DEL PONTE DI MALNOME;da specificare;;;;prossimità Via Montel;Veicolo in marcia contro ostacolo accidentale;Rettilineo;Una carreggiata a doppio senso;Asciutto;Con buche;Assente;Sereno;Scarso;Insufficiente;Inesistente;0;0;0;2;12.3301;41.8452;-1;1;Autovettura privata;In marcia / fermata / arresto;Conducente;F;Illeso;0;;Utilizzato;Inesploso
4232431;15;17/02/2019 19:30:00;Strada Urbana;VIA DEL PONTE DI MALNOME;da specificare;;;;prossimità Via Montel;Veicolo in marcia contro ostacolo accidentale;Rettilineo;Una carreggiata a doppio senso;Asciutto;Con buche;Assente;Sereno;Scarso;Insufficiente;Inesistente;0;0;0;2;12.3301;41.8452;-1;1;Autovettura privata;In marcia / fermata / arresto;Passeggero;M;Illeso;0;;Utilizzato;Inesploso
4232432;11;17/02/2019 00:40:00;Strada Urbana;VIA CRISTOFORO COLOMBO;all'intersezione con;VIA ROSA GUARNIERI CARDUCCI;VIA ROSA GUARNIERI CARDUCCI;;;Tamponamento Multiplo;Incrocio;Più di due carreggiate;Asciutto;Asfaltata;Verticale ed orizzontale;Sereno;Normale;Buona;Sufficiente;2;0;0;3;12.4928;41.8561;-1;1;Autovettura privata;In marcia / fermata / arresto;Conducente;M;Illeso;0;;;
4232432;11;17/02/2019 00:40:00;Strada Urbana;VIA CRISTOFORO COLOMBO;all'intersezione con;VIA ROSA GUARNIERI CARDUCCI;VIA ROSA GUARNIERI CARDUCCI;;;Tamponamento Multiplo;Incrocio;Più di due carreggiate;Asciutto;Asfaltata;Verticale ed orizzontale;Sereno;Normale;Buona;Sufficiente;2;0;0;3;12.4928;41.8561;-1;1;Autovettura privata;In marcia / fermata / arresto;Passeggero;F;Illeso;0;;;
4232432;11;17/02/2019 00:40:00;Strada Urbana;VIA CRISTOFORO COLOMBO;all'intersezione con;VIA ROSA GUARNIERI CARDUCCI;VIA ROSA GUARNIERI CARDUCCI;;;Tamponamento Multiplo;Incrocio;Più di due carreggiate;Asciutto;Asfaltata;Verticale ed orizzontale;Sereno;Normale;Buona;Sufficiente;2;0;0;3;12.4928;41.8561;-1;2;Autovettura privata;In marcia / fermata / arresto;Conducente;M;Rimandato;0;NON DECEDUTO;;
4232432;11;17/02/2019 00:40:00;Strada Urbana;VIA CRISTOFORO COLOMBO;all'intersezione con;VIA ROSA GUARNIERI CARDUCCI;VIA ROSA GUARNIERI CARDUCCI;;;Tamponamento Multiplo;Incrocio;Più di due carreggiate;Asciutto;Asfaltata;Verticale ed orizzontale;Sereno;Normale;Buona;Sufficiente;2;0;0;3;12.4928;41.8561;-1;3;Autovettura privata;In marcia / fermata / arresto;Conducente;F;Rimandato;0;NON DECEDUTO;Non accertato;
4232432;11;17/02/2019 00:40:00;Strada Urbana;VIA CRISTOFORO COLOMBO;all'intersezione con;VIA ROSA GUARNIERI CARDUCCI;VIA ROSA GUARNIERI CARDUCCI;;;Tamponamento Multiplo;Incrocio;Più di due carreggiate;Asciutto;Asfaltata;Verticale ed orizzontale;Sereno;Normale;Buona;Sufficiente;2;0;0;3;12.4928;41.8561;-1;4;Autovettura privata;In marcia / fermata / arresto;Conducente;F;Illeso;0;;;
4232435;7;16/02/2019 11:15:00;Strada Urbana;VIALE PALMIRO TOGLIATTI;all'intersezione con;VIALE DEI ROMANISTI;VIALE DEI ROMANISTI;;;Scontro frontale/laterale SX fra veicoli in marcia;Intersezione semaforizzata;Due carreggiate;Asciutto;Asfaltata;Verticale ed orizzontale;Sereno;Normale;Buona;Ore Diurne;0;0;0;5;12.5733;41.8872;-1;1;Autovettura privata;In marcia / fermata / arresto;Conducente;M;Illeso;0;;Non accertato;Inesploso
4232435;7;16/02/2019 11:15:00;Strada Urbana;VIALE PALMIRO TOGLIATTI;all'intersezione con;VIALE DEI ROMANISTI;VIALE DEI ROMANISTI;;;Scontro frontale/laterale SX fra veicoli in marcia;Intersezione semaforizzata;Due carreggiate;Asciutto;Asfaltata;Verticale ed orizzontale;Sereno;Normale;Buona;Ore Diurne;0;0;0;5;12.5733;41.8872;-1;2;Autovettura privata;In marcia / fermata / arresto;Conducente;M;Illeso;0;;Non accertato;Esploso