Protocollo;Gruppo;DataOraIncidente;Localizzazione1;STRADA1;Localizzazione2;STRADA2;Strada02;Chilometrica;DaSpecificare;NaturaIncidente;particolaritastrade;TipoStrada;FondoStradale;Pavimentazione;Segnaletica;CondizioneAtmosferica;Traffico;Visibilita;Illuminazione;NUM_FERITI;NUM_RISERVATA;NUM_MORTI;NUM_ILLESI;Longitudine;Latitudine;Confermato;Progressivo;TipoVeicolo;StatoVeicolo;TipoPersona;Sesso;Tipolesione;Deceduto;DecedutoDopo;CinturaCascoUtilizzato;Airbag;
4234586;6;19/02/2019 07:25:00;Strada Urbana;VIA TOR DE' SCHIAVI;in corrispondenza;;del civico n.;315;;Veicolo in marcia contro veicolo arresto;Rettilineo;Due carreggiate;Asciutto;Asfaltata;Orizzontale;Nuvoloso;Normale;Buona;Ore Diurne;1;0;0;1;12.56;41.8919;-1;2;Motociclo a solo;In marcia / fermata / arresto;Conducente;M;Rimandato;0;NON DECEDUTO;;
4234587;2;19/02/2019 00:10:00;Strada Urbana;VIALE LIBIA;all'intersezione con;PIAZZA GIMMA;PIAZZA GIMMA;;;Tamponamento;Intersezione stradale segnalata;Due carreggiate;Asciutto;Asfaltata;Verticale ed orizzontale;Sereno;Scarso;Buona;Sufficiente;0;0;0;2;12.5185;41.9312;-1;1;Autovettura privata;In marcia / fermata / arresto;Conducente;M;Illeso;0;;Non accertato;Inesploso
4234587;2;19/02/2019 00:10:00;Strada Urbana;VIALE LIBIA;all'intersezione con;PIAZZA GIMMA;PIAZZA GIMMA;;;Tamponamento;Intersezione stradale segnalata;Due carreggiate;Asciutto;Asfaltata;Verticale ed orizzontale;Sereno;Scarso;Buona;Sufficiente;0;0;0;2;12.5185;41.9312;-1;2;Autovettura privata;In marcia / fermata / arresto;Conducente;M;Illeso;0;;Non accertato;Inesploso
4234607;10;19/02/2019 07:30:00;Strada Urbana;VIA MASO FINIGUERRA;all'intersezione con;VIA GABRIELE NAPODANO;VIA GABRIELE NAPODANO;;;Scontro frontale/laterale DX fra veicoli in marcia;Intersezione stradale segnalata;Una carreggiata a doppio senso;Asciutto;Asfaltata;Verticale ed orizzontale;Nuvoloso;Normale;Buona;Ore Diurne;0;0;0;6;12.6052;41.8392;-1;1;Autovettura privata;In marcia / fermata / arresto;Conducente;F;Illeso;0;;Non accertato;Esploso
4234607;10;19/02/2019 07:30:00;Strada Urbana;VIA MASO FINIGUERRA;all'intersezione con;VIA GABRIELE NAPODANO;VIA GABRIELE NAPODANO;;;Scontro frontale/laterale DX fra veicoli in marcia;Intersezione stradale segnalata;Una carreggiata a doppio senso;Asciutto;Asfaltata;Verticale ed orizzontale;Nuvoloso;Normale;Buona;Ore Diurne;0;0;0;6;12.6052;41.8392;-1;1;Autovettura privata;In marcia / fermata / arresto;Passeggero;M;Illeso;0;;Non utilizzato;Inesploso
4234607;10;19/02/2019 07:30:00;Strada Urbana;VIA MASO FINIGUERRA;all'intersezione con;VIA GABRIELE NAPODANO;VIA GABRIELE NAPODANO;;;Scontro frontale/laterale DX fra veicoli in marcia;Intersezione stradale segnalata;Una carreggiata a doppio senso;Asciutto;Asfaltata;Verticale ed orizzontale;Nuvoloso;Normale;Buona;Ore Diurne;0;0;0;6;12.6052;41.8392;-1;1;Autovettura privata;In marcia / fermata / arresto;Passeggero;F;Illeso;0;;Non utilizzato;Inesploso
4234607;10;19/02/2019 07:30:00;Strada Urbana;VIA MASO FINIGUERRA;all'intersezione con;VIA GABRIELE NAPODANO;VIA GABRIELE NAPODANO;;;Scontro frontale/laterale DX fra veicoli in marcia;Intersezione stradale segnalata;Una carreggiata a doppio senso;Asciutto;Asfaltata;Verticale ed orizzontale;Nuvoloso;Normale;Buona;Ore Diurne;0;0;0;6;12.6052;41.8392;-1;2;Autovettura privata;In marcia / fermata / arresto;Conducente;M;Illeso;0;;Non accertato;Inesploso
4234607;10;19/02/2019 07:30:00;Strada Urbana;VIA MASO FINIGUERRA;all'intersezione con;VIA GABRIELE NAPODANO;VIA GABRIELE NAPODANO;;;Scontro frontale/laterale DX fra veicoli in marcia;Intersezione stradale segnalata;Una carreggiata a doppio senso;Asciutto;Asfaltata;Verticale ed orizzontale;Nuvoloso;Normale;Buona;Ore Diurne;0;0;0;6;12.6052;41.8392;-1;2;Autovettura privata;In marcia / fermata / arresto;Passeggero;M;Illeso;0;;Non accertato;Inesploso
4234607;10;19/02/2019 07:30:00;Strada Urbana;VIA MASO FINIGUERRA;all'intersezione con;VIA GABRIELE NAPODANO;VIA GABRIELE NAPODANO;;;Scontro frontale/laterale DX fra veicoli in marcia;Intersezione stradale segnalata;Una carreggiata a doppio senso;Asciutto;Asfaltata;Verticale ed orizzontale;Nuvoloso;Normale;Buona;Ore Diurne;0;0;0;6;12.6052;41.8392;-1;2;Autovettura privata;In marcia / fermata / arresto;Passeggero;F;Illeso;0;;Non accertato;Inesploso
4234620;12;18/02/2019 21:30:00;Statale;VIA PONTINA;da specificare;;;;km 22 (dir. Pomezia);Scontro laterale fra veicoli in marcia;Rettilineo;Due carreggiate;Asciutto;Asfaltata;Verticale ed orizzontale;Sereno;Normale;Sufficiente;Insufficiente;1;0;0;2;12.4676;41.702;-1;1;Autovettura privata;In marcia / fermata / arresto;Conducente;M;Illeso;0;;;
4234620;12;18/02/2019 21:30:00;Statale;VIA PONTINA;da specificare;;;;km 22 (dir. Pomezia);Scontro laterale fra veicoli in marcia;Rettilineo;Due carreggiate;Asciutto;Asfaltata;Verticale ed orizzontale;Sereno;Normale;Sufficiente;Insufficiente;1;0;0;2;12.4676;41.702;-1;1;Autovettura privata;In marcia / fermata / arresto;Passeggero;M;Rimandato;0;NON DECEDUTO;;
4234620;12;18/02/2019 21:30:00;Statale;VIA PONTINA;da specificare;;;;km 22 (dir. Pomezia);Scontro laterale fra veicoli in marcia;Rettilineo;Due carreggiate;Asciutto;Asfaltata;Verticale ed orizzontale;Sereno;Normale;Sufficiente;Insufficiente;1;0;0;2;12.4676;41.702;-1;2;Autovettura privata;In marcia / fermata / arresto;Conducente;M;Illeso;0;;;
4234629;12;18/02/2019 17:50:00;Strada Urbana;VIALE EGEO;da specificare;;;;alt. civ.95;Scontro frontale/laterale SX fra veicoli in marcia;Rettilineo;Una carreggiata a doppio senso;Asciutto;Asfaltata;Verticale ed orizzontale;Sereno;Normale;Buona;Ore Diurne;1;0;0;0;12.4556;41.83;-1;1;Motociclo a solo;In marcia / fermata / arresto;Conducente;M;Ricoverato;0;NON DECEDUTO;;
4234661;1;19/02/2019 08:50:00;Strada Urbana;VIA CAVOUR;all'intersezione con;VIA RUINAGLIA;VIA RUINAGLIA;;;Veicolo in marcia contro veicolo fermo;Intersezione stradale segnalata;Una carreggiata a doppio senso;Asciutto;Asfaltata;Verticale ed orizzontale;Nuvoloso;Normale;Buona;Ore Diurne;0;0;0;2;12.4952;41.8966;-1;1;Autocarro inferiore 35 q.;In marcia / fermata / arresto;Conducente;M;Illeso;0;;Non accertato;Inesploso
4234661;1;19/02/2019 08:50:00;Strada Urbana;VIA CAVOUR;all'intersezione con;VIA RUINAGLIA;VIA RUINAGLIA;;;Veicolo in marcia contro veicolo fermo;Intersezione stradale segnalata;Una carreggiata a doppio senso;Asciutto;Asfaltata;Verticale ed orizzontale;Nuvoloso;Normale;Buona;Ore Diurne;0;0;0;2;12.4952;41.8966;-1;2;Autovettura privata;In marcia / fermata / arresto;Conducente;F;Illeso;0;;Non accertato;Inesploso
4234720;19;19/02/2019 08:30:00;Strada Urbana;VIA TRIONFALE;all'intersezione con;VIA ARISTIDE GABELLI;VIA ARISTIDE GABELLI;;;Scontro frontale/laterale DX fra veicoli in marcia;Intersezione semaforizzata;Una carreggiata a doppio senso;Asciutto;Asfaltata;Verticale ed orizzontale;Nuvoloso;Normale;Buona;Ore Diurne;0;0;0;4;12.4295;41.9476;-1;1;Autovettura privata;In marcia / fermata / arresto;Conducente;M;Illeso;0;;;
4234720;19;19/02/2019 08:30:00;Strada Urbana;VIA TRIONFALE;all'intersezione con;VIA ARISTIDE GABELLI;VIA ARISTIDE GABELLI;;;Scontro frontale/laterale DX fra veicoli in marcia;Intersezione semaforizzata;Una carreggiata a doppio senso;Asciutto;Asfaltata;Verticale ed orizzontale;Nuvoloso;Normale;Buona;Ore Diurne;0;0;0;4;12.4295;41.9476;-1;2;Autovettura privata;In marcia / fermata / arresto;Conducente;M;Illeso;0;;;
4234720;19;19/02/2019 08:30:00;Strada Urbana;VIA TRIONFALE;all'intersezione con;VIA ARISTIDE GABELLI;VIA ARISTIDE GABELLI;;;Scontro frontale/laterale DX fra veicoli in marcia;Intersezione semaforizzata;Una carreggiata a doppio senso;Asciutto;Asfaltata;Verticale ed orizzontale;Nuvoloso;Normale;Buona;Ore Diurne;0;0;0;4;12.4295;41.9476;-1;2;Autovettura privata;In marcia / fermata / arresto;Passeggero;M;Illeso;0;;;
4234720;19;19/02/2019 08:30:00;Strada Urbana;VIA TRIONFALE;all'intersezione con;VIA ARISTIDE GABELLI;VIA ARISTIDE GABELLI;;;Scontro frontale/laterale DX fra veicoli in marcia;Intersezione semaforizzata;Una carreggiata a doppio senso;Asciutto;Asfaltata;Verticale ed orizzontale;Nuvoloso;Normale;Buona;Ore Diurne;0;0;0;4;12.4295;41.9476;-1;2;Autovettura privata;In marcia / fermata / arresto;Passeggero;M;Illeso;0;;;
4234722;2;18/02/2019 09:30:00;Strada Urbana;CIRCONVALLAZIONE SALARIA;da specificare;;;;svincolo uscita Via Salaria dir. stadio Olimpico;Veicoli in marcia contro veicolo fermo;Rettilineo;Una carreggiata a senso unico di marcia;Asciutto;Asfaltata;Verticale ed orizzontale;Nuvoloso;Intenso;Buona;Ore Diurne;0;0;0;4;12.5114;41.9384;-1;1;Autovettura privata;In marcia / fermata / arresto;Conducente;M;Illeso;0;;;
4234722;2;18/02/2019 09:30:00;Strada Urbana;CIRCONVALLAZIONE SALARIA;da specificare;;;;svincolo uscita Via Salaria dir. stadio Olimpico;Veicoli in marcia contro veicolo fermo;Rettilineo;Una carreggiata a senso unico di marcia;Asciutto;Asfaltata;Verticale ed orizzontale;Nuvoloso;Intenso;Buona;Ore Diurne;0;0;0;4;12.5114;41.9384;-1;2;Autovettura privata;In marcia / fermata / arresto;Conducente;M;Illeso;0;;;
4234722;2;18/02/2019 09:30:00;Strada Urbana;CIRCONVALLAZIONE SALARIA;da specificare;;;;svincolo uscita Via Salaria dir. stadio Olimpico;Veicoli in marcia contro veicolo fermo;Rettilineo;Una carreggiata a senso unico di marcia;Asciutto;Asfaltata;Verticale ed orizzontale;Nuvoloso;Intenso;Buona;Ore Diurne;0;0;0;4;12.5114;41.9384;-1;3;Autovettura pubblica;In marcia / fermata / arresto;Conducente;M;Illeso;0;;;
4234722;2;18/02/2019 09:30:00;Strada Urbana;CIRCONVALLAZIONE SALARIA;da specificare;;;;svincolo uscita Via Salaria dir. stadio Olimpico;Veicoli in marcia contro veicolo fermo;Rettilineo;Una carreggiata a senso unico di marcia;Asciutto;Asfaltata;Verticale ed orizzontale;Nuvoloso;Intenso;Buona;Ore Diurne;0;0;0;4;12.5114;41.9384;-1;3;Autovettura pubblica;In marcia / fermata / arresto;Passeggero;M;Illeso;0;;;
4234723;3;18/02/2019 13:10:00;Strada Urbana;VIA NOMENTANA;da specificare;;;;fronte civico 101;Investimento di pedone;Rettilineo;Più di due carreggiate;Asciutto;Asfaltata;Verticale ed orizzontale;Nuvoloso;Normale;Buona;Ore Diurne;1;0;0;1;12.5041;41.9115;-1;;;;Pedone;F;Ricoverato;0;NON DECEDUTO;;
4234723;3;18/02/2019 13:10:00;Strada Urbana;VIA NOMENTANA;da specificare;;;;fronte civico 101;Investimento di pedone;Rettilineo;Più di due carreggiate;Asciutto;Asfaltata;Verticale ed orizzontale;Nuvoloso;Normale;Buona;Ore Diurne;1;0;0;1;12.5041;41.9115;-1;1;Autovettura privata;In marcia / fermata / arresto;Conducente;M;Illeso;0;;Non accertato;Inesploso
4234759;23;18/02/2019 22:30:00;Strada Urbana;LUNGOTEVERE DEGLI ANGUILLARA;in prossimità;;del civico n.;9;;Tamponamento;Rettilineo;Una carreggiata a senso unico di marcia;Asciutto;Asfaltata;Assente;Sereno;Normale;Buona;Sufficiente;2;0;0;1;12.4755;41.89;-1;1;Autovettura privata;In marcia / fermata / arresto;Conducente;M;Illeso;0;;Non accertato;Inesploso
4234759;23;18/02/2019 22:30:00;Strada Urbana;LUNGOTEVERE DEGLI ANGUILLARA;in prossimità;;del civico n.;9;;Tamponamento;Rettilineo;Una carreggiata a senso unico di marcia;Asciutto;Asfaltata;Assente;Sereno;Normale;Buona;Sufficiente;2;0;0;1;12.4755;41.89;-1;2;Motociclo con passeggero;In marcia / fermata / arresto;Conducente;M;Rimandato;0;NON DECEDUTO;Non accertato;
4234759;23;18/02/2019 22:30:00;Strada Urbana;LUNGOTEVERE DEGLI ANGUILLARA;in prossimità;;del civico n.;9;;Tamponamento;Rettilineo;Una carreggiata a senso unico di marcia;Asciutto;Asfaltata;Assente;Sereno;Normale;Buona;Sufficiente;2;0;0;1;12.4755;41.89;-1;2;Motociclo con passeggero;In marcia / fermata / arresto;Passeggero;M;Rimandato;0;NON DECEDUTO;Non accertato;
4234781;3;18/02/2019 20:00:00;Strada Urbana;VIA RODOLFO LANCIANI;in prossimità;;del civico n.;58;;Investimento di pedone;Rettilineo;Due carreggiate;Asciutto;Asfaltata;Assente;Sereno;Scarso;Sufficiente;Sufficiente;1;0;0;1;12.5241;41.9211;-1;;;;Pedone;F;Ricoverato;0;NON DECEDUTO;;
4234781;3;18/02/2019 20:00:00;Strada Urbana;VIA RODOLFO LANCIANI;in prossimità;;del civico n.;58;;Investimento di pedone;Rettilineo;Due carreggiate;Asciutto;Asfaltata;Assente;Sereno;Scarso;Sufficiente;Sufficiente;1;0;0;1;12.5241;41.9211;-1;1;Autovettura privata;In marcia / fermata / arresto;Conducente;M;Illeso;0;;;
4234796;17;18/02/2019 20:30:00;Strada Urbana;VIA LEONE IV;all'intersezione semaforizzata con;VIALE VATICANO;VIALE VATICANO;;;Veicolo in marcia contro ostacolo fisso;Intersezione semaforizzata;Una carreggiata a doppio senso;Asciutto;Asfaltata;Verticale ed orizzontale;Sereno;Normale;Sufficiente;Sufficiente;0;0;0;2;12.4553;41.9087;-1;1;Autovettura privata;In marcia / fermata / arresto;Conducente;M;Illeso;0;;;
4234796;17;18/02/2019 20:30:00;Strada Urbana;VIA LEONE IV;all'intersezione semaforizzata con;VIALE VATICANO;VIALE VATICANO;;;Veicolo in marcia contro ostacolo fisso;Intersezione semaforizzata;Una carreggiata a doppio senso;Asciutto;Asfaltata;Verticale ed orizzontale;Sereno;Normale;Sufficiente;Sufficiente;0;0;0;2;12.4553;41.9087;-1;1;Autovettura privata;In marcia / fermata / arresto;Passeggero;F;Illeso;0;;;
4234837;17;18/02/2019 19:40:00;Strada Urbana;VIA IGEA;in prossimità;;del civico n.;23;;Investimento di pedone;Rettilineo;Una carreggiata a doppio senso;Asciutto;Asfaltata;Verticale ed orizzontale;Sereno;Normale;Buona;Sufficiente;1;0;0;1;12.4413;41.9346;-1;;;;Pedone;F;Rimandato;0;NON DECEDUTO;;
4234837;17;18/02/2019 19:40:00;Strada Urbana;VIA IGEA;in prossimità;;del civico n.;23;;Investimento di pedone;Rettilineo;Una carreggiata a doppio senso;Asciutto;Asfaltata;Verticale ed orizzontale;Sereno;Normale;Buona;Sufficiente;1;0;0;1;12.4413;41.9346;-1;1;Autovettura privata;In marcia / fermata / arresto;Conducente;M;Illeso;0;;;
4234896;19;19/02/2019 11:10:00;Strada Urbana;VIA CESARE LOMBROSO;da specificare;;;;altezza Via Vinci;Scontro frontale fra veicoli in marcia;Curva a visuale libera;Una carreggiata a senso unico di marcia;Asciutto;Asfaltata;Verticale ed orizzontale;Nuvoloso;Scarso;Buona;Ore Diurne;0;0;0;2;12.4164;41.9341;-1;1;Motociclo a solo;In marcia / fermata / arresto;Conducente;M;Illeso;0;;;
4234896;19;19/02/2019 11:10:00;Strada Urbana;VIA CESARE LOMBROSO;da specificare;;;;altezza Via Vinci;Scontro frontale fra veicoli in marcia;Curva a visuale libera;Una carreggiata a senso unico di marcia;Asciutto;Asfaltata;Verticale ed orizzontale;Nuvoloso;Scarso;Buona;Ore Diurne;0;0;0;2;12.4164;41.9341;-1;2;Autovettura privata;In marcia / fermata / arresto;Conducente;M;Illeso;0;;;
4234939;13;19/02/2019 10:35:00;Strada Urbana;VIA DI SAPONARA;da specificare;;;;prox. civ. 242;Scontro frontale/laterale SX fra veicoli in marcia;Rettilineo;Una carreggiata a doppio senso;Asciutto;Asfaltata;Verticale ed orizzontale;Sereno;Intenso;Buona;Ore Diurne;1;0;0;1;12.3452;41.7741;-1;1;Ciclomotore;In marcia / fermata / arresto;Conducente;M;Rimandato;0;NON DECEDUTO;Non accertato;
4234939;13;19/02/2019 10:35:00;Strada Urbana;VIA DI SAPONARA;da specificare;;;;prox. civ. 242;Scontro frontale/laterale SX fra veicoli in marcia;Rettilineo;Una carreggiata a doppio senso;Asciutto;Asfaltata;Verticale ed orizzontale;Sereno;Intenso;Buona;Ore Diurne;1;0;0;1;12.3452;41.7741;-1;2;Autovettura privata;In marcia / fermata / arresto;Conducente;F;Illeso;0;;Non accertato;Inesploso
4235028;2;19/02/2019 13:15:00;Strada Urbana;VIA DI S. COSTANZA;all'intersezione semaforizzata con;VIA TARVISIO;VIA TARVISIO;;;Scontro frontale/laterale SX fra veicoli in marcia;Intersezione semaforizzata;Una carreggiata a doppio senso;Asciutto;In cubetti di porfido;Orizzontale;Nuvoloso;Normale;Buona;Ore Diurne;1;0;0;2;12.5142;41.9226;-1;1;Autovettura privata;In marcia / fermata / arresto;Conducente;M;Illeso;0;;Non accertato;
4235028;2;19/02/2019 13:15:00;Strada Urbana;VIA DI S. COSTANZA;all'intersezione semaforizzata con;VIA TARVISIO;VIA TARVISIO;;;Scontro frontale/laterale SX fra veicoli in marcia;Intersezione semaforizzata;Una carreggiata a doppio senso;Asciutto;In cubetti di porfido;Orizzontale;Nuvoloso;Normale;Buona;Ore Diurne;1;0;0;2;12.5142;41.9226;-1;2;Autovettura privata;In marcia / fermata / arresto;Conducente;F;Rimandato;0;NON DECEDUTO;Esente;Inesploso
4235028;2;19/02/2019 13:15:00;Strada Urbana;VIA DI S. COSTANZA;all'intersezione semaforizzata con;VIA TARVISIO;VIA TARVISIO;;;Scontro frontale/laterale SX fra veicoli in marcia;Intersezione semaforizzata;Una carreggiata a doppio senso;Asciutto;In cubetti di porfido;Orizzontale;Nuvoloso;Normale;Buona;Ore Diurne;1;0;0;2;12.5142;41.9226;-1;2;Autovettura privata;In marcia / fermata / arresto;Passeggero;F;Illeso;0;;;Inesploso
4235064;16;02/02/2019 11:20:00;Strada Urbana;VIA IVO PANNAGGI;in prossimità;;del civico n.;24;;Veicolo in marcia contro ostacolo accidentale;Rettilineo;Una carreggiata a doppio senso;Bagnato (pioggia);Asfaltata;Verticale ed orizzontale;Pioggia in atto;Normale;Sufficiente;Ore Diurne;0;0;0;1;12.4079;41.8708;-1;1;Autovettura privata;In marcia / fermata / arresto;Conducente;F;Illeso;0;;Non accertato;
4235087;17;19/02/2019 11:00:00;Strada Urbana;PIAZZA COLA DI RIENZO;all'intersezione con;VIA EZIO;VIA EZIO;;;Infortunio per sola frenata improvvisa;Incrocio;Una carreggiata a doppio senso;Asciutto;Asfaltata;Verticale ed orizzontale;Nuvoloso;Normale;Buona;Ore Diurne;1;0;0;1;12.4667;41.9084;-1;1;Autovettura privata;In marcia / fermata / arresto;Conducente;F;Illeso;0;;;
4235087;17;19/02/2019 11:00:00;Strada Urbana;PIAZZA COLA DI RIENZO;all'intersezione con;VIA EZIO;VIA EZIO;;;Infortunio per sola frenata improvvisa;Incrocio;Una carreggiata a doppio senso;Asciutto;Asfaltata;Verticale ed orizzontale;Nuvoloso;Normale;Buona;Ore Diurne;1;0;0;1;12.4667;41.9084;-1;2;Motociclo a solo;In marcia / fermata / arresto;Conducente;M;Rimandato;0;NON DECEDUTO;;
4235162;12;18/02/2019 11:00:00;Strada Urbana;VIA DI TRIGORIA;da specificare;;;;PROSS. CIV 301 DIR. LAURENTINA;Fuoriuscita dalla sede stradale;Rettilineo;Una carreggiata a doppio senso;Asciutto;Asfaltata;Assente;Nuvoloso;Normale;Buona;Ore Diurne;0;0;0;1;12.4777;41.7649;-1;1;Autocarro inferiore 35 q.;In marcia / fermata / arresto;Conducente;M;Illeso;0;;Utilizzato;Inesploso
4235238;2;19/02/2019 15:00:00;Strada Urbana;VIA PINCIANA;in corrispondenza;;del civico n.;33;;Veicolo in marcia contro veicolo arresto;Rettilineo;Una carreggiata a doppio senso;Asciutto;Asfaltata;Orizzontale;Nuvoloso;Normale;Sufficiente;Ore Diurne;0;0;0;1;12.4928;41.9126;-1;1;Motociclo a solo;In marcia / fermata / arresto;Conducente;M;Illeso;0;;Non accertato;
4235238;2;19/02/2019 15:00:00;Strada Urbana;VIA PINCIANA;in corrispondenza;;del civico n.;33;;Veicolo in marcia contro veicolo arresto;Rettilineo;Una carreggiata a doppio senso;Asciutto;Asfaltata;Orizzontale;Nuvoloso;Normale;Sufficiente;Ore Diurne;0;0;0;1;12.4928;41.9126;-1;2;Quadriciclo;Allontanatosi;;;;;;;
4235291;3;19/02/2019 09:25:00;Strada Urbana;CIRCONVALLAZIONE NOMENTANA;in prossimità;;del civico n.;300;;Scontro laterale fra veicoli in marcia;Rettilineo;Più di due carreggiate;Asciutto;Asfaltata;Verticale ed orizzontale;Nuvoloso;Normale;Buona;Ore Diurne;1;0;0;2;12.5269;41.9187;-1;1;Autovettura privata;In marcia / fermata / arresto;Conducente;M;Illeso;0;;;
4235291;3;19/02/2019 09:25:00;Strada Urbana;CIRCONVALLAZIONE NOMENTANA;in prossimità;;del civico n.;300;;Scontro laterale fra veicoli in marcia;Rettilineo;Più di due carreggiate;Asciutto;Asfaltata;Verticale ed orizzontale;Nuvoloso;Normale;Buona;Ore Diurne;1;0;0;2;12.5269;41.9187;-1;1;Autovettura privata;In marcia / fermata / arresto;Passeggero;F;Illeso;0;;;
4235291;3;19/02/2019 09:25:00;Strada Urbana;CIRCONVALLAZIONE NOMENTANA;in prossimità;;del civico n.;300;;Scontro laterale fra veicoli in marcia;Rettilineo;Più di due carreggiate;Asciutto;Asfaltata;Verticale ed orizzontale;Nuvoloso;Normale;Buona;Ore Diurne;1;0;0;2;12.5269;41.9187;-1;2;Motociclo a solo;In marcia / fermata / arresto;Conducente;M;Ricoverato;0;NON DECEDUTO;;
4235326;12;18/02/2019 09:00:00;Strada Urbana;VIALE OCEANO ATLANTICO ;da specificare;;;;DIREZIONE VITAFINZI;Investimento di pedone;Rettilineo;Due carreggiate;Asciutto;Asfaltata;Verticale ed orizzontale;Nuvoloso;Normale;Buona;Ore Diurne;1;0;0;1;12.4716;41.8202;-1;;;;Pedone;F;Rimandato;0;NON DECEDUTO;;
4235326;12;18/02/2019 09:00:00;Strada Urbana;VIALE OCEANO ATLANTICO ;da specificare;;;;DIREZIONE VITAFINZI;Investimento di pedone;Rettilineo;Due carreggiate;Asciutto;Asfaltata;Verticale ed orizzontale;Nuvoloso;Normale;Buona;Ore Diurne;1;0;0;1;12.4716;41.8202;-1;1;Motociclo a solo;In marcia / fermata / arresto;Conducente;M;Illeso;0;;Utilizzato;
4235335;16;18/02/2019 20:15:00;Strada Urbana;VIA OTTAVIO GASPARRI;in prossimità;;del civico n.;26;;Scontro laterale fra veicoli in marcia;Rettilineo;Due carreggiate;Asciutto;Asfaltata;Assente;Sereno;Normale;Sufficiente;Sufficiente;1;0;0;1;12.4423;41.8783;-1;1;Autovettura privata;In marcia / fermata / arresto;Conducente;M;Illeso;0;;Non accertato;
4235335;16;18/02/2019 20:15:00;Strada Urbana;VIA OTTAVIO GASPARRI;in prossimità;;del civico n.;26;;Scontro laterale fra veicoli in marcia;Rettilineo;Due carreggiate;Asciutto;Asfaltata;Assente;Sereno;Normale;Sufficiente;Sufficiente;1;0;0;1;12.4423;41.8783;-1;2;Motociclo a solo;In marcia / fermata / arresto;Conducente;M;Ricoverato;0;NON DECEDUTO;Non accertato;
4235340;2;19/02/2019 16:00:00;Strada Urbana;VIALE SOMALIA;in corrispondenza;;del civico n.;127;;Scontro laterale fra veicoli in marcia;Rettilineo;Una carreggiata a doppio senso;Asciutto;Asfaltata;Orizzontale;Nuvoloso;Normale;Sufficiente;Ore Diurne;0;0;0;3;12.5168;41.9357;-1;1;Autovettura privata;In marcia / fermata / arresto;Conducente;F;Illeso;0;;Non accertato;Inesploso
4235340;2;19/02/2019 16:00:00;Strada Urbana;VIALE SOMALIA;in corrispondenza;;del civico n.;127;;Scontro laterale fra veicoli in marcia;Rettilineo;Una carreggiata a doppio senso;Asciutto;Asfaltata;Orizzontale;Nuvoloso;Normale;Sufficiente;Ore Diurne;0;0;0;3;12.5168;41.9357;-1;1;Autovettura privata;In marcia / fermata / arresto;Passeggero;F;Illeso;0;;Non accertato;Inesploso
4235340;2;19/02/2019 16:00:00;Strada Urbana;VIALE SOMALIA;in corrispondenza;;del civico n.;127;;Scontro laterale fra veicoli in marcia;Rettilineo;Una carreggiata a doppio senso;Asciutto;Asfaltata;Orizzontale;Nuvoloso;Normale;Sufficiente;Ore Diurne;0;0;0;3;12.5168;41.9357;-1;2;Autovettura privata;In marcia / fermata / arresto;Conducente;M;Illeso;0;;Non accertato;Inesploso
4235418;9;19/02/2019 13:15:00;Strada Urbana;VIA CAMERIA;in prossimità;;del civico n.;3;;Veicolo in marcia contro ostacolo accidentale;Rettilineo;Una carreggiata a senso unico di marcia;Asciutto;Asfaltata;Orizzontale;Sereno;Normale;Buona;Ore Diurne;1;0;0;4;12.5034;41.8754;-1;1;Autovettura privata;In marcia / fermata / arresto;Conducente;M;Illeso;0;;Utilizzato;Inesploso
4235418;9;19/02/2019 13:15:00;Strada Urbana;VIA CAMERIA;in prossimità;;del civico n.;3;;Veicolo in marcia contro ostacolo accidentale;Rettilineo;Una carreggiata a senso unico di marcia;Asciutto;Asfaltata;Orizzontale;Sereno;Normale;Buona;Ore Diurne;1;0;0;4;12.5034;41.8754;-1;1;Autovettura privata;In marcia / fermata / arresto;Passeggero;M;Illeso;0;;Utilizzato;Inesploso
4235418;9;19/02/2019 13:15:00;Strada Urbana;VIA CAMERIA;in prossimità;;del civico n.;3;;Veicolo in marcia contro ostacolo accidentale;Rettilineo;Una carreggiata a senso unico di marcia;Asciutto;Asfaltata;Orizzontale;Sereno;Normale;Buona;Ore Diurne;1;0;0;4;12.5034;41.8754;-1;2;Autovettura privata;In marcia / fermata / arresto;Conducente;M;Illeso;0;;Utilizzato;Inesploso
4235418;9;19/02/2019 13:15:00;Strada Urbana;VIA CAMERIA;in prossimità;;del civico n.;3;;Veicolo in marcia contro ostacolo accidentale;Rettilineo;Una carreggiata a senso unico di marcia;Asciutto;Asfaltata;Orizzontale;Sereno;Normale;Buona;Ore Diurne;1;0;0;4;12.5034;41.8754;-1;2;Autovettura privata;In marcia / fermata / arresto;Passeggero;F;Illeso;0;;Utilizzato;Inesploso
4235418;9;19/02/2019 13:15:00;Strada Urbana;VIA CAMERIA;in prossimità;;del civico n.;3;;Veicolo in marcia contro ostacolo accidentale;Rettilineo;Una carreggiata a senso unico di marcia;Asciutto;Asfaltata;Orizzontale;Sereno;Normale;Buona;Ore Diurne;1;0;0;4;12.5034;41.8754;-1;3;Motociclo a solo;In marcia / fermata / arresto;Conducente;M;Rimandato;0;NON DECEDUTO;Non accertato;
4235480;12;19/02/2019 12:00:00;Strada Urbana;VIALE CAMILLO SABATINI;da specificare;;;;ALTEZZA PIAZZA VANNETTI DONNINI;Investimento di pedone;Rettilineo;Due carreggiate;Asciutto;Asfaltata;Verticale;Sereno;Normale;Buona;Ore Diurne;1;0;0;1;12.4406;41.8186;-1;;;;Pedone;M;Rimandato;0;NON DECEDUTO;;