Protocollo;Gruppo;DataOraIncidente;Localizzazione1;STRADA1;Localizzazione2;STRADA2;Strada02;Chilometrica;DaSpecificare;NaturaIncidente;particolaritastrade;TipoStrada;FondoStradale;Pavimentazione;Segnaletica;CondizioneAtmosferica;Traffico;Visibilita;Illuminazione;NUM_FERITI;NUM_RISERVATA;NUM_MORTI;NUM_ILLESI;Longitudine;Latitudine;Confermato;Progressivo;TipoVeicolo;StatoVeicolo;TipoPersona;Sesso;Tipolesione;Deceduto;DecedutoDopo;CinturaCascoUtilizzato;Airbag;
4243186;15;24/02/2019 04:30:00;Strada Urbana;VIA DELLA MAGLIANA;da specificare;;;;FRONTE CIV. 152;Veicolo in marcia contro ostacolo fisso;Rettilineo;Una carreggiata a doppio senso;Asciutto;Asfaltata;Verticale ed orizzontale;Sereno;Scarso;Buona;Sufficiente;1;0;0;1;12.4196;41.8317;-1;4;Autovettura privata;Sosta;;;;;;;
4243217;1;23/02/2019 17:00:00;Strada Urbana;PIAZZA DELLA BOCCA DELLA VERITA';all'intersezione con;VIA DELLA GRECA;VIA DELLA GRECA;;;Scontro laterale fra veicoli in marcia;Intersezione stradale segnalata;Una carreggiata a doppio senso;Asciutto;Asfaltata;Verticale ed orizzontale;Vento forte;Normale;Buona;Sufficiente;0;0;0;4;12.4815;41.8888;-1;1;Autovettura privata;In marcia / fermata / arresto;Conducente;F;Illeso;0;;Non accertato;Inesploso
4243217;1;23/02/2019 17:00:00;Strada Urbana;PIAZZA DELLA BOCCA DELLA VERITA';all'intersezione con;VIA DELLA GRECA;VIA DELLA GRECA;;;Scontro laterale fra veicoli in marcia;Intersezione stradale segnalata;Una carreggiata a doppio senso;Asciutto;Asfaltata;Verticale ed orizzontale;Vento forte;Normale;Buona;Sufficiente;0;0;0;4;12.4815;41.8888;-1;1;Autovettura privata;In marcia / fermata / arresto;Passeggero;M;Illeso;0;;Non accertato;Inesploso
4243217;1;23/02/2019 17:00:00;Strada Urbana;PIAZZA DELLA BOCCA DELLA VERITA';all'intersezione con;VIA DELLA GRECA;VIA DELLA GRECA;;;Scontro laterale fra veicoli in marcia;Intersezione stradale segnalata;Una carreggiata a doppio senso;Asciutto;Asfaltata;Verticale ed orizzontale;Vento forte;Normale;Buona;Sufficiente;0;0;0;4;12.4815;41.8888;-1;2;Autovettura privata;In marcia / fermata / arresto;Conducente;M;Illeso;0;;Non accertato;Inesploso
4243217;1;23/02/2019 17:00:00;Strada Urbana;PIAZZA DELLA BOCCA DELLA VERITA';all'intersezione con;VIA DELLA GRECA;VIA DELLA GRECA;;;Scontro laterale fra veicoli in marcia;Intersezione stradale segnalata;Una carreggiata a doppio senso;Asciutto;Asfaltata;Verticale ed orizzontale;Vento forte;Normale;Buona;Sufficiente;0;0;0;4;12.4815;41.8888;-1;2;Autovettura privata;In marcia / fermata / arresto;Passeggero;M;Illeso;0;;Non accertato;Inesploso
4243225;6;24/02/2019 11:00:00;Strada Urbana;VIA DEL PIGNETO;da specificare;;;;F.C. 1;Scontro laterale fra veicoli in marcia;Rettilineo;Una carreggiata a senso unico di marcia;Asciutto;Asfaltata;Assente;Sereno;Scarso;Buona;Ore Diurne;0;0;0;3;12.5212;41.891;-1;1;Autovettura privata;In marcia / fermata / arresto;Conducente;M;Illeso;0;;Non accertato;Inesploso
4243225;6;24/02/2019 11:00:00;Strada Urbana;VIA DEL PIGNETO;da specificare;;;;F.C. 1;Scontro laterale fra veicoli in marcia;Rettilineo;Una carreggiata a senso unico di marcia;Asciutto;Asfaltata;Assente;Sereno;Scarso;Buona;Ore Diurne;0;0;0;3;12.5212;41.891;-1;1;Autovettura privata;In marcia / fermata / arresto;Passeggero;M;Illeso;0;;Non accertato;Inesploso
4243225;6;24/02/2019 11:00:00;Strada Urbana;VIA DEL PIGNETO;da specificare;;;;F.C. 1;Scontro laterale fra veicoli in marcia;Rettilineo;Una carreggiata a senso unico di marcia;Asciutto;Asfaltata;Assente;Sereno;Scarso;Buona;Ore Diurne;0;0;0;3;12.5212;41.891;-1;2;Autovettura privata;In marcia / fermata / arresto;Conducente;M;Illeso;0;;Non accertato;Inesploso
4243284;1;23/02/2019 11:20:00;Strada Urbana;LUNGOTEVERE RAFFAELLO SANZIO;in prossimità;;del palo luce n.;7;;Veicolo in marcia contro ostacolo accidentale;Curva a visuale libera;Una carreggiata a senso unico di marcia;Asciutto;Asfaltata;Verticale ed orizzontale;Sereno;Normale;Buona;Ore Diurne;0;0;0;1;12.4721;41.8908;-1;1;Autovettura privata;In marcia / fermata / arresto;Conducente;M;Illeso;0;;Non accertato;
4243306;1;24/02/2019 02:35:00;Strada Urbana;VIA GIOBERTI;all'intersezione con;VIA FARINI;VIA FARINI;;;Scontro laterale fra veicoli in marcia;Incrocio;Una carreggiata a senso unico di marcia;Asciutto;Asfaltata;Verticale ed orizzontale;Sereno;Scarso;Sufficiente;;0;0;0;1;;;0;1;Autovettura privata;In marcia / fermata / arresto;Conducente;M;Illeso;0;;Non accertato;
4243329;1;24/02/2019 02:35:00;Strada Urbana;VIA GIOBERTI;all'intersezione semaforizzata con;VIA FARINI;VIA FARINI;;;Scontro frontale/laterale SX fra veicoli in marcia;Incrocio;Una carreggiata a senso unico di marcia;Asciutto;Asfaltata;Verticale ed orizzontale;Sereno;Scarso;Buona;Ore Diurne;2;0;0;0;12.4999;41.8981;-1;1;Autovettura privata;In marcia / fermata / arresto;Conducente;M;Rimandato;0;NON DECEDUTO;Non accertato;
4243329;1;24/02/2019 02:35:00;Strada Urbana;VIA GIOBERTI;all'intersezione semaforizzata con;VIA FARINI;VIA FARINI;;;Scontro frontale/laterale SX fra veicoli in marcia;Incrocio;Una carreggiata a senso unico di marcia;Asciutto;Asfaltata;Verticale ed orizzontale;Sereno;Scarso;Buona;Ore Diurne;2;0;0;0;12.4999;41.8981;-1;2;Autovettura privata;In marcia / fermata / arresto;Conducente;M;Rifiuta cure immediate;0;NON DECEDUTO;Non accertato;Inesploso
4243330;20;22/02/2019 19:00:00;Strada Urbana;VIA DELLA CRESCENZA;da specificare;;;;prossimità via di Grottarossa;Fuoriuscita dalla sede stradale;Rettilineo;Una carreggiata a doppio senso;Asciutto;Asfaltata;Orizzontale;Sereno;Scarso;Insufficiente;Inesistente;1;0;0;0;12.4604;41.9726;-1;1;Autocarro inferiore 35 q.;In marcia / fermata / arresto;Conducente;M;Rimandato;0;NON DECEDUTO;Non accertato;
4243343;20;22/02/2019 16:20:00;Strada Urbana;VIA CASSIA;in prossimità;;del civico n.;478;;Scontro frontale/laterale SX fra veicoli in marcia;Rettilineo;Una carreggiata a doppio senso;Asciutto;Asfaltata;Assente;Sereno;Normale;Buona;Ore Diurne;0;0;0;5;12.4545;41.9579;-1;1;Autovettura privata;In marcia / fermata / arresto;Conducente;M;Illeso;0;;Utilizzato;Inesploso
4243343;20;22/02/2019 16:20:00;Strada Urbana;VIA CASSIA;in prossimità;;del civico n.;478;;Scontro frontale/laterale SX fra veicoli in marcia;Rettilineo;Una carreggiata a doppio senso;Asciutto;Asfaltata;Assente;Sereno;Normale;Buona;Ore Diurne;0;0;0;5;12.4545;41.9579;-1;1;Autovettura privata;In marcia / fermata / arresto;Passeggero;M;Illeso;0;;Utilizzato;Inesploso
4243343;20;22/02/2019 16:20:00;Strada Urbana;VIA CASSIA;in prossimità;;del civico n.;478;;Scontro frontale/laterale SX fra veicoli in marcia;Rettilineo;Una carreggiata a doppio senso;Asciutto;Asfaltata;Assente;Sereno;Normale;Buona;Ore Diurne;0;0;0;5;12.4545;41.9579;-1;1;Autovettura privata;In marcia / fermata / arresto;Passeggero;F;Illeso;0;;Utilizzato;Inesploso
4243343;20;22/02/2019 16:20:00;Strada Urbana;VIA CASSIA;in prossimità;;del civico n.;478;;Scontro frontale/laterale SX fra veicoli in marcia;Rettilineo;Una carreggiata a doppio senso;Asciutto;Asfaltata;Assente;Sereno;Normale;Buona;Ore Diurne;0;0;0;5;12.4545;41.9579;-1;2;Autovettura privata;In marcia / fermata / arresto;Conducente;M;Illeso;0;;Non accertato;Inesploso
4243361;20;23/02/2019 07:45:00;Strada Urbana;VIA DELLA GIUSTINIANA;in corrispondenza;;del civico n.;62b;;Investimento di pedone;Rettilineo;Una carreggiata a doppio senso;Asciutto;Asfaltata;Verticale ed orizzontale;Sereno;Normale;Buona;Ore Diurne;1;0;0;1;12.4866;42.002;-1;;;;Pedone;F;Rimandato;0;NON DECEDUTO;;
4243361;20;23/02/2019 07:45:00;Strada Urbana;VIA DELLA GIUSTINIANA;in corrispondenza;;del civico n.;62b;;Investimento di pedone;Rettilineo;Una carreggiata a doppio senso;Asciutto;Asfaltata;Verticale ed orizzontale;Sereno;Normale;Buona;Ore Diurne;1;0;0;1;12.4866;42.002;-1;1;Motociclo a solo;In marcia / fermata / arresto;Conducente;M;Illeso;0;;Non accertato;
4243361;20;23/02/2019 07:45:00;Strada Urbana;VIA DELLA GIUSTINIANA;in corrispondenza;;del civico n.;62b;;Investimento di pedone;Rettilineo;Una carreggiata a doppio senso;Asciutto;Asfaltata;Verticale ed orizzontale;Sereno;Normale;Buona;Ore Diurne;1;0;0;1;12.4866;42.002;-1;2;Autovettura privata;Sosta;;;;;;;
4243375;20;22/02/2019 08:30:00;Strada Urbana;CORSO DI FRANCIA;da specificare;;;;altezza VIA CIVITACASTELLANA;Scontro laterale fra veicoli in marcia;Rettilineo;Due carreggiate;Asciutto;Asfaltata;Verticale ed orizzontale;Sereno;Intenso;Buona;Ore Diurne;0;0;0;4;12.4717;41.9367;-1;1;Autovettura privata;In marcia / fermata / arresto;Conducente;M;Illeso;0;;Non accertato;Inesploso
4243375;20;22/02/2019 08:30:00;Strada Urbana;CORSO DI FRANCIA;da specificare;;;;altezza VIA CIVITACASTELLANA;Scontro laterale fra veicoli in marcia;Rettilineo;Due carreggiate;Asciutto;Asfaltata;Verticale ed orizzontale;Sereno;Intenso;Buona;Ore Diurne;0;0;0;4;12.4717;41.9367;-1;2;Autovettura privata;In marcia / fermata / arresto;Conducente;M;Illeso;0;;Non accertato;Inesploso
4243375;20;22/02/2019 08:30:00;Strada Urbana;CORSO DI FRANCIA;da specificare;;;;altezza VIA CIVITACASTELLANA;Scontro laterale fra veicoli in marcia;Rettilineo;Due carreggiate;Asciutto;Asfaltata;Verticale ed orizzontale;Sereno;Intenso;Buona;Ore Diurne;0;0;0;4;12.4717;41.9367;-1;2;Autovettura privata;In marcia / fermata / arresto;Passeggero;F;Illeso;0;;Non accertato;Inesploso
4243375;20;22/02/2019 08:30:00;Strada Urbana;CORSO DI FRANCIA;da specificare;;;;altezza VIA CIVITACASTELLANA;Scontro laterale fra veicoli in marcia;Rettilineo;Due carreggiate;Asciutto;Asfaltata;Verticale ed orizzontale;Sereno;Intenso;Buona;Ore Diurne;0;0;0;4;12.4717;41.9367;-1;2;Autovettura privata;In marcia / fermata / arresto;Passeggero;F;Illeso;0;;Non accertato;Inesploso
4243396;20;23/02/2019 10:20:00;Regionale;VIA CASSIA;da specificare;;;;in prossimità di via di Baccanello;Scontro laterale fra veicoli in marcia;Rettilineo;Una carreggiata a senso unico di marcia;Asciutto;Asfaltata;Verticale ed orizzontale;Sereno;Normale;Buona;Ore Diurne;0;0;0;3;12.4137;41.9828;-1;1;Autovettura privata;In marcia / fermata / arresto;Conducente;M;Illeso;0;;Non accertato;
4243396;20;23/02/2019 10:20:00;Regionale;VIA CASSIA;da specificare;;;;in prossimità di via di Baccanello;Scontro laterale fra veicoli in marcia;Rettilineo;Una carreggiata a senso unico di marcia;Asciutto;Asfaltata;Verticale ed orizzontale;Sereno;Normale;Buona;Ore Diurne;0;0;0;3;12.4137;41.9828;-1;1;Autovettura privata;In marcia / fermata / arresto;Passeggero;M;Illeso;0;;Non accertato;Inesploso
4243396;20;23/02/2019 10:20:00;Regionale;VIA CASSIA;da specificare;;;;in prossimità di via di Baccanello;Scontro laterale fra veicoli in marcia;Rettilineo;Una carreggiata a senso unico di marcia;Asciutto;Asfaltata;Verticale ed orizzontale;Sereno;Normale;Buona;Ore Diurne;0;0;0;3;12.4137;41.9828;-1;2;Autovettura privata;In marcia / fermata / arresto;Conducente;M;Illeso;0;;Non accertato;
4243415;20;22/02/2019 12:30:00;Strada Urbana;VIA DI VALLE MURICANA;in prossimità;;del civico n.;173;;Scontro laterale fra veicoli in marcia;Rettilineo;Una carreggiata a senso unico di marcia;Asciutto;Asfaltata;Verticale ed orizzontale;Sereno;Scarso;Buona;Ore Diurne;0;0;0;3;12.4781;42.0104;-1;1;Autovettura privata;In marcia / fermata / arresto;Conducente;F;Illeso;0;;Non accertato;Inesploso
4243415;20;22/02/2019 12:30:00;Strada Urbana;VIA DI VALLE MURICANA;in prossimità;;del civico n.;173;;Scontro laterale fra veicoli in marcia;Rettilineo;Una carreggiata a senso unico di marcia;Asciutto;Asfaltata;Verticale ed orizzontale;Sereno;Scarso;Buona;Ore Diurne;0;0;0;3;12.4781;42.0104;-1;1;Autovettura privata;In marcia / fermata / arresto;Passeggero;F;Illeso;0;;Non accertato;Inesploso
4243415;20;22/02/2019 12:30:00;Strada Urbana;VIA DI VALLE MURICANA;in prossimità;;del civico n.;173;;Scontro laterale fra veicoli in marcia;Rettilineo;Una carreggiata a senso unico di marcia;Asciutto;Asfaltata;Verticale ed orizzontale;Sereno;Scarso;Buona;Ore Diurne;0;0;0;3;12.4781;42.0104;-1;2;Autocarro inferiore 35 q.;In marcia / fermata / arresto;Conducente;M;Illeso;0;;Non accertato;Inesploso
4243433;20;23/02/2019 09:00:00;Strada Urbana;VIA CASSIA NUOVA;in prossimità;;del civico n.;66;;Veicolo in marcia contro ostacolo accidentale;Rettilineo;Una carreggiata a doppio senso;Asciutto;Asfaltata;Verticale ed orizzontale;Sereno;Normale;Buona;Ore Diurne;0;0;0;2;12.4682;41.9511;-1;1;Autovettura privata;In marcia / fermata / arresto;Conducente;M;Illeso;0;;Non accertato;
4243433;20;23/02/2019 09:00:00;Strada Urbana;VIA CASSIA NUOVA;in prossimità;;del civico n.;66;;Veicolo in marcia contro ostacolo accidentale;Rettilineo;Una carreggiata a doppio senso;Asciutto;Asfaltata;Verticale ed orizzontale;Sereno;Normale;Buona;Ore Diurne;0;0;0;2;12.4682;41.9511;-1;1;Autovettura privata;In marcia / fermata / arresto;Passeggero;F;Illeso;0;;Non accertato;Inesploso
4243439;20;22/02/2019 19:00:00;Strada Urbana;VIALE GEMONA DEL FRIULI;all'intersezione semaforizzata con;VIA MASTRO GABRIELLO;VIA MASTRO GABRIELLO;;;Scontro laterale fra veicoli in marcia;Intersezione stradale segnalata;Due carreggiate;Asciutto;Asfaltata;Orizzontale;Sereno;Scarso;Buona;Sufficiente;1;0;0;2;12.4853;41.9941;-1;1;Autovettura privata;In marcia / fermata / arresto;Conducente;M;Illeso;0;;Non accertato;Inesploso
4243439;20;22/02/2019 19:00:00;Strada Urbana;VIALE GEMONA DEL FRIULI;all'intersezione semaforizzata con;VIA MASTRO GABRIELLO;VIA MASTRO GABRIELLO;;;Scontro laterale fra veicoli in marcia;Intersezione stradale segnalata;Due carreggiate;Asciutto;Asfaltata;Orizzontale;Sereno;Scarso;Buona;Sufficiente;1;0;0;2;12.4853;41.9941;-1;2;Motociclo con passeggero;In marcia / fermata / arresto;Conducente;M;Rimandato;0;NON DECEDUTO;Non accertato;
4243439;20;22/02/2019 19:00:00;Strada Urbana;VIALE GEMONA DEL FRIULI;all'intersezione semaforizzata con;VIA MASTRO GABRIELLO;VIA MASTRO GABRIELLO;;;Scontro laterale fra veicoli in marcia;Intersezione stradale segnalata;Due carreggiate;Asciutto;Asfaltata;Orizzontale;Sereno;Scarso;Buona;Sufficiente;1;0;0;2;12.4853;41.9941;-1;2;Motociclo con passeggero;In marcia / fermata / arresto;Passeggero;F;Illeso;0;;Non accertato;
4243447;20;24/02/2019 04:50:00;Strada Urbana;VIA DEL FORO ITALICO;da specificare;;;;rampa uscita direzione viale di Tor di Quinto;Veicolo in marcia contro veicolo arresto;Rettilineo;Una carreggiata a senso unico di marcia;Asciutto;Asfaltata;Verticale ed orizzontale;Sereno;Scarso;Buona;Sufficiente;0;0;0;7;12.481;41.9405;-1;1;Autovettura privata;In marcia / fermata / arresto;Conducente;M;Illeso;0;;Non accertato;
4243447;20;24/02/2019 04:50:00;Strada Urbana;VIA DEL FORO ITALICO;da specificare;;;;rampa uscita direzione viale di Tor di Quinto;Veicolo in marcia contro veicolo arresto;Rettilineo;Una carreggiata a senso unico di marcia;Asciutto;Asfaltata;Verticale ed orizzontale;Sereno;Scarso;Buona;Sufficiente;0;0;0;7;12.481;41.9405;-1;1;Autovettura privata;In marcia / fermata / arresto;Passeggero;M;Illeso;0;;Non accertato;
4243447;20;24/02/2019 04:50:00;Strada Urbana;VIA DEL FORO ITALICO;da specificare;;;;rampa uscita direzione viale di Tor di Quinto;Veicolo in marcia contro veicolo arresto;Rettilineo;Una carreggiata a senso unico di marcia;Asciutto;Asfaltata;Verticale ed orizzontale;Sereno;Scarso;Buona;Sufficiente;0;0;0;7;12.481;41.9405;-1;1;Autovettura privata;In marcia / fermata / arresto;Passeggero;M;Illeso;0;;Non accertato;
4243447;20;24/02/2019 04:50:00;Strada Urbana;VIA DEL FORO ITALICO;da specificare;;;;rampa uscita direzione viale di Tor di Quinto;Veicolo in marcia contro veicolo arresto;Rettilineo;Una carreggiata a senso unico di marcia;Asciutto;Asfaltata;Verticale ed orizzontale;Sereno;Scarso;Buona;Sufficiente;0;0;0;7;12.481;41.9405;-1;2;Autovettura di polizia;In marcia / fermata / arresto;Conducente;F;Illeso;0;;Non accertato;
4243447;20;24/02/2019 04:50:00;Strada Urbana;VIA DEL FORO ITALICO;da specificare;;;;rampa uscita direzione viale di Tor di Quinto;Veicolo in marcia contro veicolo arresto;Rettilineo;Una carreggiata a senso unico di marcia;Asciutto;Asfaltata;Verticale ed orizzontale;Sereno;Scarso;Buona;Sufficiente;0;0;0;7;12.481;41.9405;-1;2;Autovettura di polizia;In marcia / fermata / arresto;Passeggero;M;Illeso;0;;Non accertato;
4243551;20;23/02/2019 09:00:00;Strada Urbana;VIA MADIGNANO;all'intersezione con;VIA GUIDIZZOLO;VIA GUIDIZZOLO;;;Scontro frontale/laterale SX fra veicoli in marcia;Intersezione non regolata/non segnalata;Una carreggiata a doppio senso;Asciutto;Asfaltata;Assente;Sereno;Scarso;Buona;Ore Diurne;0;0;0;2;12.4549;42.0257;-1;1;Autovettura privata;In marcia / fermata / arresto;Conducente;F;Illeso;0;;Non accertato;
4243551;20;23/02/2019 09:00:00;Strada Urbana;VIA MADIGNANO;all'intersezione con;VIA GUIDIZZOLO;VIA GUIDIZZOLO;;;Scontro frontale/laterale SX fra veicoli in marcia;Intersezione non regolata/non segnalata;Una carreggiata a doppio senso;Asciutto;Asfaltata;Assente;Sereno;Scarso;Buona;Ore Diurne;0;0;0;2;12.4549;42.0257;-1;2;Autovettura privata;In marcia / fermata / arresto;Conducente;F;Illeso;0;;Non accertato;
4243566;13;24/02/2019 15:30:00;Strada Urbana;VIALE DEI ROMAGNOLI;da specificare;;;;altezza Via Frà Andrea d Giovanni;Tamponamento;Rettilineo;Una carreggiata a doppio senso;Asciutto;Asfaltata;Verticale ed orizzontale;Sereno;Normale;Buona;Ore Diurne;0;0;0;6;12.3465;41.7782;-1;1;Autovettura privata;In marcia / fermata / arresto;Conducente;M;Illeso;0;;Non utilizzato;Inesploso
4243566;13;24/02/2019 15:30:00;Strada Urbana;VIALE DEI ROMAGNOLI;da specificare;;;;altezza Via Frà Andrea d Giovanni;Tamponamento;Rettilineo;Una carreggiata a doppio senso;Asciutto;Asfaltata;Verticale ed orizzontale;Sereno;Normale;Buona;Ore Diurne;0;0;0;6;12.3465;41.7782;-1;1;Autovettura privata;In marcia / fermata / arresto;Passeggero;F;Illeso;0;;Non accertato;Inesploso
4243566;13;24/02/2019 15:30:00;Strada Urbana;VIALE DEI ROMAGNOLI;da specificare;;;;altezza Via Frà Andrea d Giovanni;Tamponamento;Rettilineo;Una carreggiata a doppio senso;Asciutto;Asfaltata;Verticale ed orizzontale;Sereno;Normale;Buona;Ore Diurne;0;0;0;6;12.3465;41.7782;-1;1;Autovettura privata;In marcia / fermata / arresto;Passeggero;F;Illeso;0;;Non accertato;Inesploso
4243566;13;24/02/2019 15:30:00;Strada Urbana;VIALE DEI ROMAGNOLI;da specificare;;;;altezza Via Frà Andrea d Giovanni;Tamponamento;Rettilineo;Una carreggiata a doppio senso;Asciutto;Asfaltata;Verticale ed orizzontale;Sereno;Normale;Buona;Ore Diurne;0;0;0;6;12.3465;41.7782;-1;1;Autovettura privata;In marcia / fermata / arresto;Passeggero;F;Illeso;0;;Non accertato;Inesploso
4243566;13;24/02/2019 15:30:00;Strada Urbana;VIALE DEI ROMAGNOLI;da specificare;;;;altezza Via Frà Andrea d Giovanni;Tamponamento;Rettilineo;Una carreggiata a doppio senso;Asciutto;Asfaltata;Verticale ed orizzontale;Sereno;Normale;Buona;Ore Diurne;0;0;0;6;12.3465;41.7782;-1;2;Autovettura privata;In marcia / fermata / arresto;Conducente;F;Illeso;0;;Non accertato;
4243566;13;24/02/2019 15:30:00;Strada Urbana;VIALE DEI ROMAGNOLI;da specificare;;;;altezza Via Frà Andrea d Giovanni;Tamponamento;Rettilineo;Una carreggiata a doppio senso;Asciutto;Asfaltata;Verticale ed orizzontale;Sereno;Normale;Buona;Ore Diurne;0;0;0;6;12.3465;41.7782;-1;2;Autovettura privata;In marcia / fermata / arresto;Passeggero;F;Illeso;0;;Non accertato;Inesploso
4243656;20;22/02/2019 14:00:00;Provinciale;VIA FORMELLESE;all'intersezione con;VIADOTTO DELL'OLGIATA;VIADOTTO DELL'OLGIATA;;;Scontro frontale/laterale DX fra veicoli in marcia;Incrocio;Una carreggiata a doppio senso;Asciutto;Asfaltata;Orizzontale;Sereno;Normale;Buona;Ore Diurne;2;0;0;0;12.3784;42.0274;-1;1;Autovettura privata;In marcia / fermata / arresto;Conducente;M;Rimandato;0;NON DECEDUTO;;
4243656;20;22/02/2019 14:00:00;Provinciale;VIA FORMELLESE;all'intersezione con;VIADOTTO DELL'OLGIATA;VIADOTTO DELL'OLGIATA;;;Scontro frontale/laterale DX fra veicoli in marcia;Incrocio;Una carreggiata a doppio senso;Asciutto;Asfaltata;Orizzontale;Sereno;Normale;Buona;Ore Diurne;2;0;0;0;12.3784;42.0274;-1;2;Autovettura privata;In marcia / fermata / arresto;Conducente;M;Rimandato;0;NON DECEDUTO;Non accertato;Esploso
4243662;20;23/02/2019 05:05:00;Strada Urbana;GALLERIA GIOVANNI XXIII;in prossimità;;della chilometrica;2.5;;Veicolo in marcia contro ostacolo fisso;Curva a visuale libera;Una carreggiata a senso unico di marcia;Asciutto;Asfaltata;Verticale ed orizzontale;Sereno;Scarso;Sufficiente;Sufficiente;2;0;0;0;12.4411;41.9404;-1;1;Autovettura privata;In marcia / fermata / arresto;Conducente;F;Ricoverato;0;NON DECEDUTO;;
4243662;20;23/02/2019 05:05:00;Strada Urbana;GALLERIA GIOVANNI XXIII;in prossimità;;della chilometrica;2.5;;Veicolo in marcia contro ostacolo fisso;Curva a visuale libera;Una carreggiata a senso unico di marcia;Asciutto;Asfaltata;Verticale ed orizzontale;Sereno;Scarso;Sufficiente;Sufficiente;2;0;0;0;12.4411;41.9404;-1;1;Autovettura privata;In marcia / fermata / arresto;Passeggero;F;Rimandato;0;NON DECEDUTO;Non accertato;Esploso
4243665;20;22/02/2019 18:30:00;Strada Urbana;PIAZZA LAURO DE BOSIS;all'intersezione semaforizzata con;PONTE DUCA D'AOSTA;PONTE DUCA D'AOSTA;;;Tamponamento;Intersezione semaforizzata;Due carreggiate;Asciutto;Asfaltata;Verticale ed orizzontale;Sereno;Intenso;Buona;Sufficiente;0;0;0;2;12.4588;41.9319;-1;1;Autovettura privata;In marcia / fermata / arresto;Conducente;F;Illeso;0;;Non accertato;Inesploso
4243665;20;22/02/2019 18:30:00;Strada Urbana;PIAZZA LAURO DE BOSIS;all'intersezione semaforizzata con;PONTE DUCA D'AOSTA;PONTE DUCA D'AOSTA;;;Tamponamento;Intersezione semaforizzata;Due carreggiate;Asciutto;Asfaltata;Verticale ed orizzontale;Sereno;Intenso;Buona;Sufficiente;0;0;0;2;12.4588;41.9319;-1;2;Autovettura privata;In marcia / fermata / arresto;Conducente;F;Illeso;0;;Non accertato;Inesploso
4243673;20;22/02/2019 09:20:00;Statale entro l'abitato;VIA CASSIA;da specificare;;;;prossimità via Cappelletta della Giustiniana;Investimento di pedone;Rettilineo;Una carreggiata a doppio senso;Asciutto;Asfaltata;Verticale ed orizzontale;Sereno;Normale;Buona;Ore Diurne;2;0;0;0;12.4033;41.9866;-1;;;;Pedone;F;Ricoverato;0;NON DECEDUTO;;
4243673;20;22/02/2019 09:20:00;Statale entro l'abitato;VIA CASSIA;da specificare;;;;prossimità via Cappelletta della Giustiniana;Investimento di pedone;Rettilineo;Una carreggiata a doppio senso;Asciutto;Asfaltata;Verticale ed orizzontale;Sereno;Normale;Buona;Ore Diurne;2;0;0;0;12.4033;41.9866;-1;1;Motociclo a solo;In marcia / fermata / arresto;Conducente;M;Rimandato;0;NON DECEDUTO;Non accertato;
4243674;20;24/02/2019 17:00:00;Provinciale entro l'abitato;VIA DI VALLE MURICANA;all'intersezione con;VIA VERDELLO;VIA VERDELLO;;;Tamponamento;Incrocio;Una carreggiata a doppio senso;Asciutto;Asfaltata;Verticale ed orizzontale;Sereno;Normale;Buona;Ore Diurne;1;0;0;5;12.4709;42.0197;-1;1;Autopompa;In marcia / fermata / arresto;Conducente;M;Illeso;0;;Esente;Inesploso
4243674;20;24/02/2019 17:00:00;Provinciale entro l'abitato;VIA DI VALLE MURICANA;all'intersezione con;VIA VERDELLO;VIA VERDELLO;;;Tamponamento;Incrocio;Una carreggiata a doppio senso;Asciutto;Asfaltata;Verticale ed orizzontale;Sereno;Normale;Buona;Ore Diurne;1;0;0;5;12.4709;42.0197;-1;1;Autopompa;In marcia / fermata / arresto;Passeggero;M;Illeso;0;;Esente;Inesploso
4243674;20;24/02/2019 17:00:00;Provinciale entro l'abitato;VIA DI VALLE MURICANA;all'intersezione con;VIA VERDELLO;VIA VERDELLO;;;Tamponamento;Incrocio;Una carreggiata a doppio senso;Asciutto;Asfaltata;Verticale ed orizzontale;Sereno;Normale;Buona;Ore Diurne;1;0;0;5;12.4709;42.0197;-1;1;Autopompa;In marcia / fermata / arresto;Passeggero;M;Illeso;0;;Esente;Inesploso
4243674;20;24/02/2019 17:00:00;Provinciale entro l'abitato;VIA DI VALLE MURICANA;all'intersezione con;VIA VERDELLO;VIA VERDELLO;;;Tamponamento;Incrocio;Una carreggiata a doppio senso;Asciutto;Asfaltata;Verticale ed orizzontale;Sereno;Normale;Buona;Ore Diurne;1;0;0;5;12.4709;42.0197;-1;1;Autopompa;In marcia / fermata / arresto;Passeggero;M;Illeso;0;;Esente;Inesploso
4243674;20;24/02/2019 17:00:00;Provinciale entro l'abitato;VIA DI VALLE MURICANA;all'intersezione con;VIA VERDELLO;VIA VERDELLO;;;Tamponamento;Incrocio;Una carreggiata a doppio senso;Asciutto;Asfaltata;Verticale ed orizzontale;Sereno;Normale;Buona;Ore Diurne;1;0;0;5;12.4709;42.0197;-1;2;Autovettura privata;In marcia / fermata / arresto;Conducente;M;Rimandato;0;NON DECEDUTO;Non utilizzato;Inesploso