Protocollo;Gruppo;DataOraIncidente;Localizzazione1;STRADA1;Localizzazione2;STRADA2;Strada02;Chilometrica;DaSpecificare;NaturaIncidente;particolaritastrade;TipoStrada;FondoStradale;Pavimentazione;Segnaletica;CondizioneAtmosferica;Traffico;Visibilita;Illuminazione;NUM_FERITI;NUM_RISERVATA;NUM_MORTI;NUM_ILLESI;Longitudine;Latitudine;Confermato;Progressivo;TipoVeicolo;StatoVeicolo;TipoPersona;Sesso;Tipolesione;Deceduto;DecedutoDopo;CinturaCascoUtilizzato;Airbag;
4244182;19;25/02/2019 13:40:00;Strada Urbana;VIA GIOVANNI GAETANO BOTTARI;in prossimità;;del civico n.;16;;Scontro frontale/laterale SX fra veicoli in marcia;Rettilineo;Una carreggiata a doppio senso;Asciutto;Asfaltata;Assente;Sereno;Scarso;Buona;Ore Diurne;0;0;0;2;12.412;41.9602;-1;2;Autovettura privata;In marcia / fermata / arresto;Conducente;M;Illeso;0;;Non accertato;Inesploso
4244188;18;21/02/2019 14:45:00;Strada Urbana;VIA GELASIO II;in prossimità;;del civico n.;11;;Investimento di pedone;Rettilineo;Una carreggiata a senso unico di marcia;Asciutto;Asfaltata;Verticale ed orizzontale;Sereno;Normale;Buona;Ore Diurne;1;0;0;1;12.4197;41.9055;-1;;;;Pedone;M;Rimandato;0;NON DECEDUTO;;
4244188;18;21/02/2019 14:45:00;Strada Urbana;VIA GELASIO II;in prossimità;;del civico n.;11;;Investimento di pedone;Rettilineo;Una carreggiata a senso unico di marcia;Asciutto;Asfaltata;Verticale ed orizzontale;Sereno;Normale;Buona;Ore Diurne;1;0;0;1;12.4197;41.9055;-1;1;Autovettura privata;In marcia / fermata / arresto;Conducente;M;Illeso;0;;;
4244193;8;24/02/2019 07:40:00;Strada Urbana;VIA DEI TUCANI;da specificare;;;;intersezione Via C. Cataldo;Veicolo in marcia contro veicoli in sosta;Rettilineo;Una carreggiata a doppio senso;Asciutto;Asfaltata;Verticale ed orizzontale;Sereno;Scarso;Buona;Ore Diurne;0;0;0;1;12.5904;41.8685;-1;1;Autovettura privata;In marcia / fermata / arresto;Conducente;M;Illeso;0;;;
4244193;8;24/02/2019 07:40:00;Strada Urbana;VIA DEI TUCANI;da specificare;;;;intersezione Via C. Cataldo;Veicolo in marcia contro veicoli in sosta;Rettilineo;Una carreggiata a doppio senso;Asciutto;Asfaltata;Verticale ed orizzontale;Sereno;Scarso;Buona;Ore Diurne;0;0;0;1;12.5904;41.8685;-1;2;Autovettura privata;Sosta;;;;;;;
4244193;8;24/02/2019 07:40:00;Strada Urbana;VIA DEI TUCANI;da specificare;;;;intersezione Via C. Cataldo;Veicolo in marcia contro veicoli in sosta;Rettilineo;Una carreggiata a doppio senso;Asciutto;Asfaltata;Verticale ed orizzontale;Sereno;Scarso;Buona;Ore Diurne;0;0;0;1;12.5904;41.8685;-1;3;Autovettura privata;Sosta;;;;;;;
4244193;8;24/02/2019 07:40:00;Strada Urbana;VIA DEI TUCANI;da specificare;;;;intersezione Via C. Cataldo;Veicolo in marcia contro veicoli in sosta;Rettilineo;Una carreggiata a doppio senso;Asciutto;Asfaltata;Verticale ed orizzontale;Sereno;Scarso;Buona;Ore Diurne;0;0;0;1;12.5904;41.8685;-1;4;Autovettura privata;Sosta;;;;;;;
4244201;4;23/02/2019 09:45:00;Strada Urbana;VIALE TIRRENO;all'intersezione con;VIA MONTE PATULO;VIA MONTE PATULO;;;Veicolo in marcia contro veicolo in sosta;Intersezione non regolata/non segnalata;Due carreggiate;Asciutto;Asfaltata;Assente;Sereno;Normale;Buona;Ore Diurne;0;0;0;1;12.5293;41.9405;-1;1;Autovettura privata;In marcia / fermata / arresto;Conducente;M;Illeso;0;;Non accertato;Inesploso
4244201;4;23/02/2019 09:45:00;Strada Urbana;VIALE TIRRENO;all'intersezione con;VIA MONTE PATULO;VIA MONTE PATULO;;;Veicolo in marcia contro veicolo in sosta;Intersezione non regolata/non segnalata;Due carreggiate;Asciutto;Asfaltata;Assente;Sereno;Normale;Buona;Ore Diurne;0;0;0;1;12.5293;41.9405;-1;2;Autovettura privata;Sosta;;;;;;;
4244202;19;23/02/2019 01:35:00;Strada Urbana;GALLERIA GIOVANNI XXIII;in prossimità;;della chilometrica;5.2;;Scontro laterale fra veicoli in marcia;Rettilineo;Una carreggiata a senso unico di marcia;Asciutto;Asfaltata;Verticale ed orizzontale;Sereno;Scarso;Sufficiente;Sufficiente;0;0;0;7;12.4411;41.9404;-1;1;Motociclo a solo;Allontanatosi;;;;;;;
4244202;19;23/02/2019 01:35:00;Strada Urbana;GALLERIA GIOVANNI XXIII;in prossimità;;della chilometrica;5.2;;Scontro laterale fra veicoli in marcia;Rettilineo;Una carreggiata a senso unico di marcia;Asciutto;Asfaltata;Verticale ed orizzontale;Sereno;Scarso;Sufficiente;Sufficiente;0;0;0;7;12.4411;41.9404;-1;2;Autovettura privata;In marcia / fermata / arresto;Conducente;M;Illeso;0;;;
4244202;19;23/02/2019 01:35:00;Strada Urbana;GALLERIA GIOVANNI XXIII;in prossimità;;della chilometrica;5.2;;Scontro laterale fra veicoli in marcia;Rettilineo;Una carreggiata a senso unico di marcia;Asciutto;Asfaltata;Verticale ed orizzontale;Sereno;Scarso;Sufficiente;Sufficiente;0;0;0;7;12.4411;41.9404;-1;2;Autovettura privata;In marcia / fermata / arresto;Passeggero;M;Illeso;0;;;
4244202;19;23/02/2019 01:35:00;Strada Urbana;GALLERIA GIOVANNI XXIII;in prossimità;;della chilometrica;5.2;;Scontro laterale fra veicoli in marcia;Rettilineo;Una carreggiata a senso unico di marcia;Asciutto;Asfaltata;Verticale ed orizzontale;Sereno;Scarso;Sufficiente;Sufficiente;0;0;0;7;12.4411;41.9404;-1;2;Autovettura privata;In marcia / fermata / arresto;Passeggero;M;Illeso;0;;;
4244202;19;23/02/2019 01:35:00;Strada Urbana;GALLERIA GIOVANNI XXIII;in prossimità;;della chilometrica;5.2;;Scontro laterale fra veicoli in marcia;Rettilineo;Una carreggiata a senso unico di marcia;Asciutto;Asfaltata;Verticale ed orizzontale;Sereno;Scarso;Sufficiente;Sufficiente;0;0;0;7;12.4411;41.9404;-1;2;Autovettura privata;In marcia / fermata / arresto;Passeggero;F;Illeso;0;;;
4244202;19;23/02/2019 01:35:00;Strada Urbana;GALLERIA GIOVANNI XXIII;in prossimità;;della chilometrica;5.2;;Scontro laterale fra veicoli in marcia;Rettilineo;Una carreggiata a senso unico di marcia;Asciutto;Asfaltata;Verticale ed orizzontale;Sereno;Scarso;Sufficiente;Sufficiente;0;0;0;7;12.4411;41.9404;-1;3;Autovettura privata;In marcia / fermata / arresto;Conducente;M;Illeso;0;;;
4244202;19;23/02/2019 01:35:00;Strada Urbana;GALLERIA GIOVANNI XXIII;in prossimità;;della chilometrica;5.2;;Scontro laterale fra veicoli in marcia;Rettilineo;Una carreggiata a senso unico di marcia;Asciutto;Asfaltata;Verticale ed orizzontale;Sereno;Scarso;Sufficiente;Sufficiente;0;0;0;7;12.4411;41.9404;-1;3;Autovettura privata;In marcia / fermata / arresto;Passeggero;F;Illeso;0;;;
4244203;8;24/02/2019 06:50:00;Strada Urbana;VIA CASILINA;in prossimità;;del civico n.;1890;;Veicolo in marcia contro ostacolo fisso;Rettilineo;Una carreggiata a doppio senso;Asciutto;Asfaltata;Verticale ed orizzontale;Sereno;Normale;Buona;Ore Diurne;0;0;0;1;12.6908;41.8633;-1;1;Autovettura privata;In marcia / fermata / arresto;Conducente;M;Illeso;0;;Non accertato;
4244205;2;23/02/2019 15:30:00;Strada Urbana;VIA DELLA FONTE DELL'ACQUA ACETOSA;da specificare;;;;alt superm SMA dir. p. Parco della Rimembranza;Veicolo in marcia contro ostacolo accidentale;Rettilineo;Una carreggiata a doppio senso;Asciutto;Asfaltata;Verticale ed orizzontale;Vento forte;Normale;Buona;Ore Diurne;0;0;0;1;12.4836;41.9299;-1;1;Autovettura privata;In marcia / fermata / arresto;Conducente;M;Illeso;0;;;
4244208;1;24/02/2019 17:00:00;Strada Urbana;PIAZZA DI PORTA METRONIA;all'intersezione semaforizzata con;VIA DRUSO;VIA DRUSO;;;Tamponamento;Incrocio;Una carreggiata a doppio senso;Asciutto;Asfaltata;Verticale ed orizzontale;Sereno;Scarso;Buona;Sufficiente;0;0;0;3;12.4987;41.8824;-1;1;Autovettura privata;In marcia / fermata / arresto;Conducente;M;Illeso;0;;Non accertato;
4244208;1;24/02/2019 17:00:00;Strada Urbana;PIAZZA DI PORTA METRONIA;all'intersezione semaforizzata con;VIA DRUSO;VIA DRUSO;;;Tamponamento;Incrocio;Una carreggiata a doppio senso;Asciutto;Asfaltata;Verticale ed orizzontale;Sereno;Scarso;Buona;Sufficiente;0;0;0;3;12.4987;41.8824;-1;1;Autovettura privata;In marcia / fermata / arresto;Passeggero;M;Illeso;0;;Non accertato;
4244208;1;24/02/2019 17:00:00;Strada Urbana;PIAZZA DI PORTA METRONIA;all'intersezione semaforizzata con;VIA DRUSO;VIA DRUSO;;;Tamponamento;Incrocio;Una carreggiata a doppio senso;Asciutto;Asfaltata;Verticale ed orizzontale;Sereno;Scarso;Buona;Sufficiente;0;0;0;3;12.4987;41.8824;-1;2;Autovettura privata;In marcia / fermata / arresto;Conducente;F;Illeso;0;;Non accertato;
4244211;19;23/02/2019 21:40:00;Strada Urbana;VIA CASOREZZO;da specificare;;;;VIA GORGONZOLA;Tamponamento;Rettilineo;Una carreggiata a senso unico di marcia;Asciutto;Asfaltata;Verticale;Sereno;Scarso;Buona;Sufficiente;0;0;0;2;12.3829;41.9519;-1;1;Autovettura privata;In marcia / fermata / arresto;Conducente;M;Illeso;0;;;
4244211;19;23/02/2019 21:40:00;Strada Urbana;VIA CASOREZZO;da specificare;;;;VIA GORGONZOLA;Tamponamento;Rettilineo;Una carreggiata a senso unico di marcia;Asciutto;Asfaltata;Verticale;Sereno;Scarso;Buona;Sufficiente;0;0;0;2;12.3829;41.9519;-1;2;Autovettura privata;In marcia / fermata / arresto;Conducente;M;Illeso;0;;;
4244219;8;25/02/2019 05:10:00;Strada Urbana;VIA DEL TORRACCIO DI TORRENOVA;all'intersezione con;VIA DI TORRENOVA;VIA DI TORRENOVA;;;Scontro frontale/laterale SX fra veicoli in marcia;Incrocio;Una carreggiata a doppio senso;Asciutto;Asfaltata;Verticale ed orizzontale;Sereno;Normale;Buona;Sufficiente;0;0;0;2;12.6259;41.8684;-1;1;Autovettura privata;In marcia / fermata / arresto;Conducente;M;Illeso;0;;;
4244219;8;25/02/2019 05:10:00;Strada Urbana;VIA DEL TORRACCIO DI TORRENOVA;all'intersezione con;VIA DI TORRENOVA;VIA DI TORRENOVA;;;Scontro frontale/laterale SX fra veicoli in marcia;Incrocio;Una carreggiata a doppio senso;Asciutto;Asfaltata;Verticale ed orizzontale;Sereno;Normale;Buona;Sufficiente;0;0;0;2;12.6259;41.8684;-1;2;Autovettura privata;In marcia / fermata / arresto;Conducente;M;Illeso;0;;;
4244228;19;23/02/2019 13:30:00;Strada Urbana;GALLERIA GIOVANNI XXIII;da specificare;;;;KM 2,800 CIRCA;Scontro frontale/laterale DX fra veicoli in marcia;Galleria illuminata;Una carreggiata a senso unico di marcia;Asciutto;Asfaltata;Verticale ed orizzontale;Sereno;Normale;Buona;Ore Diurne;1;0;0;1;12.4411;41.9404;-1;1;Autovettura privata;In marcia / fermata / arresto;Conducente;F;Illeso;0;;Non accertato;Inesploso
4244228;19;23/02/2019 13:30:00;Strada Urbana;GALLERIA GIOVANNI XXIII;da specificare;;;;KM 2,800 CIRCA;Scontro frontale/laterale DX fra veicoli in marcia;Galleria illuminata;Una carreggiata a senso unico di marcia;Asciutto;Asfaltata;Verticale ed orizzontale;Sereno;Normale;Buona;Ore Diurne;1;0;0;1;12.4411;41.9404;-1;2;Motociclo a solo;In marcia / fermata / arresto;Conducente;F;Ricoverato;0;NON DECEDUTO;Non accertato;
4244229;8;23/02/2019 18:35:00;Strada Urbana;VIA DI PRATOLUNGO CASILINO;in prossimità;;del civico n.;44;;Scontro laterale fra veicoli in marcia;Rettilineo;Una carreggiata a doppio senso;Asciutto;Asfaltata;Assente;Sereno;Normale;Sufficiente;Sufficiente;1;0;0;6;12.6618;41.8891;-1;1;Autovettura privata;In marcia / fermata / arresto;Conducente;F;Illeso;0;;;
4244229;8;23/02/2019 18:35:00;Strada Urbana;VIA DI PRATOLUNGO CASILINO;in prossimità;;del civico n.;44;;Scontro laterale fra veicoli in marcia;Rettilineo;Una carreggiata a doppio senso;Asciutto;Asfaltata;Assente;Sereno;Normale;Sufficiente;Sufficiente;1;0;0;6;12.6618;41.8891;-1;2;Autovettura privata;In marcia / fermata / arresto;Conducente;M;Rifiuta cure immediate;0;NON DECEDUTO;Non accertato;Inesploso
4244229;8;23/02/2019 18:35:00;Strada Urbana;VIA DI PRATOLUNGO CASILINO;in prossimità;;del civico n.;44;;Scontro laterale fra veicoli in marcia;Rettilineo;Una carreggiata a doppio senso;Asciutto;Asfaltata;Assente;Sereno;Normale;Sufficiente;Sufficiente;1;0;0;6;12.6618;41.8891;-1;2;Autovettura privata;In marcia / fermata / arresto;Passeggero;M;Illeso;0;;;
4244229;8;23/02/2019 18:35:00;Strada Urbana;VIA DI PRATOLUNGO CASILINO;in prossimità;;del civico n.;44;;Scontro laterale fra veicoli in marcia;Rettilineo;Una carreggiata a doppio senso;Asciutto;Asfaltata;Assente;Sereno;Normale;Sufficiente;Sufficiente;1;0;0;6;12.6618;41.8891;-1;2;Autovettura privata;In marcia / fermata / arresto;Passeggero;M;Illeso;0;;Non accertato;
4244229;8;23/02/2019 18:35:00;Strada Urbana;VIA DI PRATOLUNGO CASILINO;in prossimità;;del civico n.;44;;Scontro laterale fra veicoli in marcia;Rettilineo;Una carreggiata a doppio senso;Asciutto;Asfaltata;Assente;Sereno;Normale;Sufficiente;Sufficiente;1;0;0;6;12.6618;41.8891;-1;2;Autovettura privata;In marcia / fermata / arresto;Passeggero;M;Illeso;0;;;
4244229;8;23/02/2019 18:35:00;Strada Urbana;VIA DI PRATOLUNGO CASILINO;in prossimità;;del civico n.;44;;Scontro laterale fra veicoli in marcia;Rettilineo;Una carreggiata a doppio senso;Asciutto;Asfaltata;Assente;Sereno;Normale;Sufficiente;Sufficiente;1;0;0;6;12.6618;41.8891;-1;2;Autovettura privata;In marcia / fermata / arresto;Passeggero;M;Illeso;0;;Non utilizzato;
4244229;8;23/02/2019 18:35:00;Strada Urbana;VIA DI PRATOLUNGO CASILINO;in prossimità;;del civico n.;44;;Scontro laterale fra veicoli in marcia;Rettilineo;Una carreggiata a doppio senso;Asciutto;Asfaltata;Assente;Sereno;Normale;Sufficiente;Sufficiente;1;0;0;6;12.6618;41.8891;-1;2;Autovettura privata;In marcia / fermata / arresto;Passeggero;M;Illeso;0;;;
4244232;8;23/02/2019 14:00:00;Strada Urbana;VIA BORORE;all'intersezione con;VIA GADONI;VIA GADONI;;;Scontro frontale/laterale DX fra veicoli in marcia;Incrocio;Una carreggiata a doppio senso;Asciutto;Asfaltata;Orizzontale;Sereno;Scarso;Buona;Ore Diurne;0;0;0;6;12.6749;41.8803;-1;1;Autovettura privata;In marcia / fermata / arresto;Conducente;M;Illeso;0;;Non accertato;Inesploso
4244232;8;23/02/2019 14:00:00;Strada Urbana;VIA BORORE;all'intersezione con;VIA GADONI;VIA GADONI;;;Scontro frontale/laterale DX fra veicoli in marcia;Incrocio;Una carreggiata a doppio senso;Asciutto;Asfaltata;Orizzontale;Sereno;Scarso;Buona;Ore Diurne;0;0;0;6;12.6749;41.8803;-1;1;Autovettura privata;In marcia / fermata / arresto;Passeggero;M;Illeso;0;;Non accertato;Inesploso
4244232;8;23/02/2019 14:00:00;Strada Urbana;VIA BORORE;all'intersezione con;VIA GADONI;VIA GADONI;;;Scontro frontale/laterale DX fra veicoli in marcia;Incrocio;Una carreggiata a doppio senso;Asciutto;Asfaltata;Orizzontale;Sereno;Scarso;Buona;Ore Diurne;0;0;0;6;12.6749;41.8803;-1;2;Autovettura privata;In marcia / fermata / arresto;Conducente;F;Illeso;0;;Non accertato;Inesploso
4244232;8;23/02/2019 14:00:00;Strada Urbana;VIA BORORE;all'intersezione con;VIA GADONI;VIA GADONI;;;Scontro frontale/laterale DX fra veicoli in marcia;Incrocio;Una carreggiata a doppio senso;Asciutto;Asfaltata;Orizzontale;Sereno;Scarso;Buona;Ore Diurne;0;0;0;6;12.6749;41.8803;-1;2;Autovettura privata;In marcia / fermata / arresto;Passeggero;F;Illeso;0;;;
4244232;8;23/02/2019 14:00:00;Strada Urbana;VIA BORORE;all'intersezione con;VIA GADONI;VIA GADONI;;;Scontro frontale/laterale DX fra veicoli in marcia;Incrocio;Una carreggiata a doppio senso;Asciutto;Asfaltata;Orizzontale;Sereno;Scarso;Buona;Ore Diurne;0;0;0;6;12.6749;41.8803;-1;2;Autovettura privata;In marcia / fermata / arresto;Passeggero;M;Illeso;0;;Non accertato;Inesploso
4244232;8;23/02/2019 14:00:00;Strada Urbana;VIA BORORE;all'intersezione con;VIA GADONI;VIA GADONI;;;Scontro frontale/laterale DX fra veicoli in marcia;Incrocio;Una carreggiata a doppio senso;Asciutto;Asfaltata;Orizzontale;Sereno;Scarso;Buona;Ore Diurne;0;0;0;6;12.6749;41.8803;-1;2;Autovettura privata;In marcia / fermata / arresto;Passeggero;F;Illeso;0;;;
4244233;7;23/02/2019 02:50:00;Strada Urbana;VIA BARTOLOMEO PLATINA;in corrispondenza;;del civico n.;27;;Veicolo in marcia contro veicoli in sosta;Curva a visuale libera;Una carreggiata a doppio senso;Asciutto;Asfaltata;Orizzontale;Sereno;Scarso;Buona;Sufficiente;0;0;0;2;12.5178;41.8688;-1;1;Autovettura privata;In marcia / fermata / arresto;Conducente;F;Illeso;0;;Non accertato;Inesploso
4244233;7;23/02/2019 02:50:00;Strada Urbana;VIA BARTOLOMEO PLATINA;in corrispondenza;;del civico n.;27;;Veicolo in marcia contro veicoli in sosta;Curva a visuale libera;Una carreggiata a doppio senso;Asciutto;Asfaltata;Orizzontale;Sereno;Scarso;Buona;Sufficiente;0;0;0;2;12.5178;41.8688;-1;2;Autovettura privata;Sosta;Passeggero;F;Illeso;0;;Non accertato;Inesploso
4244233;7;23/02/2019 02:50:00;Strada Urbana;VIA BARTOLOMEO PLATINA;in corrispondenza;;del civico n.;27;;Veicolo in marcia contro veicoli in sosta;Curva a visuale libera;Una carreggiata a doppio senso;Asciutto;Asfaltata;Orizzontale;Sereno;Scarso;Buona;Sufficiente;0;0;0;2;12.5178;41.8688;-1;3;Autovettura privata;Sosta;;;;;;;
4244236;10;24/02/2019 17:00:00;Strada Urbana;VIA DI TOR VERGATA;all'intersezione con;VIA GIOACCHINO VOLPE;VIA GIOACCHINO VOLPE;;;Scontro frontale/laterale SX fra veicoli in marcia;Intersezione stradale segnalata;Una carreggiata a doppio senso;Asciutto;Asfaltata;Verticale ed orizzontale;Sereno;Normale;Buona;Ore Diurne;1;0;0;1;12.6235;41.8386;-1;1;Autovettura privata;In marcia / fermata / arresto;Conducente;F;Illeso;0;;Non accertato;Inesploso
4244236;10;24/02/2019 17:00:00;Strada Urbana;VIA DI TOR VERGATA;all'intersezione con;VIA GIOACCHINO VOLPE;VIA GIOACCHINO VOLPE;;;Scontro frontale/laterale SX fra veicoli in marcia;Intersezione stradale segnalata;Una carreggiata a doppio senso;Asciutto;Asfaltata;Verticale ed orizzontale;Sereno;Normale;Buona;Ore Diurne;1;0;0;1;12.6235;41.8386;-1;2;Autovettura privata;In marcia / fermata / arresto;Conducente;F;Rimandato;0;NON DECEDUTO;Non accertato;Inesploso
4244238;5;22/02/2019 16:50:00;Strada Urbana;VIA FEDERIGO VERDINOIS;in prossimità;;del civico n.;24;;Veicolo in marcia contro veicolo in sosta;Rettilineo;Due carreggiate;Asciutto;Asfaltata;Verticale ed orizzontale;Sereno;Normale;Buona;Ore Diurne;0;0;0;3;12.5596;41.9053;-1;1;Autovettura privata;In marcia / fermata / arresto;Conducente;M;Illeso;0;;Non accertato;
4244238;5;22/02/2019 16:50:00;Strada Urbana;VIA FEDERIGO VERDINOIS;in prossimità;;del civico n.;24;;Veicolo in marcia contro veicolo in sosta;Rettilineo;Due carreggiate;Asciutto;Asfaltata;Verticale ed orizzontale;Sereno;Normale;Buona;Ore Diurne;0;0;0;3;12.5596;41.9053;-1;1;Autovettura privata;In marcia / fermata / arresto;Passeggero;M;Illeso;0;;Non accertato;
4244238;5;22/02/2019 16:50:00;Strada Urbana;VIA FEDERIGO VERDINOIS;in prossimità;;del civico n.;24;;Veicolo in marcia contro veicolo in sosta;Rettilineo;Due carreggiate;Asciutto;Asfaltata;Verticale ed orizzontale;Sereno;Normale;Buona;Ore Diurne;0;0;0;3;12.5596;41.9053;-1;1;Autovettura privata;In marcia / fermata / arresto;Passeggero;M;Illeso;0;;Non accertato;
4244238;5;22/02/2019 16:50:00;Strada Urbana;VIA FEDERIGO VERDINOIS;in prossimità;;del civico n.;24;;Veicolo in marcia contro veicolo in sosta;Rettilineo;Due carreggiate;Asciutto;Asfaltata;Verticale ed orizzontale;Sereno;Normale;Buona;Ore Diurne;0;0;0;3;12.5596;41.9053;-1;2;Autovettura privata;Sosta;;;;;;;
4244240;4;23/02/2019 10:40:00;Strada Urbana;VIA GIOVANNI CONTI;all'intersezione semaforizzata con;VIA ANTONIO DE CURTIS;VIA ANTONIO DE CURTIS;;;Scontro frontale/laterale SX fra veicoli in marcia;Intersezione semaforizzata;Due carreggiate;Asciutto;Asfaltata;Verticale ed orizzontale;Sereno;Normale;Buona;Ore Diurne;0;0;0;3;12.5316;41.9551;-1;1;Autovettura privata;In marcia / fermata / arresto;Conducente;M;Illeso;0;;Non accertato;
4244240;4;23/02/2019 10:40:00;Strada Urbana;VIA GIOVANNI CONTI;all'intersezione semaforizzata con;VIA ANTONIO DE CURTIS;VIA ANTONIO DE CURTIS;;;Scontro frontale/laterale SX fra veicoli in marcia;Intersezione semaforizzata;Due carreggiate;Asciutto;Asfaltata;Verticale ed orizzontale;Sereno;Normale;Buona;Ore Diurne;0;0;0;3;12.5316;41.9551;-1;2;Autovettura privata;In marcia / fermata / arresto;Conducente;M;Illeso;0;;Non accertato;
4244240;4;23/02/2019 10:40:00;Strada Urbana;VIA GIOVANNI CONTI;all'intersezione semaforizzata con;VIA ANTONIO DE CURTIS;VIA ANTONIO DE CURTIS;;;Scontro frontale/laterale SX fra veicoli in marcia;Intersezione semaforizzata;Due carreggiate;Asciutto;Asfaltata;Verticale ed orizzontale;Sereno;Normale;Buona;Ore Diurne;0;0;0;3;12.5316;41.9551;-1;2;Autovettura privata;In marcia / fermata / arresto;Passeggero;F;Illeso;0;;Non accertato;
4244245;2;22/02/2019 11:00:00;Strada Urbana;VIA CASPERIA;da specificare;;;;altezza Via Poggio Catino;Veicolo in marcia contro veicolo in sosta;Rettilineo;Una carreggiata a senso unico di marcia;Asciutto;Asfaltata;Verticale ed orizzontale;Sereno;Scarso;Buona;Ore Diurne;0;0;0;1;12.5141;41.9312;-1;1;Autovettura privata;Sosta;;;;;;;
4244245;2;22/02/2019 11:00:00;Strada Urbana;VIA CASPERIA;da specificare;;;;altezza Via Poggio Catino;Veicolo in marcia contro veicolo in sosta;Rettilineo;Una carreggiata a senso unico di marcia;Asciutto;Asfaltata;Verticale ed orizzontale;Sereno;Scarso;Buona;Ore Diurne;0;0;0;1;12.5141;41.9312;-1;2;Autocarro inferiore 35 q.;In marcia / fermata / arresto;Conducente;M;Illeso;0;;;
4244252;20;25/02/2019 07:10:00;Regionale entro l'abitato;VIA CASSIA;in prossimità;;del civico n.;744;;Scontro frontale/laterale SX fra veicoli in marcia;Rettilineo;Una carreggiata a doppio senso;Asciutto;Asfaltata;Orizzontale;Sereno;Normale;Buona;Ore Diurne;0;0;0;3;12.4434;41.9652;-1;1;Motociclo con passeggero;In marcia / fermata / arresto;Conducente;F;Illeso;0;;Non accertato;
4244252;20;25/02/2019 07:10:00;Regionale entro l'abitato;VIA CASSIA;in prossimità;;del civico n.;744;;Scontro frontale/laterale SX fra veicoli in marcia;Rettilineo;Una carreggiata a doppio senso;Asciutto;Asfaltata;Orizzontale;Sereno;Normale;Buona;Ore Diurne;0;0;0;3;12.4434;41.9652;-1;1;Motociclo con passeggero;In marcia / fermata / arresto;Passeggero;M;Illeso;0;;Non accertato;
4244252;20;25/02/2019 07:10:00;Regionale entro l'abitato;VIA CASSIA;in prossimità;;del civico n.;744;;Scontro frontale/laterale SX fra veicoli in marcia;Rettilineo;Una carreggiata a doppio senso;Asciutto;Asfaltata;Orizzontale;Sereno;Normale;Buona;Ore Diurne;0;0;0;3;12.4434;41.9652;-1;2;Autovettura privata;In marcia / fermata / arresto;Conducente;M;Illeso;0;;Non accertato;Inesploso
4244265;2;22/02/2019 15:55:00;Strada Urbana;VIA DEL FORO ITALICO;in prossimità;;del civico n.;435;;Scontro laterale fra veicoli in marcia;Rettilineo;Due carreggiate;Asciutto;Asfaltata;Verticale ed orizzontale;Sereno;Intenso;Buona;Ore Diurne;0;0;0;2;12.4883;41.9396;-1;1;Autovettura privata;In marcia / fermata / arresto;Conducente;F;Illeso;0;;Non accertato;Inesploso
4244265;2;22/02/2019 15:55:00;Strada Urbana;VIA DEL FORO ITALICO;in prossimità;;del civico n.;435;;Scontro laterale fra veicoli in marcia;Rettilineo;Due carreggiate;Asciutto;Asfaltata;Verticale ed orizzontale;Sereno;Intenso;Buona;Ore Diurne;0;0;0;2;12.4883;41.9396;-1;2;Autocarro inferiore 35 q.;In marcia / fermata / arresto;Conducente;M;Illeso;0;;Non accertato;Inesploso
4244267;4;23/02/2019 12:25:00;Strada Urbana;VIA UGO OJETTI;all'intersezione con;PIAZZA GIUSEPPE PRIMOLI;PIAZZA GIUSEPPE PRIMOLI;;;Scontro laterale fra veicoli in marcia;Incrocio;Due carreggiate;Asciutto;Asfaltata;Verticale ed orizzontale;Sereno;Normale;Buona;Ore Diurne;0;0;0;2;12.5546;41.947;-1;1;Autovettura privata;In marcia / fermata / arresto;Conducente;F;Illeso;0;;;
4244267;4;23/02/2019 12:25:00;Strada Urbana;VIA UGO OJETTI;all'intersezione con;PIAZZA GIUSEPPE PRIMOLI;PIAZZA GIUSEPPE PRIMOLI;;;Scontro laterale fra veicoli in marcia;Incrocio;Due carreggiate;Asciutto;Asfaltata;Verticale ed orizzontale;Sereno;Normale;Buona;Ore Diurne;0;0;0;2;12.5546;41.947;-1;2;Ciclomotore;In marcia / fermata / arresto;Conducente;M;Illeso;0;;Non accertato;
4244269;2;22/02/2019 17:00:00;Strada Urbana;VIA GIOVANNI ANTONELLI;in prossimità;;del civico n.;33;;Scontro frontale/laterale SX fra veicoli in marcia;Rettilineo;Una carreggiata a doppio senso;Asciutto;Asfaltata;Verticale ed orizzontale;Sereno;Intenso;Buona;Ore Diurne;1;0;0;1;12.4852;41.9234;-1;1;Autovettura privata;In marcia / fermata / arresto;Conducente;M;Illeso;0;;Non utilizzato;Inesploso
4244269;2;22/02/2019 17:00:00;Strada Urbana;VIA GIOVANNI ANTONELLI;in prossimità;;del civico n.;33;;Scontro frontale/laterale SX fra veicoli in marcia;Rettilineo;Una carreggiata a doppio senso;Asciutto;Asfaltata;Verticale ed orizzontale;Sereno;Intenso;Buona;Ore Diurne;1;0;0;1;12.4852;41.9234;-1;2;Motociclo a solo;In marcia / fermata / arresto;Conducente;M;Rimandato;0;NON DECEDUTO;;