Protocollo;Gruppo;DataOraIncidente;Localizzazione1;STRADA1;Localizzazione2;STRADA2;Strada02;Chilometrica;DaSpecificare;NaturaIncidente;particolaritastrade;TipoStrada;FondoStradale;Pavimentazione;Segnaletica;CondizioneAtmosferica;Traffico;Visibilita;Illuminazione;NUM_FERITI;NUM_RISERVATA;NUM_MORTI;NUM_ILLESI;Longitudine;Latitudine;Confermato;Progressivo;TipoVeicolo;StatoVeicolo;TipoPersona;Sesso;Tipolesione;Deceduto;DecedutoDopo;CinturaCascoUtilizzato;Airbag;
4247393;19;26/02/2019 07:40:00;Strada Urbana;VIA DI TORREVECCHIA;all'intersezione con;VIA CASTELBIANCO;VIA CASTELBIANCO;;;Scontro frontale/laterale DX fra veicoli in marcia;Incrocio;Una carreggiata a doppio senso;Asciutto;Asfaltata;Verticale ed orizzontale;Sereno;Normale;Buona;Ore Diurne;2;0;0;1;12.4188;41.9305;-1;1;Quadriciclo leggero;In marcia / fermata / arresto;Conducente;M;Illeso;0;;Non accertato;
4247393;19;26/02/2019 07:40:00;Strada Urbana;VIA DI TORREVECCHIA;all'intersezione con;VIA CASTELBIANCO;VIA CASTELBIANCO;;;Scontro frontale/laterale DX fra veicoli in marcia;Incrocio;Una carreggiata a doppio senso;Asciutto;Asfaltata;Verticale ed orizzontale;Sereno;Normale;Buona;Ore Diurne;2;0;0;1;12.4188;41.9305;-1;2;Motociclo con passeggero;In marcia / fermata / arresto;Conducente;M;Rimandato;0;NON DECEDUTO;Non accertato;
4247393;19;26/02/2019 07:40:00;Strada Urbana;VIA DI TORREVECCHIA;all'intersezione con;VIA CASTELBIANCO;VIA CASTELBIANCO;;;Scontro frontale/laterale DX fra veicoli in marcia;Incrocio;Una carreggiata a doppio senso;Asciutto;Asfaltata;Verticale ed orizzontale;Sereno;Normale;Buona;Ore Diurne;2;0;0;1;12.4188;41.9305;-1;2;Motociclo con passeggero;In marcia / fermata / arresto;Passeggero;F;Rimandato;0;NON DECEDUTO;Non accertato;
4247421;13;26/02/2019 18:30:00;Strada Urbana;LUNGOMARE LUTAZIO CATULO;da specificare;;;;altezza Piazzale dell'Aquilone;Scontro laterale fra veicoli in marcia;Rettilineo;Due carreggiate;Asciutto;Asfaltata;Verticale ed orizzontale;Sereno;Normale;Buona;Sufficiente;0;0;0;2;12.3129;41.7164;-1;1;Autovettura privata;In marcia / fermata / arresto;Conducente;M;Illeso;0;;Non accertato;Inesploso
4247421;13;26/02/2019 18:30:00;Strada Urbana;LUNGOMARE LUTAZIO CATULO;da specificare;;;;altezza Piazzale dell'Aquilone;Scontro laterale fra veicoli in marcia;Rettilineo;Due carreggiate;Asciutto;Asfaltata;Verticale ed orizzontale;Sereno;Normale;Buona;Sufficiente;0;0;0;2;12.3129;41.7164;-1;2;Autovettura privata;In marcia / fermata / arresto;Conducente;M;Illeso;0;;Non accertato;Inesploso
4247433;1;23/02/2019 14:25:00;Strada Urbana;VIA GALVANI;in prossimità;;del civico n.;27a;;Veicolo in marcia contro ostacolo accidentale;Rettilineo;Una carreggiata a doppio senso;Asciutto;Asfaltata;Verticale ed orizzontale;Vento forte;Scarso;Buona;Sufficiente;0;0;0;1;12.4781;41.8784;-1;1;Autovettura privata;In marcia / fermata / arresto;Conducente;M;Illeso;0;;Non accertato;Inesploso
4247452;19;26/02/2019 09:15:00;Strada Urbana;VIA ANDERSEN;in corrispondenza;;del civico n.;F.C. 32;;Tamponamento;Rettilineo;Una carreggiata a doppio senso;Asciutto;Asfaltata;Verticale ed orizzontale;Sereno;Normale;Buona;Ore Diurne;1;0;0;3;12.4032;41.9241;-1;1;Autovettura privata;In marcia / fermata / arresto;Conducente;F;Illeso;0;;Non accertato;Inesploso
4247452;19;26/02/2019 09:15:00;Strada Urbana;VIA ANDERSEN;in corrispondenza;;del civico n.;F.C. 32;;Tamponamento;Rettilineo;Una carreggiata a doppio senso;Asciutto;Asfaltata;Verticale ed orizzontale;Sereno;Normale;Buona;Ore Diurne;1;0;0;3;12.4032;41.9241;-1;1;Autovettura privata;In marcia / fermata / arresto;Passeggero;M;Illeso;0;;Non accertato;Inesploso
4247452;19;26/02/2019 09:15:00;Strada Urbana;VIA ANDERSEN;in corrispondenza;;del civico n.;F.C. 32;;Tamponamento;Rettilineo;Una carreggiata a doppio senso;Asciutto;Asfaltata;Verticale ed orizzontale;Sereno;Normale;Buona;Ore Diurne;1;0;0;3;12.4032;41.9241;-1;1;Autovettura privata;In marcia / fermata / arresto;Passeggero;M;Illeso;0;;Non accertato;Inesploso
4247452;19;26/02/2019 09:15:00;Strada Urbana;VIA ANDERSEN;in corrispondenza;;del civico n.;F.C. 32;;Tamponamento;Rettilineo;Una carreggiata a doppio senso;Asciutto;Asfaltata;Verticale ed orizzontale;Sereno;Normale;Buona;Ore Diurne;1;0;0;3;12.4032;41.9241;-1;2;Autovettura privata;In marcia / fermata / arresto;Conducente;F;Rifiuta cure immediate;0;NON DECEDUTO;Non accertato;Inesploso
4247479;15;26/02/2019 11:00:00;Strada Urbana;VIA DELLA MAGLIANA;da specificare;;;;altezza Via di Valle Lupara;Scontro frontale/laterale SX fra veicoli in marcia;Rettilineo;Una carreggiata a doppio senso;Asciutto;Asfaltata;Verticale ed orizzontale;Sereno;Normale;Buona;Ore Diurne;2;0;0;0;12.4196;41.8317;-1;1;Autovettura privata;In marcia / fermata / arresto;Conducente;M;Rimandato;0;NON DECEDUTO;Non accertato;Esploso
4247479;15;26/02/2019 11:00:00;Strada Urbana;VIA DELLA MAGLIANA;da specificare;;;;altezza Via di Valle Lupara;Scontro frontale/laterale SX fra veicoli in marcia;Rettilineo;Una carreggiata a doppio senso;Asciutto;Asfaltata;Verticale ed orizzontale;Sereno;Normale;Buona;Ore Diurne;2;0;0;0;12.4196;41.8317;-1;2;Autocarro inferiore 35 q.;In marcia / fermata / arresto;Conducente;M;Rimandato;0;NON DECEDUTO;Non accertato;Inesploso
4247489;12;26/02/2019 16:50:00;Strada Urbana;VIALE DELL'UMANESIMO;in prossimità;;del civico n.;42;;Investimento di pedone;Pendenza;Una carreggiata a doppio senso;Asciutto;Asfaltata;Verticale ed orizzontale;Nuvoloso;Normale;Buona;Ore Diurne;1;0;0;2;12.4739;41.8222;-1;;;;Pedone;F;Ricoverato;0;NON DECEDUTO;;
4247489;12;26/02/2019 16:50:00;Strada Urbana;VIALE DELL'UMANESIMO;in prossimità;;del civico n.;42;;Investimento di pedone;Pendenza;Una carreggiata a doppio senso;Asciutto;Asfaltata;Verticale ed orizzontale;Nuvoloso;Normale;Buona;Ore Diurne;1;0;0;2;12.4739;41.8222;-1;1;Autovettura privata;In marcia / fermata / arresto;Conducente;M;Illeso;0;;Non accertato;Inesploso
4247489;12;26/02/2019 16:50:00;Strada Urbana;VIALE DELL'UMANESIMO;in prossimità;;del civico n.;42;;Investimento di pedone;Pendenza;Una carreggiata a doppio senso;Asciutto;Asfaltata;Verticale ed orizzontale;Nuvoloso;Normale;Buona;Ore Diurne;1;0;0;2;12.4739;41.8222;-1;1;Autovettura privata;In marcia / fermata / arresto;Passeggero;F;Illeso;0;;Non accertato;Inesploso
4247500;12;26/02/2019 13:10:00;Strada Urbana;VIA DELLE COSTELLAZIONI;in corrispondenza;;del civico n.;181;;Scontro laterale fra veicoli in marcia;Curva a visuale libera;Una carreggiata a doppio senso;Asciutto;Asfaltata;Verticale ed orizzontale;Nuvoloso;Normale;Buona;Ore Diurne;0;0;0;2;12.4499;41.8144;-1;1;Autovettura privata;In marcia / fermata / arresto;Conducente;F;Illeso;0;;Non accertato;Inesploso
4247500;12;26/02/2019 13:10:00;Strada Urbana;VIA DELLE COSTELLAZIONI;in corrispondenza;;del civico n.;181;;Scontro laterale fra veicoli in marcia;Curva a visuale libera;Una carreggiata a doppio senso;Asciutto;Asfaltata;Verticale ed orizzontale;Nuvoloso;Normale;Buona;Ore Diurne;0;0;0;2;12.4499;41.8144;-1;2;Autovettura privata;In marcia / fermata / arresto;Conducente;M;Illeso;0;;Non accertato;Inesploso
4247505;15;26/02/2019 09:10:00;Strada Urbana;VIA DELLA MAGLIANA;in prossimità;;del civico n.;400;;Scontro laterale fra veicoli in marcia;Rettilineo;Una carreggiata a doppio senso;Asciutto;Asfaltata;Orizzontale;Nuvoloso;Normale;Buona;Ore Diurne;1;0;0;2;12.4474;41.8349;-1;1;Autovettura privata;In marcia / fermata / arresto;Conducente;M;Illeso;0;;Utilizzato;
4247505;15;26/02/2019 09:10:00;Strada Urbana;VIA DELLA MAGLIANA;in prossimità;;del civico n.;400;;Scontro laterale fra veicoli in marcia;Rettilineo;Una carreggiata a doppio senso;Asciutto;Asfaltata;Orizzontale;Nuvoloso;Normale;Buona;Ore Diurne;1;0;0;2;12.4474;41.8349;-1;2;Motociclo con passeggero;In marcia / fermata / arresto;Conducente;M;Illeso;0;;Utilizzato;
4247505;15;26/02/2019 09:10:00;Strada Urbana;VIA DELLA MAGLIANA;in prossimità;;del civico n.;400;;Scontro laterale fra veicoli in marcia;Rettilineo;Una carreggiata a doppio senso;Asciutto;Asfaltata;Orizzontale;Nuvoloso;Normale;Buona;Ore Diurne;1;0;0;2;12.4474;41.8349;-1;2;Motociclo con passeggero;In marcia / fermata / arresto;Passeggero;F;Ricoverato;0;NON DECEDUTO;Utilizzato;
4247530;15;26/02/2019 17:15:00;Strada Urbana;VIA CUTIGLIANO;all'intersezione con;VIA FAUGLIA;VIA FAUGLIA;;;Scontro laterale fra veicoli in marcia;Incrocio;Una carreggiata a doppio senso;Asciutto;Asfaltata;Verticale ed orizzontale;Sereno;Normale;Buona;Ore Diurne;0;0;0;2;12.4603;41.8488;-1;1;Autovettura privata;In marcia / fermata / arresto;Conducente;M;Illeso;0;;Non accertato;Inesploso
4247530;15;26/02/2019 17:15:00;Strada Urbana;VIA CUTIGLIANO;all'intersezione con;VIA FAUGLIA;VIA FAUGLIA;;;Scontro laterale fra veicoli in marcia;Incrocio;Una carreggiata a doppio senso;Asciutto;Asfaltata;Verticale ed orizzontale;Sereno;Normale;Buona;Ore Diurne;0;0;0;2;12.4603;41.8488;-1;2;Autovettura privata;In marcia / fermata / arresto;Conducente;F;Illeso;0;;Non accertato;Inesploso
4247668;9;26/02/2019 11:50:00;;VIA LA SPEZIA;in corrispondenza;;del civico n.;23;;Tamponamento;;;;;;;;;;0;0;0;2;12.5126;41.886;0;1;Autovettura privata;In marcia / fermata / arresto;Conducente;M;Illeso;0;;Non accertato;Inesploso
4247668;9;26/02/2019 11:50:00;;VIA LA SPEZIA;in corrispondenza;;del civico n.;23;;Tamponamento;;;;;;;;;;0;0;0;2;12.5126;41.886;0;2;Autocarro inferiore 35 q.;In marcia / fermata / arresto;Conducente;M;Illeso;0;;Non accertato;Inesploso
4247671;9;26/02/2019 18:50:00;Strada Urbana;PIAZZALE LABICANO;da specificare;;;;fronte VIA PRENESTINA direzione G.R.A.;Scontro laterale fra veicoli in marcia;Curva a visuale libera;Una carreggiata a doppio senso;Asciutto;Asfaltata;Verticale ed orizzontale;Sereno;Intenso;Sufficiente;Sufficiente;0;0;0;2;12.5153;41.8923;-1;1;Autovettura privata;In marcia / fermata / arresto;Conducente;M;Illeso;0;;Non accertato;Inesploso
4247671;9;26/02/2019 18:50:00;Strada Urbana;PIAZZALE LABICANO;da specificare;;;;fronte VIA PRENESTINA direzione G.R.A.;Scontro laterale fra veicoli in marcia;Curva a visuale libera;Una carreggiata a doppio senso;Asciutto;Asfaltata;Verticale ed orizzontale;Sereno;Intenso;Sufficiente;Sufficiente;0;0;0;2;12.5153;41.8923;-1;2;Motociclo a solo;In marcia / fermata / arresto;Conducente;M;Illeso;0;;Non accertato;
4247829;9;26/02/2019 19:25:00;Strada Urbana;VIA APPIA NUOVA;da specificare;;;;fronte CIVICO 651;Investimento di pedone;Rettilineo;Due carreggiate;Asciutto;Asfaltata;Verticale ed orizzontale;Sereno;Scarso;Insufficiente;Insufficiente;2;0;0;3;12.5307;41.8667;-1;;;;Pedone;F;Rimandato;0;NON DECEDUTO;;
4247829;9;26/02/2019 19:25:00;Strada Urbana;VIA APPIA NUOVA;da specificare;;;;fronte CIVICO 651;Investimento di pedone;Rettilineo;Due carreggiate;Asciutto;Asfaltata;Verticale ed orizzontale;Sereno;Scarso;Insufficiente;Insufficiente;2;0;0;3;12.5307;41.8667;-1;;;;Pedone;M;Rimandato;0;NON DECEDUTO;;
4247829;9;26/02/2019 19:25:00;Strada Urbana;VIA APPIA NUOVA;da specificare;;;;fronte CIVICO 651;Investimento di pedone;Rettilineo;Due carreggiate;Asciutto;Asfaltata;Verticale ed orizzontale;Sereno;Scarso;Insufficiente;Insufficiente;2;0;0;3;12.5307;41.8667;-1;1;Autovettura privata;In marcia / fermata / arresto;Conducente;M;Illeso;0;;Non accertato;Inesploso
4247829;9;26/02/2019 19:25:00;Strada Urbana;VIA APPIA NUOVA;da specificare;;;;fronte CIVICO 651;Investimento di pedone;Rettilineo;Due carreggiate;Asciutto;Asfaltata;Verticale ed orizzontale;Sereno;Scarso;Insufficiente;Insufficiente;2;0;0;3;12.5307;41.8667;-1;1;Autovettura privata;In marcia / fermata / arresto;Passeggero;F;Illeso;0;;Non accertato;Inesploso
4247829;9;26/02/2019 19:25:00;Strada Urbana;VIA APPIA NUOVA;da specificare;;;;fronte CIVICO 651;Investimento di pedone;Rettilineo;Due carreggiate;Asciutto;Asfaltata;Verticale ed orizzontale;Sereno;Scarso;Insufficiente;Insufficiente;2;0;0;3;12.5307;41.8667;-1;1;Autovettura privata;In marcia / fermata / arresto;Passeggero;M;Illeso;0;;Non accertato;Inesploso
4247838;11;26/02/2019 16:20:00;Strada Urbana;CIRCONVALLAZIONE OSTIENSE;in prossimità;;del civico n.;253;;Veicolo in marcia contro ostacolo fisso;Rettilineo;Due carreggiate;Asciutto;Asfaltata;Assente;Nuvoloso;Normale;Buona;Ore Diurne;0;0;0;2;12.4916;41.8674;-1;1;Autovettura privata;In marcia / fermata / arresto;Conducente;F;Illeso;0;;Non accertato;Inesploso
4247838;11;26/02/2019 16:20:00;Strada Urbana;CIRCONVALLAZIONE OSTIENSE;in prossimità;;del civico n.;253;;Veicolo in marcia contro ostacolo fisso;Rettilineo;Due carreggiate;Asciutto;Asfaltata;Assente;Nuvoloso;Normale;Buona;Ore Diurne;0;0;0;2;12.4916;41.8674;-1;1;Autovettura privata;In marcia / fermata / arresto;Passeggero;F;Illeso;0;;;
4247838;11;26/02/2019 16:20:00;Strada Urbana;CIRCONVALLAZIONE OSTIENSE;in prossimità;;del civico n.;253;;Veicolo in marcia contro ostacolo fisso;Rettilineo;Due carreggiate;Asciutto;Asfaltata;Assente;Nuvoloso;Normale;Buona;Ore Diurne;0;0;0;2;12.4916;41.8674;-1;2;Autovettura privata;Sosta;;;;;;;
4247844;11;26/02/2019 22:30:00;Strada Urbana;VIA LAURENTINA;in prossimità;;del civico n.;84;;Scontro frontale/laterale SX fra veicoli in marcia;Rettilineo;Due carreggiate;Asciutto;Asfaltata;Orizzontale;Sereno;Scarso;Buona;Sufficiente;1;0;0;1;12.4795;41.8451;-1;1;Motociclo a solo;In marcia / fermata / arresto;Conducente;M;Rimandato;0;NON DECEDUTO;;
4247844;11;26/02/2019 22:30:00;Strada Urbana;VIA LAURENTINA;in prossimità;;del civico n.;84;;Scontro frontale/laterale SX fra veicoli in marcia;Rettilineo;Due carreggiate;Asciutto;Asfaltata;Orizzontale;Sereno;Scarso;Buona;Sufficiente;1;0;0;1;12.4795;41.8451;-1;2;Autovettura privata;In marcia / fermata / arresto;Conducente;F;Illeso;0;;;
4247845;11;26/02/2019 11:45:00;Strada Urbana;VIA ARDEATINA;in prossimità;;del civico n.;800;;Scontro laterale fra veicoli in marcia;Rettilineo;Una carreggiata a senso unico di marcia;Asciutto;Asfaltata;Verticale ed orizzontale;Sereno;Normale;Buona;Ore Diurne;0;0;0;3;12.5295;41.809;-1;1;Autovettura privata;In marcia / fermata / arresto;Conducente;M;Illeso;0;;Non accertato;
4247845;11;26/02/2019 11:45:00;Strada Urbana;VIA ARDEATINA;in prossimità;;del civico n.;800;;Scontro laterale fra veicoli in marcia;Rettilineo;Una carreggiata a senso unico di marcia;Asciutto;Asfaltata;Verticale ed orizzontale;Sereno;Normale;Buona;Ore Diurne;0;0;0;3;12.5295;41.809;-1;1;Autovettura privata;In marcia / fermata / arresto;Passeggero;F;Illeso;0;;Non accertato;
4247845;11;26/02/2019 11:45:00;Strada Urbana;VIA ARDEATINA;in prossimità;;del civico n.;800;;Scontro laterale fra veicoli in marcia;Rettilineo;Una carreggiata a senso unico di marcia;Asciutto;Asfaltata;Verticale ed orizzontale;Sereno;Normale;Buona;Ore Diurne;0;0;0;3;12.5295;41.809;-1;2;Autovettura privata;In marcia / fermata / arresto;Conducente;M;Illeso;0;;Non accertato;
4247853;8;26/02/2019 14:40:00;Strada Urbana;VIA CASILINA;in prossimità;;del civico n.;1769;;Scontro frontale/laterale SX fra veicoli in marcia;Curva a visuale libera;Una carreggiata a doppio senso;Asciutto;Asfaltata;Assente;Sereno;Intenso;Buona;Ore Diurne;0;0;0;3;12.6708;41.8642;-1;1;Autovettura privata;In marcia / fermata / arresto;Conducente;M;Illeso;0;;;
4247853;8;26/02/2019 14:40:00;Strada Urbana;VIA CASILINA;in prossimità;;del civico n.;1769;;Scontro frontale/laterale SX fra veicoli in marcia;Curva a visuale libera;Una carreggiata a doppio senso;Asciutto;Asfaltata;Assente;Sereno;Intenso;Buona;Ore Diurne;0;0;0;3;12.6708;41.8642;-1;2;Autovettura privata;In marcia / fermata / arresto;Conducente;M;Illeso;0;;Non accertato;Inesploso
4247853;8;26/02/2019 14:40:00;Strada Urbana;VIA CASILINA;in prossimità;;del civico n.;1769;;Scontro frontale/laterale SX fra veicoli in marcia;Curva a visuale libera;Una carreggiata a doppio senso;Asciutto;Asfaltata;Assente;Sereno;Intenso;Buona;Ore Diurne;0;0;0;3;12.6708;41.8642;-1;2;Autovettura privata;In marcia / fermata / arresto;Passeggero;M;Illeso;0;;Non accertato;
4247855;8;26/02/2019 20:50:00;Strada Urbana;VIA TUSCOLANA;in prossimità;;del civico n.;295;;Investimento di pedone;Rettilineo;Una carreggiata a doppio senso;Asciutto;Asfaltata;Verticale ed orizzontale;Sereno;Scarso;Buona;Sufficiente;1;0;0;1;12.5268;41.8762;-1;;;;Pedone;F;Rimandato;0;NON DECEDUTO;;
4247855;8;26/02/2019 20:50:00;Strada Urbana;VIA TUSCOLANA;in prossimità;;del civico n.;295;;Investimento di pedone;Rettilineo;Una carreggiata a doppio senso;Asciutto;Asfaltata;Verticale ed orizzontale;Sereno;Scarso;Buona;Sufficiente;1;0;0;1;12.5268;41.8762;-1;1;Motociclo a solo;In marcia / fermata / arresto;Conducente;M;Illeso;0;;;
4247862;17;26/02/2019 16:40:00;Strada Urbana;PIAZZA MONTE GRAPPA;in prossimità;;del civico n.;5;;Scontro laterale fra veicoli in marcia;Rettilineo;Una carreggiata a senso unico di marcia;Asciutto;Asfaltata;Verticale ed orizzontale;Sereno;Normale;Sufficiente;Sufficiente;0;0;0;2;12.4694;41.919;0;1;Autovettura privata;In marcia / fermata / arresto;Conducente;F;Illeso;0;;;
4247862;17;26/02/2019 16:40:00;Strada Urbana;PIAZZA MONTE GRAPPA;in prossimità;;del civico n.;5;;Scontro laterale fra veicoli in marcia;Rettilineo;Una carreggiata a senso unico di marcia;Asciutto;Asfaltata;Verticale ed orizzontale;Sereno;Normale;Sufficiente;Sufficiente;0;0;0;2;12.4694;41.919;0;2;Autovettura privata;In marcia / fermata / arresto;Conducente;M;Illeso;0;;;
4247865;8;26/02/2019 17:30:00;Strada Urbana;VIA DI ROCCA CENCIA;all'intersezione con;VIA MANDANICI;VIA MANDANICI;;;Scontro frontale/laterale SX fra veicoli in marcia;Incrocio;Una carreggiata a doppio senso;Asciutto;Asfaltata;Verticale;Sereno;Intenso;Buona;Ore Diurne;0;0;0;2;12.6921;41.8763;-1;1;Autovettura privata;In marcia / fermata / arresto;Conducente;F;Illeso;0;;;
4247865;8;26/02/2019 17:30:00;Strada Urbana;VIA DI ROCCA CENCIA;all'intersezione con;VIA MANDANICI;VIA MANDANICI;;;Scontro frontale/laterale SX fra veicoli in marcia;Incrocio;Una carreggiata a doppio senso;Asciutto;Asfaltata;Verticale;Sereno;Intenso;Buona;Ore Diurne;0;0;0;2;12.6921;41.8763;-1;2;Autovettura privata;In marcia / fermata / arresto;Conducente;M;Illeso;0;;;
4247876;8;26/02/2019 08:00:00;Provinciale entro l'abitato;VIA POLENSE;in corrispondenza;;della chilometrica;25.7;;Scontro laterale fra veicoli in marcia;Rettilineo;Una carreggiata a doppio senso;Asciutto;Asfaltata;Verticale ed orizzontale;Sereno;Normale;Buona;Ore Diurne;1;0;0;1;12.7077;41.9017;-1;1;Autovettura privata;In marcia / fermata / arresto;Conducente;M;Rimandato;0;NON DECEDUTO;;
4247876;8;26/02/2019 08:00:00;Provinciale entro l'abitato;VIA POLENSE;in corrispondenza;;della chilometrica;25.7;;Scontro laterale fra veicoli in marcia;Rettilineo;Una carreggiata a doppio senso;Asciutto;Asfaltata;Verticale ed orizzontale;Sereno;Normale;Buona;Ore Diurne;1;0;0;1;12.7077;41.9017;-1;2;Autovettura privata;In marcia / fermata / arresto;Conducente;M;Illeso;0;;Non accertato;
4247882;20;26/02/2019 19:40:00;Strada Urbana;VIA FLAMINIA;all'intersezione con;VIA ANTONIO SERRA;VIA ANTONIO SERRA;;;Scontro frontale/laterale DX fra veicoli in marcia;Incrocio;Una carreggiata a doppio senso;Asciutto;Asfaltata;Verticale ed orizzontale;Nuvoloso;Normale;Sufficiente;Sufficiente;1;0;0;2;12.4718;41.9419;-1;1;Autovettura privata;In marcia / fermata / arresto;Conducente;F;Illeso;0;;;
4247882;20;26/02/2019 19:40:00;Strada Urbana;VIA FLAMINIA;all'intersezione con;VIA ANTONIO SERRA;VIA ANTONIO SERRA;;;Scontro frontale/laterale DX fra veicoli in marcia;Incrocio;Una carreggiata a doppio senso;Asciutto;Asfaltata;Verticale ed orizzontale;Nuvoloso;Normale;Sufficiente;Sufficiente;1;0;0;2;12.4718;41.9419;-1;1;Autovettura privata;In marcia / fermata / arresto;Passeggero;M;Illeso;0;;;
4247882;20;26/02/2019 19:40:00;Strada Urbana;VIA FLAMINIA;all'intersezione con;VIA ANTONIO SERRA;VIA ANTONIO SERRA;;;Scontro frontale/laterale DX fra veicoli in marcia;Incrocio;Una carreggiata a doppio senso;Asciutto;Asfaltata;Verticale ed orizzontale;Nuvoloso;Normale;Sufficiente;Sufficiente;1;0;0;2;12.4718;41.9419;-1;2;Motociclo a solo;In marcia / fermata / arresto;Conducente;M;Rimandato;0;NON DECEDUTO;Non accertato;
4247884;20;26/02/2019 14:55:00;Regionale entro l'abitato;VIA FLAMINIA;in prossimità;;del civico n.;861;;Scontro laterale fra veicoli in marcia;Curva senza visuale libera;Due carreggiate;Asciutto;Asfaltata;Orizzontale;Nuvoloso;Normale;Buona;Ore Diurne;0;0;0;2;12.483;41.9513;-1;1;Autovettura privata;In marcia / fermata / arresto;Conducente;M;Illeso;0;;Non accertato;Inesploso
4247884;20;26/02/2019 14:55:00;Regionale entro l'abitato;VIA FLAMINIA;in prossimità;;del civico n.;861;;Scontro laterale fra veicoli in marcia;Curva senza visuale libera;Due carreggiate;Asciutto;Asfaltata;Orizzontale;Nuvoloso;Normale;Buona;Ore Diurne;0;0;0;2;12.483;41.9513;-1;2;Autovettura privata;In marcia / fermata / arresto;Conducente;M;Illeso;0;;Non accertato;
4247891;8;27/02/2019 01:30:00;Strada Urbana;VIA DI TOR BELLA MONACA;da specificare;;;;prox Area Servizio REPSOL;Veicolo in marcia contro ostacolo fisso;Rettilineo;Due carreggiate;Asciutto;Asfaltata;Verticale ed orizzontale;Sereno;Scarso;Sufficiente;Sufficiente;1;0;0;0;12.6281;41.8764;-1;1;Autovettura privata;In marcia / fermata / arresto;Conducente;M;Rifiuta cure immediate;0;NON DECEDUTO;Non accertato;Inesploso
4247894;15;26/02/2019 16:00:00;Strada Urbana;VIALE ISACCO NEWTON;da specificare;;;;sottovia Vicolo Papa Leone dir.ne Colli Portuensi;Veicolo in marcia contro veicolo fermo;Rettilineo;Due carreggiate;Asciutto;Asfaltata;Verticale ed orizzontale;Nuvoloso;Normale;Buona;Ore Diurne;1;0;0;2;12.4427;41.8481;-1;1;Autovettura privata;In marcia / fermata / arresto;Conducente;F;Illeso;0;;Non accertato;Inesploso
4247894;15;26/02/2019 16:00:00;Strada Urbana;VIALE ISACCO NEWTON;da specificare;;;;sottovia Vicolo Papa Leone dir.ne Colli Portuensi;Veicolo in marcia contro veicolo fermo;Rettilineo;Due carreggiate;Asciutto;Asfaltata;Verticale ed orizzontale;Nuvoloso;Normale;Buona;Ore Diurne;1;0;0;2;12.4427;41.8481;-1;2;Autovettura privata;In marcia / fermata / arresto;Conducente;M;Rimandato;0;NON DECEDUTO;Non accertato;Inesploso
4247894;15;26/02/2019 16:00:00;Strada Urbana;VIALE ISACCO NEWTON;da specificare;;;;sottovia Vicolo Papa Leone dir.ne Colli Portuensi;Veicolo in marcia contro veicolo fermo;Rettilineo;Due carreggiate;Asciutto;Asfaltata;Verticale ed orizzontale;Nuvoloso;Normale;Buona;Ore Diurne;1;0;0;2;12.4427;41.8481;-1;2;Autovettura privata;In marcia / fermata / arresto;Passeggero;F;Illeso;0;;Non accertato;Inesploso
4247915;8;26/02/2019 16:40:00;Strada Urbana;VIA DEL TORRACCIO DI TORRENOVA;in prossimità;;del civico n.;153/A;;Investimento di pedone;Rettilineo;Una carreggiata a doppio senso;Asciutto;Strada pavimentata dissestata;Assente;Sereno;Normale;Buona;Ore Diurne;1;0;0;2;12.6224;41.8709;-1;;;;Pedone;M;Rimandato;0;NON DECEDUTO;;
4247915;8;26/02/2019 16:40:00;Strada Urbana;VIA DEL TORRACCIO DI TORRENOVA;in prossimità;;del civico n.;153/A;;Investimento di pedone;Rettilineo;Una carreggiata a doppio senso;Asciutto;Strada pavimentata dissestata;Assente;Sereno;Normale;Buona;Ore Diurne;1;0;0;2;12.6224;41.8709;-1;1;Autovettura privata;In marcia / fermata / arresto;Conducente;F;Illeso;0;;Non accertato;Inesploso
4247915;8;26/02/2019 16:40:00;Strada Urbana;VIA DEL TORRACCIO DI TORRENOVA;in prossimità;;del civico n.;153/A;;Investimento di pedone;Rettilineo;Una carreggiata a doppio senso;Asciutto;Strada pavimentata dissestata;Assente;Sereno;Normale;Buona;Ore Diurne;1;0;0;2;12.6224;41.8709;-1;1;Autovettura privata;In marcia / fermata / arresto;Passeggero;F;Illeso;0;;;
4247920;20;26/02/2019 13:00:00;Statale entro l'abitato;VIA CASSIA;da specificare;;;;prossimità rampa G.R.A. car. est.;Tamponamento Multiplo;Rettilineo;Una carreggiata a doppio senso;Asciutto;Asfaltata;Verticale ed orizzontale;Sereno;Normale;Buona;Ore Diurne;0;0;0;4;12.4137;41.9828;-1;1;Autovettura privata;In marcia / fermata / arresto;Conducente;F;Illeso;0;;Non accertato;Inesploso
4247920;20;26/02/2019 13:00:00;Statale entro l'abitato;VIA CASSIA;da specificare;;;;prossimità rampa G.R.A. car. est.;Tamponamento Multiplo;Rettilineo;Una carreggiata a doppio senso;Asciutto;Asfaltata;Verticale ed orizzontale;Sereno;Normale;Buona;Ore Diurne;0;0;0;4;12.4137;41.9828;-1;2;Autovettura privata;In marcia / fermata / arresto;Conducente;M;Illeso;0;;Non accertato;Inesploso